capture_id,subject_id,fold_id,y_true,label_true,y_pred_2d,label_pred_2d,is_correct_2d,conf_2d,y_pred_3d,label_pred_3d,is_correct_3d,conf_3d,paired_outcome
CAP000001,S001,0,0,upright,1,leaning_forward,False,0.5977047681808472,3,leaning_left,False,0.8737335801124573,both_wrong
CAP000002,S001,0,0,upright,1,leaning_forward,False,0.5965774655342102,3,leaning_left,False,0.8742870688438416,both_wrong
CAP000003,S001,0,0,upright,1,leaning_forward,False,0.4508732259273529,3,leaning_left,False,0.8797631859779358,both_wrong
CAP000004,S001,0,0,upright,1,leaning_forward,False,0.576269268989563,3,leaning_left,False,0.8975839614868164,both_wrong
CAP000005,S001,0,0,upright,1,leaning_forward,False,0.4322018325328827,3,leaning_left,False,0.8732870221138,both_wrong
CAP000006,S001,0,1,leaning_forward,5,slouching,False,0.3623424470424652,1,leaning_forward,True,0.4395517706871032,3d_only_correct
CAP000007,S001,0,1,leaning_forward,1,leaning_forward,True,0.4316268265247345,1,leaning_forward,True,0.4974856972694397,both_correct
CAP000008,S001,0,1,leaning_forward,1,leaning_forward,True,0.5870187878608704,1,leaning_forward,True,0.5344585180282593,both_correct
CAP000009,S001,0,1,leaning_forward,5,slouching,False,0.3925551474094391,1,leaning_forward,True,0.4581016898155212,3d_only_correct
CAP000010,S001,0,1,leaning_forward,1,leaning_forward,True,0.4132484197616577,1,leaning_forward,True,0.4509073793888092,both_correct
CAP000011,S001,0,0,upright,1,leaning_forward,False,0.4198739230632782,0,upright,True,0.6574358940124512,3d_only_correct
CAP000012,S001,0,0,upright,1,leaning_forward,False,0.4080382883548736,5,slouching,False,0.5307477712631226,both_wrong
CAP000013,S001,0,0,upright,0,upright,True,0.5475650429725647,0,upright,True,0.6982629895210266,both_correct
CAP000014,S001,0,0,upright,0,upright,True,0.5301375985145569,5,slouching,False,0.4723353087902069,2d_only_correct
CAP000015,S001,0,0,upright,0,upright,True,0.3802700638771057,0,upright,True,0.7908446788787842,both_correct
CAP000016,S001,0,1,leaning_forward,2,leaning_backward,False,0.768207848072052,5,slouching,False,0.6182541251182556,both_wrong
CAP000017,S001,0,1,leaning_forward,2,leaning_backward,False,0.7590358853340149,5,slouching,False,0.3352293372154236,both_wrong
CAP000018,S001,0,1,leaning_forward,2,leaning_backward,False,0.695690929889679,1,leaning_forward,True,0.5833170413970947,3d_only_correct
CAP000019,S001,0,1,leaning_forward,2,leaning_backward,False,0.7061629295349121,5,slouching,False,0.3476248979568481,both_wrong
CAP000020,S001,0,1,leaning_forward,2,leaning_backward,False,0.5356029272079468,1,leaning_forward,True,0.649109959602356,3d_only_correct
CAP000021,S001,0,2,leaning_backward,1,leaning_forward,False,0.3483046591281891,2,leaning_backward,True,0.7598952651023865,3d_only_correct
CAP000022,S001,0,2,leaning_backward,0,upright,False,0.3400265872478485,2,leaning_backward,True,0.7547021508216858,3d_only_correct
CAP000023,S001,0,2,leaning_backward,1,leaning_forward,False,0.37137570977211,2,leaning_backward,True,0.7357535362243652,3d_only_correct
CAP000024,S001,0,2,leaning_backward,1,leaning_forward,False,0.4769542217254638,2,leaning_backward,True,0.6881406307220459,3d_only_correct
CAP000025,S001,0,2,leaning_backward,2,leaning_backward,True,0.6765689849853516,2,leaning_backward,True,0.6818400621414185,both_correct
CAP000026,S001,0,3,leaning_left,3,leaning_left,True,0.9084764122962952,3,leaning_left,True,0.9029921293258668,both_correct
CAP000027,S001,0,3,leaning_left,3,leaning_left,True,0.9188998341560364,3,leaning_left,True,0.911963701248169,both_correct
CAP000028,S001,0,3,leaning_left,3,leaning_left,True,0.9024786949157716,3,leaning_left,True,0.9147922396659852,both_correct
CAP000029,S001,0,3,leaning_left,3,leaning_left,True,0.9188941717147828,3,leaning_left,True,0.9163450002670288,both_correct
CAP000030,S001,0,3,leaning_left,3,leaning_left,True,0.9064135551452636,3,leaning_left,True,0.9164031744003296,both_correct
CAP000031,S001,0,4,leaning_right,4,leaning_right,True,0.905121386051178,4,leaning_right,True,0.80354905128479,both_correct
CAP000032,S001,0,4,leaning_right,4,leaning_right,True,0.9012344479560852,4,leaning_right,True,0.7190386056900024,both_correct
CAP000033,S001,0,4,leaning_right,4,leaning_right,True,0.9009099006652832,4,leaning_right,True,0.8021230101585388,both_correct
CAP000036,S001,0,5,slouching,5,slouching,True,0.3894748985767364,1,leaning_forward,False,0.4759546220302582,2d_only_correct
CAP000037,S001,0,5,slouching,5,slouching,True,0.445508748292923,1,leaning_forward,False,0.3236288726329803,2d_only_correct
CAP000038,S001,0,5,slouching,5,slouching,True,0.4032995998859405,0,upright,False,0.3125293552875519,2d_only_correct
CAP000039,S001,0,5,slouching,2,leaning_backward,False,0.7457370758056641,1,leaning_forward,False,0.3827259540557861,both_wrong
CAP000040,S001,0,5,slouching,5,slouching,True,0.4373560547828674,1,leaning_forward,False,0.47928586602211,2d_only_correct
CAP000048,S002,1,0,upright,4,leaning_right,False,0.7767768502235413,0,upright,True,0.319822609424591,3d_only_correct
CAP000049,S002,1,0,upright,0,upright,True,0.3309388756752014,0,upright,True,0.4380821883678436,both_correct
CAP000050,S002,1,0,upright,4,leaning_right,False,0.8031846880912781,0,upright,True,0.3511553704738617,3d_only_correct
CAP000051,S002,1,0,upright,0,upright,True,0.3184944987297058,0,upright,True,0.4677026569843292,both_correct
CAP000052,S002,1,0,upright,0,upright,True,0.3575221002101898,0,upright,True,0.4233999848365783,both_correct
CAP000053,S002,1,1,leaning_forward,5,slouching,False,0.8999904990196228,5,slouching,False,0.2423896342515945,both_wrong
CAP000054,S002,1,1,leaning_forward,5,slouching,False,0.4407281577587127,0,upright,False,0.2350467592477798,both_wrong
CAP000055,S002,1,1,leaning_forward,5,slouching,False,0.678522527217865,1,leaning_forward,True,0.2340184897184372,3d_only_correct
CAP000056,S002,1,1,leaning_forward,5,slouching,False,0.6537730097770691,0,upright,False,0.2389780133962631,both_wrong
CAP000057,S002,1,1,leaning_forward,5,slouching,False,0.6626156568527222,0,upright,False,0.2390989810228347,both_wrong
CAP000058,S002,1,2,leaning_backward,2,leaning_backward,True,0.6820788979530334,2,leaning_backward,True,0.7851409912109375,both_correct
CAP000059,S002,1,2,leaning_backward,2,leaning_backward,True,0.7805904150009155,2,leaning_backward,True,0.5057472586631775,both_correct
CAP000060,S002,1,2,leaning_backward,2,leaning_backward,True,0.7706581950187683,2,leaning_backward,True,0.5509838461875916,both_correct
CAP000061,S002,1,2,leaning_backward,2,leaning_backward,True,0.7890052199363708,2,leaning_backward,True,0.5126021504402161,both_correct
CAP000062,S002,1,2,leaning_backward,2,leaning_backward,True,0.7091991901397705,2,leaning_backward,True,0.795983076095581,both_correct
CAP000063,S002,1,3,leaning_left,3,leaning_left,True,0.8382068276405334,1,leaning_forward,False,0.4854293763637543,2d_only_correct
CAP000064,S002,1,3,leaning_left,3,leaning_left,True,0.9246358275413512,1,leaning_forward,False,0.4964940249919891,2d_only_correct
CAP000065,S002,1,3,leaning_left,3,leaning_left,True,0.93803071975708,1,leaning_forward,False,0.4992297887802124,2d_only_correct
CAP000066,S002,1,3,leaning_left,3,leaning_left,True,0.9348058104515076,1,leaning_forward,False,0.4992297887802124,2d_only_correct
CAP000067,S002,1,3,leaning_left,3,leaning_left,True,0.9394047260284424,1,leaning_forward,False,0.5005245208740234,2d_only_correct
CAP000068,S002,1,4,leaning_right,4,leaning_right,True,0.9449967741966248,4,leaning_right,True,0.410618782043457,both_correct
CAP000069,S002,1,4,leaning_right,4,leaning_right,True,0.9431350231170654,4,leaning_right,True,0.4174807965755462,both_correct
CAP000070,S002,1,4,leaning_right,4,leaning_right,True,0.9445133209228516,4,leaning_right,True,0.2937267422676086,both_correct
CAP000071,S002,1,4,leaning_right,4,leaning_right,True,0.9449867010116576,2,leaning_backward,False,0.2478774487972259,2d_only_correct
CAP000072,S002,1,4,leaning_right,4,leaning_right,True,0.9419093728065492,4,leaning_right,True,0.2891238927841186,both_correct
CAP000073,S002,1,5,slouching,0,upright,False,0.5938966274261475,0,upright,False,0.2450138628482818,both_wrong
CAP000074,S002,1,5,slouching,0,upright,False,0.3066602945327759,1,leaning_forward,False,0.2450665384531021,both_wrong
CAP000075,S002,1,5,slouching,0,upright,False,0.3047190308570862,0,upright,False,0.2790849208831787,both_wrong
CAP000076,S002,1,5,slouching,0,upright,False,0.3130545020103454,1,leaning_forward,False,0.3108001053333282,both_wrong
CAP000077,S002,1,5,slouching,0,upright,False,0.3056932091712951,0,upright,False,0.249972403049469,both_wrong
CAP000083,S003,0,0,upright,2,leaning_backward,False,0.7931832075119019,0,upright,True,0.7766292691230774,3d_only_correct
CAP000084,S003,0,0,upright,2,leaning_backward,False,0.7802388668060303,0,upright,True,0.7894547581672668,3d_only_correct
CAP000085,S003,0,0,upright,2,leaning_backward,False,0.7922903895378113,0,upright,True,0.7779470086097717,3d_only_correct
CAP000086,S003,0,0,upright,2,leaning_backward,False,0.7802388668060303,0,upright,True,0.8220936059951782,3d_only_correct
CAP000087,S003,0,0,upright,2,leaning_backward,False,0.764702320098877,0,upright,True,0.7788943648338318,3d_only_correct
CAP000088,S003,0,1,leaning_forward,1,leaning_forward,True,0.3705740869045257,5,slouching,False,0.5090960264205933,2d_only_correct
CAP000089,S003,0,1,leaning_forward,5,slouching,False,0.5841276049613953,5,slouching,False,0.5002467036247253,both_wrong
CAP000090,S003,0,1,leaning_forward,1,leaning_forward,True,0.3511578142642975,5,slouching,False,0.5015310049057007,2d_only_correct
CAP000091,S003,0,1,leaning_forward,5,slouching,False,0.3366549909114837,5,slouching,False,0.5095136761665344,both_wrong
CAP000092,S003,0,1,leaning_forward,5,slouching,False,0.5423634052276611,5,slouching,False,0.4686635136604309,both_wrong
CAP000093,S003,0,2,leaning_backward,2,leaning_backward,True,0.7346199750900269,2,leaning_backward,True,0.6793663501739502,both_correct
CAP000094,S003,0,2,leaning_backward,2,leaning_backward,True,0.6678698062896729,2,leaning_backward,True,0.6969527006149292,both_correct
CAP000095,S003,0,2,leaning_backward,2,leaning_backward,True,0.5949872732162476,2,leaning_backward,True,0.6246154308319092,both_correct
CAP000096,S003,0,2,leaning_backward,2,leaning_backward,True,0.6562726497650146,2,leaning_backward,True,0.5634095072746277,both_correct
CAP000097,S003,0,2,leaning_backward,2,leaning_backward,True,0.6437800526618958,2,leaning_backward,True,0.5634751915931702,both_correct
CAP000098,S003,0,3,leaning_left,3,leaning_left,True,0.8528600931167603,5,slouching,False,0.3042829632759094,2d_only_correct
CAP000099,S003,0,3,leaning_left,3,leaning_left,True,0.8431777954101562,5,slouching,False,0.3008918464183807,2d_only_correct
CAP000100,S003,0,3,leaning_left,3,leaning_left,True,0.8486440777778625,5,slouching,False,0.3008918464183807,2d_only_correct
CAP000101,S003,0,3,leaning_left,3,leaning_left,True,0.8437091112136841,5,slouching,False,0.3025925159454345,2d_only_correct
CAP000102,S003,0,3,leaning_left,3,leaning_left,True,0.8437091112136841,5,slouching,False,0.3043080866336822,2d_only_correct
CAP000103,S003,0,4,leaning_right,4,leaning_right,True,0.8721027374267578,5,slouching,False,0.4213734865188598,2d_only_correct
CAP000104,S003,0,4,leaning_right,4,leaning_right,True,0.872439444065094,0,upright,False,0.324830949306488,2d_only_correct
CAP000105,S003,0,4,leaning_right,4,leaning_right,True,0.8727254271507263,0,upright,False,0.4126178622245788,2d_only_correct
CAP000106,S003,0,4,leaning_right,4,leaning_right,True,0.8722553849220276,0,upright,False,0.4155571162700653,2d_only_correct
CAP000107,S003,0,4,leaning_right,4,leaning_right,True,0.8717967867851257,5,slouching,False,0.3052338659763336,2d_only_correct
CAP000122,S004,2,0,upright,0,upright,True,0.9452125430107116,0,upright,True,0.3677060008049011,both_correct
CAP000123,S004,2,0,upright,0,upright,True,0.9502769708633424,0,upright,True,0.3677060008049011,both_correct
CAP000124,S004,2,0,upright,0,upright,True,0.945557177066803,0,upright,True,0.3677060008049011,both_correct
CAP000125,S004,2,0,upright,0,upright,True,0.9494028091430664,0,upright,True,0.3677060008049011,both_correct
CAP000126,S004,2,0,upright,0,upright,True,0.9401665925979614,0,upright,True,0.2703777253627777,both_correct
CAP000127,S004,2,1,leaning_forward,1,leaning_forward,True,0.9887625575065612,1,leaning_forward,True,0.7806366086006165,both_correct
CAP000128,S004,2,1,leaning_forward,1,leaning_forward,True,0.9891056418418884,1,leaning_forward,True,0.8764638900756836,both_correct
CAP000129,S004,2,1,leaning_forward,1,leaning_forward,True,0.99125999212265,1,leaning_forward,True,0.8764638900756836,both_correct
CAP000130,S004,2,1,leaning_forward,1,leaning_forward,True,0.989535391330719,1,leaning_forward,True,0.8764638900756836,both_correct
CAP000131,S004,2,1,leaning_forward,1,leaning_forward,True,0.9912301301956176,1,leaning_forward,True,0.7806366086006165,both_correct
CAP000132,S004,2,2,leaning_backward,2,leaning_backward,True,0.9789692163467408,3,leaning_left,False,0.2570651769638061,2d_only_correct
CAP000133,S004,2,2,leaning_backward,2,leaning_backward,True,0.9843299984931946,4,leaning_right,False,0.2453618943691253,2d_only_correct
CAP000134,S004,2,2,leaning_backward,2,leaning_backward,True,0.9680142402648926,4,leaning_right,False,0.2636317014694214,2d_only_correct
CAP000135,S004,2,2,leaning_backward,2,leaning_backward,True,0.9814175963401794,4,leaning_right,False,0.2453618943691253,2d_only_correct
CAP000136,S004,2,2,leaning_backward,2,leaning_backward,True,0.9791249632835388,4,leaning_right,False,0.2453618943691253,2d_only_correct
CAP000137,S004,2,3,leaning_left,3,leaning_left,True,0.9054295420646667,0,upright,False,0.4916305243968963,2d_only_correct
CAP000138,S004,2,3,leaning_left,3,leaning_left,True,0.9129806756973268,4,leaning_right,False,0.809600293636322,2d_only_correct
CAP000139,S004,2,3,leaning_left,3,leaning_left,True,0.9071857929229736,4,leaning_right,False,0.8607856035232544,2d_only_correct
CAP000140,S004,2,3,leaning_left,3,leaning_left,True,0.9211217761039734,4,leaning_right,False,0.8644580245018005,2d_only_correct
CAP000141,S004,2,3,leaning_left,3,leaning_left,True,0.9090534448623656,4,leaning_right,False,0.8168025016784668,2d_only_correct
CAP000142,S004,2,4,leaning_right,4,leaning_right,True,0.9722836017608644,4,leaning_right,True,0.8035235404968262,both_correct
CAP000143,S004,2,4,leaning_right,4,leaning_right,True,0.963011920452118,4,leaning_right,True,0.7932121753692627,both_correct
CAP000144,S004,2,4,leaning_right,4,leaning_right,True,0.970625102519989,4,leaning_right,True,0.8013184666633606,both_correct
CAP000145,S004,2,4,leaning_right,4,leaning_right,True,0.9728427529335022,4,leaning_right,True,0.7986652851104736,both_correct
CAP000146,S004,2,4,leaning_right,4,leaning_right,True,0.9710275530815125,4,leaning_right,True,0.8013184666633606,both_correct
CAP000147,S004,2,5,slouching,1,leaning_forward,False,0.9173430800437928,1,leaning_forward,False,0.5098608136177063,both_wrong
CAP000148,S004,2,5,slouching,0,upright,False,0.9491124749183656,1,leaning_forward,False,0.3244706690311432,both_wrong
CAP000149,S004,2,5,slouching,0,upright,False,0.7957285642623901,1,leaning_forward,False,0.391139954328537,both_wrong
CAP000150,S004,2,5,slouching,1,leaning_forward,False,0.3480426371097564,1,leaning_forward,False,0.8112340569496155,both_wrong
CAP000151,S004,2,5,slouching,0,upright,False,0.9075055122375488,1,leaning_forward,False,0.3215622901916504,both_wrong
CAP000157,S005,3,0,upright,5,slouching,False,0.5886075496673584,0,upright,True,0.7372581958770752,3d_only_correct
CAP000158,S005,3,0,upright,5,slouching,False,0.5468972325325012,0,upright,True,0.7578154802322388,3d_only_correct
CAP000159,S005,3,0,upright,0,upright,True,0.5120972394943237,0,upright,True,0.6015180945396423,both_correct
CAP000160,S005,3,0,upright,0,upright,True,0.5191768407821655,0,upright,True,0.6701833009719849,both_correct
CAP000161,S005,3,0,upright,0,upright,True,0.4941500425338745,0,upright,True,0.8480421900749207,both_correct
CAP000162,S005,3,1,leaning_forward,1,leaning_forward,True,0.5799371004104614,5,slouching,False,0.5641248822212219,2d_only_correct
CAP000163,S005,3,1,leaning_forward,5,slouching,False,0.5797450542449951,5,slouching,False,0.5211846828460693,both_wrong
CAP000164,S005,3,1,leaning_forward,5,slouching,False,0.5256500244140625,5,slouching,False,0.49796062707901,both_wrong
CAP000165,S005,3,1,leaning_forward,5,slouching,False,0.3682105839252472,1,leaning_forward,True,0.47047159075737,3d_only_correct
CAP000166,S005,3,1,leaning_forward,5,slouching,False,0.3696461915969848,5,slouching,False,0.4687066972255707,both_wrong
CAP000167,S005,3,2,leaning_backward,0,upright,False,0.504777193069458,0,upright,False,0.8330616354942322,both_wrong
CAP000168,S005,3,2,leaning_backward,0,upright,False,0.9370811581611632,3,leaning_left,False,0.5043376684188843,both_wrong
CAP000169,S005,3,2,leaning_backward,0,upright,False,0.7628598809242249,3,leaning_left,False,0.4979502856731415,both_wrong
CAP000170,S005,3,2,leaning_backward,0,upright,False,0.7686851620674133,3,leaning_left,False,0.5097623467445374,both_wrong
CAP000171,S005,3,2,leaning_backward,0,upright,False,0.8462473750114441,3,leaning_left,False,0.4708099961280823,both_wrong
CAP000172,S005,3,3,leaning_left,3,leaning_left,True,0.9720686078071594,3,leaning_left,True,0.9473305344581604,both_correct
CAP000173,S005,3,3,leaning_left,3,leaning_left,True,0.9749802350997924,3,leaning_left,True,0.9646525382995604,both_correct
CAP000174,S005,3,3,leaning_left,3,leaning_left,True,0.9749820232391356,3,leaning_left,True,0.9470949172973632,both_correct
CAP000175,S005,3,3,leaning_left,3,leaning_left,True,0.9713568687438964,3,leaning_left,True,0.9472593069076538,both_correct
CAP000176,S005,3,3,leaning_left,3,leaning_left,True,0.9704744219779968,3,leaning_left,True,0.96267968416214,both_correct
CAP000177,S005,3,4,leaning_right,4,leaning_right,True,0.9629576206207277,1,leaning_forward,False,0.5874007344245911,2d_only_correct
CAP000178,S005,3,4,leaning_right,4,leaning_right,True,0.9684366583824158,4,leaning_right,True,0.7522795796394348,both_correct
CAP000179,S005,3,4,leaning_right,4,leaning_right,True,0.9726477265357972,4,leaning_right,True,0.8145876526832581,both_correct
CAP000180,S005,3,4,leaning_right,4,leaning_right,True,0.9713624119758606,4,leaning_right,True,0.8398877382278442,both_correct
CAP000182,S005,3,5,slouching,5,slouching,True,0.6235384345054626,5,slouching,True,0.6262511610984802,both_correct
CAP000183,S005,3,5,slouching,5,slouching,True,0.72652667760849,5,slouching,True,0.6757439374923706,both_correct
CAP000184,S005,3,5,slouching,5,slouching,True,0.6879606246948242,5,slouching,True,0.5345847606658936,both_correct
CAP000185,S005,3,5,slouching,5,slouching,True,0.6975992321968079,5,slouching,True,0.4895185828208923,both_correct
CAP000186,S005,3,5,slouching,5,slouching,True,0.5752089619636536,1,leaning_forward,False,0.5792042016983032,2d_only_correct
CAP000193,S006,0,0,upright,0,upright,True,0.7625450491905212,2,leaning_backward,False,0.7631849646568298,2d_only_correct
CAP000194,S006,0,0,upright,0,upright,True,0.7082805633544922,2,leaning_backward,False,0.756747841835022,2d_only_correct
CAP000195,S006,0,0,upright,0,upright,True,0.692251443862915,2,leaning_backward,False,0.8381553292274475,2d_only_correct
CAP000196,S006,0,0,upright,0,upright,True,0.6959152817726135,2,leaning_backward,False,0.8228917717933655,2d_only_correct
CAP000197,S006,0,0,upright,0,upright,True,0.6891586780548096,2,leaning_backward,False,0.8591814041137695,2d_only_correct
CAP000198,S006,0,1,leaning_forward,1,leaning_forward,True,0.442331314086914,5,slouching,False,0.5653333067893982,2d_only_correct
CAP000199,S006,0,1,leaning_forward,5,slouching,False,0.5148769617080688,5,slouching,False,0.284093290567398,both_wrong
CAP000200,S006,0,1,leaning_forward,5,slouching,False,0.5305271148681641,5,slouching,False,0.2559235990047455,both_wrong
CAP000201,S006,0,1,leaning_forward,5,slouching,False,0.3080573678016662,5,slouching,False,0.3315224945545196,both_wrong
CAP000202,S006,0,1,leaning_forward,5,slouching,False,0.4347251057624817,1,leaning_forward,True,0.332523763179779,3d_only_correct
CAP000203,S006,0,2,leaning_backward,2,leaning_backward,True,0.8109786510467529,2,leaning_backward,True,0.8683891296386719,both_correct
CAP000204,S006,0,2,leaning_backward,2,leaning_backward,True,0.76474529504776,2,leaning_backward,True,0.9239228963851928,both_correct
CAP000205,S006,0,2,leaning_backward,2,leaning_backward,True,0.783545196056366,2,leaning_backward,True,0.9160274267196656,both_correct
CAP000206,S006,0,2,leaning_backward,2,leaning_backward,True,0.7838732600212097,2,leaning_backward,True,0.9260631799697876,both_correct
CAP000207,S006,0,2,leaning_backward,2,leaning_backward,True,0.7632884383201599,2,leaning_backward,True,0.9251247048377992,both_correct
CAP000208,S006,0,3,leaning_left,3,leaning_left,True,0.8320986032485962,3,leaning_left,True,0.8737601041793823,both_correct
CAP000209,S006,0,3,leaning_left,1,leaning_forward,False,0.4306541085243225,3,leaning_left,True,0.8716490268707275,3d_only_correct
CAP000210,S006,0,3,leaning_left,1,leaning_forward,False,0.3416332304477691,3,leaning_left,True,0.8601136207580566,3d_only_correct
CAP000211,S006,0,3,leaning_left,1,leaning_forward,False,0.448497474193573,3,leaning_left,True,0.8644620180130005,3d_only_correct
CAP000212,S006,0,3,leaning_left,1,leaning_forward,False,0.3659602403640747,3,leaning_left,True,0.6914753913879395,3d_only_correct
CAP000213,S006,0,4,leaning_right,4,leaning_right,True,0.899077296257019,4,leaning_right,True,0.8906444907188416,both_correct
CAP000214,S006,0,4,leaning_right,4,leaning_right,True,0.884441077709198,4,leaning_right,True,0.9092350602149964,both_correct
CAP000215,S006,0,4,leaning_right,4,leaning_right,True,0.8865290880203247,4,leaning_right,True,0.900105893611908,both_correct
CAP000216,S006,0,4,leaning_right,4,leaning_right,True,0.8942278027534485,4,leaning_right,True,0.9032711982727052,both_correct
CAP000217,S006,0,4,leaning_right,4,leaning_right,True,0.8946371078491211,4,leaning_right,True,0.8886572122573853,both_correct
CAP000218,S006,0,5,slouching,0,upright,False,0.4652633965015411,5,slouching,True,0.2752616107463836,3d_only_correct
CAP000219,S006,0,5,slouching,0,upright,False,0.4218544960021972,0,upright,False,0.2550622224807739,both_wrong
CAP000221,S006,0,5,slouching,0,upright,False,0.3645702004432678,0,upright,False,0.3045629560947418,both_wrong
CAP000222,S006,0,5,slouching,0,upright,False,0.3978966176509857,0,upright,False,0.3490791618824005,both_wrong
CAP000379,S011,3,0,upright,1,leaning_forward,False,0.7362493872642517,2,leaning_backward,False,0.4069262146949768,both_wrong
CAP000381,S011,3,0,upright,1,leaning_forward,False,0.7318172454833984,2,leaning_backward,False,0.4317904412746429,both_wrong
CAP000382,S011,3,0,upright,1,leaning_forward,False,0.7459317445755005,2,leaning_backward,False,0.4317985773086548,both_wrong
CAP000383,S011,3,0,upright,1,leaning_forward,False,0.7273435592651367,2,leaning_backward,False,0.4373634755611419,both_wrong
CAP000384,S011,3,1,leaning_forward,5,slouching,False,0.8090617060661316,1,leaning_forward,True,0.4930687248706817,3d_only_correct
CAP000388,S011,3,1,leaning_forward,5,slouching,False,0.8184993863105774,5,slouching,False,0.4977399110794067,both_wrong
CAP000389,S011,3,2,leaning_backward,3,leaning_left,False,0.9629877209663392,3,leaning_left,False,0.6862530708312988,both_wrong
CAP000390,S011,3,2,leaning_backward,3,leaning_left,False,0.95989328622818,3,leaning_left,False,0.6629438996315002,both_wrong
CAP000391,S011,3,2,leaning_backward,3,leaning_left,False,0.9590443968772888,3,leaning_left,False,0.6935300230979919,both_wrong
CAP000392,S011,3,2,leaning_backward,3,leaning_left,False,0.9566084146499634,3,leaning_left,False,0.799168050289154,both_wrong
CAP000393,S011,3,2,leaning_backward,3,leaning_left,False,0.9605044722557068,3,leaning_left,False,0.8133934736251831,both_wrong
CAP000394,S011,3,3,leaning_left,3,leaning_left,True,0.9793272614479064,3,leaning_left,True,0.9782801866531372,both_correct
CAP000395,S011,3,3,leaning_left,3,leaning_left,True,0.9679033160209656,3,leaning_left,True,0.9748490452766418,both_correct
CAP000396,S011,3,3,leaning_left,3,leaning_left,True,0.9731242060661316,3,leaning_left,True,0.9785622954368592,both_correct
CAP000397,S011,3,3,leaning_left,3,leaning_left,True,0.9725095629692078,3,leaning_left,True,0.9784613251686096,both_correct
CAP000398,S011,3,3,leaning_left,3,leaning_left,True,0.9794074296951294,3,leaning_left,True,0.9750393629074096,both_correct
CAP000404,S011,3,5,slouching,1,leaning_forward,False,0.3859590590000152,5,slouching,True,0.9627610445022584,3d_only_correct
CAP000405,S011,3,5,slouching,1,leaning_forward,False,0.4834588766098022,5,slouching,True,0.9440605640411376,3d_only_correct
CAP000406,S011,3,5,slouching,1,leaning_forward,False,0.534782350063324,5,slouching,True,0.846127450466156,3d_only_correct
CAP000407,S011,3,5,slouching,1,leaning_forward,False,0.5004660487174988,5,slouching,True,0.9030461311340332,3d_only_correct
CAP000408,S011,3,5,slouching,1,leaning_forward,False,0.5975630283355713,5,slouching,True,0.8355302214622498,3d_only_correct
CAP000416,S012,1,0,upright,0,upright,True,0.8799316883087158,0,upright,True,0.5812230706214905,both_correct
CAP000417,S012,1,0,upright,0,upright,True,0.8098416924476624,0,upright,True,0.616362988948822,both_correct
CAP000418,S012,1,0,upright,0,upright,True,0.9138854146003724,0,upright,True,0.7218466997146606,both_correct
CAP000419,S012,1,0,upright,0,upright,True,0.8442373275756836,0,upright,True,0.7038106322288513,both_correct
CAP000420,S012,1,0,upright,0,upright,True,0.9242060780525208,0,upright,True,0.6946877837181091,both_correct
CAP000421,S012,1,1,leaning_forward,1,leaning_forward,True,0.6723912358283997,1,leaning_forward,True,0.6671062111854553,both_correct
CAP000422,S012,1,1,leaning_forward,1,leaning_forward,True,0.6895850300788879,1,leaning_forward,True,0.5875650644302368,both_correct
CAP000423,S012,1,1,leaning_forward,1,leaning_forward,True,0.6738801598548889,1,leaning_forward,True,0.63606858253479,both_correct
CAP000424,S012,1,1,leaning_forward,1,leaning_forward,True,0.7155188918113708,1,leaning_forward,True,0.8314635753631592,both_correct
CAP000425,S012,1,1,leaning_forward,1,leaning_forward,True,0.6246403455734253,1,leaning_forward,True,0.7865896821022034,both_correct
CAP000436,S012,1,4,leaning_right,4,leaning_right,True,0.9171607494354248,4,leaning_right,True,0.9371623992919922,both_correct
CAP000437,S012,1,4,leaning_right,4,leaning_right,True,0.8949289917945862,4,leaning_right,True,0.9276424050331116,both_correct
CAP000438,S012,1,4,leaning_right,4,leaning_right,True,0.9011003375053406,4,leaning_right,True,0.9294175505638124,both_correct
CAP000439,S012,1,4,leaning_right,4,leaning_right,True,0.8960574865341187,4,leaning_right,True,0.8667356371879578,both_correct
CAP000440,S012,1,4,leaning_right,4,leaning_right,True,0.8949580192565918,4,leaning_right,True,0.817494809627533,both_correct
CAP000441,S012,1,5,slouching,5,slouching,True,0.933346152305603,5,slouching,True,0.7215099334716797,both_correct
CAP000442,S012,1,5,slouching,5,slouching,True,0.7414653301239014,5,slouching,True,0.8950818777084351,both_correct
CAP000443,S012,1,5,slouching,5,slouching,True,0.892322301864624,5,slouching,True,0.8039649724960327,both_correct
CAP000444,S012,1,5,slouching,5,slouching,True,0.9224656224250792,5,slouching,True,0.9083057641983032,both_correct
CAP000445,S012,1,5,slouching,5,slouching,True,0.9281186461448668,5,slouching,True,0.9124127626419068,both_correct
CAP000453,S013,2,0,upright,1,leaning_forward,False,0.9582254886627196,1,leaning_forward,False,0.8374577164649963,both_wrong
CAP000454,S013,2,0,upright,1,leaning_forward,False,0.6620511412620544,4,leaning_right,False,0.4127629697322845,both_wrong
CAP000455,S013,2,0,upright,0,upright,True,0.7502777576446533,0,upright,True,0.9088847041130066,both_correct
CAP000456,S013,2,0,upright,0,upright,True,0.7037318348884583,0,upright,True,0.8327640295028687,both_correct
CAP000457,S013,2,0,upright,0,upright,True,0.6594513654708862,0,upright,True,0.9121057391166688,both_correct
CAP000458,S013,2,1,leaning_forward,1,leaning_forward,True,0.7100828886032104,1,leaning_forward,True,0.8619379997253418,both_correct
CAP000459,S013,2,1,leaning_forward,5,slouching,False,0.7230148315429688,1,leaning_forward,True,0.7960426807403564,3d_only_correct
CAP000460,S013,2,1,leaning_forward,5,slouching,False,0.506832480430603,1,leaning_forward,True,0.8314830660820007,3d_only_correct
CAP000461,S013,2,1,leaning_forward,5,slouching,False,0.7610138058662415,1,leaning_forward,True,0.8669581413269043,3d_only_correct
CAP000462,S013,2,1,leaning_forward,5,slouching,False,0.8209049105644226,1,leaning_forward,True,0.8669581413269043,3d_only_correct
CAP000463,S013,2,2,leaning_backward,2,leaning_backward,True,0.6803140640258789,0,upright,False,0.5977982878684998,2d_only_correct
CAP000464,S013,2,2,leaning_backward,2,leaning_backward,True,0.8545556664466858,0,upright,False,0.5977982878684998,2d_only_correct
CAP000465,S013,2,2,leaning_backward,5,slouching,False,0.4321523606777191,0,upright,False,0.500151515007019,both_wrong
CAP000466,S013,2,2,leaning_backward,0,upright,False,0.6586134433746338,0,upright,False,0.5977982878684998,both_wrong
CAP000467,S013,2,3,leaning_left,3,leaning_left,True,0.9260045886039734,3,leaning_left,True,0.9539809226989746,both_correct
CAP000468,S013,2,3,leaning_left,3,leaning_left,True,0.960798442363739,3,leaning_left,True,0.9521069526672364,both_correct
CAP000469,S013,2,3,leaning_left,3,leaning_left,True,0.9869946837425232,3,leaning_left,True,0.9489606618881226,both_correct
CAP000470,S013,2,3,leaning_left,3,leaning_left,True,0.9643648862838744,3,leaning_left,True,0.948523998260498,both_correct
CAP000471,S013,2,3,leaning_left,3,leaning_left,True,0.9579019546508788,3,leaning_left,True,0.9483281970024108,both_correct
CAP000472,S013,2,4,leaning_right,4,leaning_right,True,0.961793839931488,4,leaning_right,True,0.9361328482627868,both_correct
CAP000473,S013,2,4,leaning_right,4,leaning_right,True,0.9637123346328736,4,leaning_right,True,0.9348275661468506,both_correct
CAP000474,S013,2,4,leaning_right,4,leaning_right,True,0.9469004273414612,4,leaning_right,True,0.9436986446380616,both_correct
CAP000475,S013,2,4,leaning_right,4,leaning_right,True,0.881199061870575,4,leaning_right,True,0.9438745975494384,both_correct
CAP000476,S013,2,4,leaning_right,4,leaning_right,True,0.9479037523269652,4,leaning_right,True,0.899753212928772,both_correct
CAP000477,S013,2,5,slouching,1,leaning_forward,False,0.8262733221054077,0,upright,False,0.4408204257488251,both_wrong
CAP000478,S013,2,5,slouching,1,leaning_forward,False,0.9463858604431152,5,slouching,True,0.6526087522506714,3d_only_correct
CAP000479,S013,2,5,slouching,1,leaning_forward,False,0.8979408144950867,5,slouching,True,0.792100191116333,3d_only_correct
CAP000480,S013,2,5,slouching,1,leaning_forward,False,0.9133935570716858,0,upright,False,0.3750074803829193,both_wrong
CAP000481,S013,2,5,slouching,1,leaning_forward,False,0.8761544823646545,5,slouching,True,0.8508396744728088,3d_only_correct
CAP000488,S014,3,0,upright,0,upright,True,0.904885232448578,0,upright,True,0.705531656742096,both_correct
CAP000489,S014,3,0,upright,0,upright,True,0.8888664841651917,0,upright,True,0.5856809616088867,both_correct
CAP000490,S014,3,0,upright,4,leaning_right,False,0.3949378132820129,0,upright,True,0.8061240911483765,3d_only_correct
CAP000491,S014,3,0,upright,4,leaning_right,False,0.4066576063632965,0,upright,True,0.6817417740821838,3d_only_correct
CAP000492,S014,3,0,upright,4,leaning_right,False,0.4278676211833954,0,upright,True,0.683306097984314,3d_only_correct
CAP000493,S014,3,1,leaning_forward,1,leaning_forward,True,0.8157009482383728,4,leaning_right,False,0.4568879604339599,2d_only_correct
CAP000494,S014,3,1,leaning_forward,1,leaning_forward,True,0.8492122888565063,5,slouching,False,0.7141039967536926,2d_only_correct
CAP000495,S014,3,1,leaning_forward,1,leaning_forward,True,0.4463945627212524,5,slouching,False,0.469535619020462,2d_only_correct
CAP000496,S014,3,1,leaning_forward,1,leaning_forward,True,0.6934204697608948,5,slouching,False,0.5674605965614319,2d_only_correct
CAP000502,S014,3,3,leaning_left,3,leaning_left,True,0.9550034403800964,3,leaning_left,True,0.8896163702011108,both_correct
CAP000503,S014,3,3,leaning_left,3,leaning_left,True,0.9767647385597228,3,leaning_left,True,0.7836488485336304,both_correct
CAP000504,S014,3,3,leaning_left,3,leaning_left,True,0.9802961945533752,3,leaning_left,True,0.7711890935897827,both_correct
CAP000505,S014,3,3,leaning_left,3,leaning_left,True,0.979534387588501,3,leaning_left,True,0.860485851764679,both_correct
CAP000506,S014,3,3,leaning_left,3,leaning_left,True,0.975362241268158,3,leaning_left,True,0.8846893906593323,both_correct
CAP000507,S014,3,4,leaning_right,4,leaning_right,True,0.9792137742042542,4,leaning_right,True,0.9238439202308656,both_correct
CAP000508,S014,3,4,leaning_right,4,leaning_right,True,0.9791629910469056,4,leaning_right,True,0.9342374801635742,both_correct
CAP000509,S014,3,4,leaning_right,4,leaning_right,True,0.9809389114379884,4,leaning_right,True,0.989546835422516,both_correct
CAP000510,S014,3,4,leaning_right,4,leaning_right,True,0.978687584400177,4,leaning_right,True,0.9777103066444396,both_correct
CAP000511,S014,3,5,slouching,5,slouching,True,0.3911378383636474,0,upright,False,0.5022590756416321,2d_only_correct
CAP000512,S014,3,5,slouching,1,leaning_forward,False,0.8244182467460632,5,slouching,True,0.7684425115585327,3d_only_correct
CAP000513,S014,3,5,slouching,5,slouching,True,0.4634524881839752,5,slouching,True,0.8053130507469177,both_correct
CAP000528,S015,4,1,leaning_forward,5,slouching,False,0.5408069491386414,5,slouching,False,0.448737621307373,both_wrong
CAP000529,S015,4,1,leaning_forward,1,leaning_forward,True,0.3469427525997162,5,slouching,False,0.5058005452156067,2d_only_correct
CAP000530,S015,4,1,leaning_forward,5,slouching,False,0.4953980445861816,5,slouching,False,0.3891111314296722,both_wrong
CAP000531,S015,4,1,leaning_forward,5,slouching,False,0.3972790241241455,5,slouching,False,0.3969615697860718,both_wrong
CAP000532,S015,4,1,leaning_forward,5,slouching,False,0.3717313110828399,5,slouching,False,0.4812226593494415,both_wrong
CAP000545,S015,4,4,leaning_right,4,leaning_right,True,0.9202027916908264,4,leaning_right,True,0.8537000417709351,both_correct
CAP000546,S015,4,4,leaning_right,4,leaning_right,True,0.94317626953125,4,leaning_right,True,0.8886333107948303,both_correct
CAP000547,S015,4,4,leaning_right,4,leaning_right,True,0.9210928082466124,4,leaning_right,True,0.8629252910614014,both_correct
CAP000583,S016,3,4,leaning_right,4,leaning_right,True,0.9625418186187744,4,leaning_right,True,0.8647283911705017,both_correct
CAP000585,S016,3,4,leaning_right,4,leaning_right,True,0.9617879986763,4,leaning_right,True,0.8632549047470093,both_correct
CAP000597,S017,4,0,upright,0,upright,True,0.9599865078926086,0,upright,True,0.8455295562744141,both_correct
CAP000598,S017,4,0,upright,0,upright,True,0.9411521553993224,0,upright,True,0.8361800909042358,both_correct
CAP000599,S017,4,0,upright,0,upright,True,0.9306414127349854,0,upright,True,0.8109280467033386,both_correct
CAP000600,S017,4,0,upright,0,upright,True,0.930744469165802,0,upright,True,0.5845209360122681,both_correct
CAP000601,S017,4,0,upright,0,upright,True,0.9388818740844728,0,upright,True,0.8399824500083923,both_correct
CAP000603,S017,4,1,leaning_forward,5,slouching,False,0.3702857792377472,1,leaning_forward,True,0.6889118552207947,3d_only_correct
CAP000604,S017,4,1,leaning_forward,5,slouching,False,0.6100746989250183,1,leaning_forward,True,0.7432464361190796,3d_only_correct
CAP000605,S017,4,1,leaning_forward,5,slouching,False,0.6270221471786499,1,leaning_forward,True,0.58289635181427,3d_only_correct
CAP000606,S017,4,1,leaning_forward,5,slouching,False,0.5582590103149414,1,leaning_forward,True,0.6228007674217224,3d_only_correct
CAP000607,S017,4,2,leaning_backward,2,leaning_backward,True,0.9005828499794006,2,leaning_backward,True,0.8725572824478149,both_correct
CAP000608,S017,4,2,leaning_backward,2,leaning_backward,True,0.876962423324585,2,leaning_backward,True,0.9117220640182496,both_correct
CAP000609,S017,4,2,leaning_backward,2,leaning_backward,True,0.5713618993759155,2,leaning_backward,True,0.7507137060165405,both_correct
CAP000610,S017,4,2,leaning_backward,2,leaning_backward,True,0.7642692923545837,2,leaning_backward,True,0.7470937371253967,both_correct
CAP000611,S017,4,2,leaning_backward,2,leaning_backward,True,0.910764455795288,2,leaning_backward,True,0.7397740483283997,both_correct
CAP000612,S017,4,3,leaning_left,3,leaning_left,True,0.981994092464447,3,leaning_left,True,0.8993667960166931,both_correct
CAP000613,S017,4,3,leaning_left,3,leaning_left,True,0.979099452495575,3,leaning_left,True,0.8988645672798157,both_correct
CAP000614,S017,4,3,leaning_left,3,leaning_left,True,0.981153666973114,3,leaning_left,True,0.8984902501106262,both_correct
CAP000615,S017,4,3,leaning_left,3,leaning_left,True,0.9809144735336304,3,leaning_left,True,0.8969123959541321,both_correct
CAP000616,S017,4,3,leaning_left,3,leaning_left,True,0.980230987071991,3,leaning_left,True,0.897996187210083,both_correct
CAP000622,S017,4,5,slouching,5,slouching,True,0.5576895475387573,0,upright,False,0.3803083598613739,2d_only_correct
CAP000623,S017,4,5,slouching,5,slouching,True,0.8233500123023987,0,upright,False,0.4056712090969085,2d_only_correct
CAP000624,S017,4,5,slouching,5,slouching,True,0.531889796257019,0,upright,False,0.4612930119037628,2d_only_correct
CAP000625,S017,4,5,slouching,5,slouching,True,0.625248908996582,0,upright,False,0.3782126009464264,2d_only_correct
CAP000626,S017,4,5,slouching,5,slouching,True,0.8075021505355835,0,upright,False,0.3777369856834411,2d_only_correct
CAP000633,S018,2,0,upright,0,upright,True,0.8717330694198608,0,upright,True,0.701660692691803,both_correct
CAP000634,S018,2,0,upright,0,upright,True,0.9300560355186462,0,upright,True,0.701660692691803,both_correct
CAP000635,S018,2,0,upright,0,upright,True,0.9565423727035522,0,upright,True,0.4849643111228943,both_correct
CAP000636,S018,2,0,upright,0,upright,True,0.9644020199775696,0,upright,True,0.8266025185585022,both_correct
CAP000637,S018,2,0,upright,0,upright,True,0.960842788219452,0,upright,True,0.8266025185585022,both_correct
CAP000638,S018,2,1,leaning_forward,0,upright,False,0.7036818265914917,0,upright,False,0.9224555492401124,both_wrong
CAP000639,S018,2,1,leaning_forward,0,upright,False,0.6889789700508118,0,upright,False,0.7421250939369202,both_wrong
CAP000640,S018,2,1,leaning_forward,1,leaning_forward,True,0.7348610758781433,1,leaning_forward,True,0.7104512453079224,both_correct
CAP000641,S018,2,1,leaning_forward,0,upright,False,0.700614333152771,0,upright,False,0.933889865875244,both_wrong
CAP000642,S018,2,1,leaning_forward,0,upright,False,0.630260169506073,0,upright,False,0.9076549410820008,both_wrong
CAP000643,S018,2,2,leaning_backward,2,leaning_backward,True,0.4911801815032959,0,upright,False,0.7231615781784058,2d_only_correct
CAP000644,S018,2,2,leaning_backward,2,leaning_backward,True,0.9640011787414552,2,leaning_backward,True,0.4584492444992065,both_correct
CAP000645,S018,2,2,leaning_backward,2,leaning_backward,True,0.9727734923362732,2,leaning_backward,True,0.885720431804657,both_correct
CAP000646,S018,2,2,leaning_backward,2,leaning_backward,True,0.9810923933982848,2,leaning_backward,True,0.8869428634643555,both_correct
CAP000647,S018,2,2,leaning_backward,2,leaning_backward,True,0.9392104744911194,2,leaning_backward,True,0.8238039016723633,both_correct
CAP000648,S018,2,3,leaning_left,3,leaning_left,True,0.970628261566162,3,leaning_left,True,0.9471423625946044,both_correct
CAP000649,S018,2,3,leaning_left,3,leaning_left,True,0.965160310268402,3,leaning_left,True,0.8855500817298889,both_correct
CAP000650,S018,2,3,leaning_left,3,leaning_left,True,0.951737642288208,3,leaning_left,True,0.8845783472061157,both_correct
CAP000651,S018,2,3,leaning_left,3,leaning_left,True,0.9405019879341124,3,leaning_left,True,0.8884246945381165,both_correct
CAP000652,S018,2,3,leaning_left,3,leaning_left,True,0.9542837142944336,3,leaning_left,True,0.8903271555900574,both_correct
CAP000653,S018,2,4,leaning_right,4,leaning_right,True,0.9671761393547058,4,leaning_right,True,0.9319978356361388,both_correct
CAP000654,S018,2,4,leaning_right,4,leaning_right,True,0.9809417724609376,4,leaning_right,True,0.9337862133979796,both_correct
CAP000655,S018,2,4,leaning_right,4,leaning_right,True,0.9820536375045776,4,leaning_right,True,0.9167454838752748,both_correct
CAP000656,S018,2,4,leaning_right,4,leaning_right,True,0.981227159500122,4,leaning_right,True,0.8926003575325012,both_correct
CAP000657,S018,2,4,leaning_right,4,leaning_right,True,0.963034987449646,4,leaning_right,True,0.9257931709289552,both_correct
CAP000658,S018,2,5,slouching,1,leaning_forward,False,0.844463586807251,1,leaning_forward,False,0.6308656930923462,both_wrong
CAP000659,S018,2,5,slouching,1,leaning_forward,False,0.8603371381759644,1,leaning_forward,False,0.8186893463134766,both_wrong
CAP000660,S018,2,5,slouching,1,leaning_forward,False,0.9233375787734984,1,leaning_forward,False,0.8642664551734924,both_wrong
CAP000661,S018,2,5,slouching,1,leaning_forward,False,0.926689386367798,1,leaning_forward,False,0.8574948310852051,both_wrong
CAP000662,S018,2,5,slouching,1,leaning_forward,False,0.7433825731277466,1,leaning_forward,False,0.8555934429168701,both_wrong
CAP000669,S019,1,0,upright,1,leaning_forward,False,0.5169607996940613,0,upright,True,0.6113575100898743,3d_only_correct
CAP000670,S019,1,0,upright,0,upright,True,0.7045705318450928,0,upright,True,0.7166794538497925,both_correct
CAP000671,S019,1,0,upright,0,upright,True,0.6026890873908997,0,upright,True,0.6713047027587891,both_correct
CAP000672,S019,1,0,upright,0,upright,True,0.6434269547462463,0,upright,True,0.7516072392463684,both_correct
CAP000673,S019,1,0,upright,1,leaning_forward,False,0.4820165932178497,0,upright,True,0.5824152231216431,3d_only_correct
CAP000742,S021,2,0,upright,0,upright,True,0.8994231820106506,0,upright,True,0.9022799134254456,both_correct
CAP000743,S021,2,0,upright,0,upright,True,0.7004168629646301,0,upright,True,0.9132821559906006,both_correct
CAP000744,S021,2,0,upright,0,upright,True,0.7609812617301941,0,upright,True,0.908115029335022,both_correct
CAP000745,S021,2,0,upright,2,leaning_backward,False,0.4845410287380218,0,upright,True,0.9204545021057128,3d_only_correct
CAP000746,S021,2,0,upright,0,upright,True,0.7770364284515381,0,upright,True,0.9062577486038208,both_correct
CAP000747,S021,2,1,leaning_forward,0,upright,False,0.8823148012161255,0,upright,False,0.9180887341499328,both_wrong
CAP000748,S021,2,1,leaning_forward,0,upright,False,0.8836855888366699,0,upright,False,0.9180887341499328,both_wrong
CAP000749,S021,2,1,leaning_forward,0,upright,False,0.8613272309303284,0,upright,False,0.9062577486038208,both_wrong
CAP000750,S021,2,1,leaning_forward,0,upright,False,0.8078740835189819,0,upright,False,0.9062577486038208,both_wrong
CAP000751,S021,2,1,leaning_forward,0,upright,False,0.8992596864700317,0,upright,False,0.9033522009849548,both_wrong
CAP000752,S021,2,2,leaning_backward,0,upright,False,0.7952423095703125,0,upright,False,0.6235170960426331,both_wrong
CAP000753,S021,2,2,leaning_backward,0,upright,False,0.7243571877479553,0,upright,False,0.6413812041282654,both_wrong
CAP000754,S021,2,2,leaning_backward,0,upright,False,0.7992880344390869,0,upright,False,0.6329278349876404,both_wrong
CAP000755,S021,2,2,leaning_backward,0,upright,False,0.7611259818077087,0,upright,False,0.6934571862220764,both_wrong
CAP000756,S021,2,2,leaning_backward,0,upright,False,0.71433424949646,0,upright,False,0.6672446727752686,both_wrong
CAP000757,S021,2,3,leaning_left,3,leaning_left,True,0.9587542414665222,3,leaning_left,True,0.8068221211433411,both_correct
CAP000758,S021,2,3,leaning_left,3,leaning_left,True,0.9562838673591614,3,leaning_left,True,0.8068221211433411,both_correct
CAP000760,S021,2,3,leaning_left,3,leaning_left,True,0.9566161036491394,3,leaning_left,True,0.8068221211433411,both_correct
CAP000761,S021,2,3,leaning_left,3,leaning_left,True,0.96562397480011,3,leaning_left,True,0.8147256374359131,both_correct
CAP000762,S021,2,4,leaning_right,4,leaning_right,True,0.9661612510681152,4,leaning_right,True,0.946322739124298,both_correct
CAP000763,S021,2,4,leaning_right,4,leaning_right,True,0.9731738567352296,4,leaning_right,True,0.9482155442237854,both_correct
CAP000764,S021,2,4,leaning_right,4,leaning_right,True,0.9694981575012208,4,leaning_right,True,0.9482155442237854,both_correct
CAP000765,S021,2,4,leaning_right,4,leaning_right,True,0.9360320568084716,4,leaning_right,True,0.9483182430267334,both_correct
CAP000766,S021,2,4,leaning_right,4,leaning_right,True,0.971903383731842,4,leaning_right,True,0.9472046494483948,both_correct
CAP000767,S021,2,5,slouching,5,slouching,True,0.970863938331604,1,leaning_forward,False,0.7758434414863586,2d_only_correct
CAP000768,S021,2,5,slouching,5,slouching,True,0.8800910115242004,1,leaning_forward,False,0.8142167329788208,2d_only_correct
CAP000769,S021,2,5,slouching,5,slouching,True,0.97709459066391,1,leaning_forward,False,0.6248972415924072,2d_only_correct
CAP000779,S022,2,0,upright,2,leaning_backward,False,0.5191656947135925,5,slouching,False,0.4683707356452942,both_wrong
CAP000781,S022,2,0,upright,2,leaning_backward,False,0.5392639636993408,5,slouching,False,0.5361731052398682,both_wrong
CAP000783,S022,2,0,upright,0,upright,True,0.5094666481018066,5,slouching,False,0.4683707356452942,2d_only_correct
CAP000804,S022,2,5,slouching,0,upright,False,0.389524906873703,0,upright,False,0.7778759002685547,both_wrong
CAP000805,S022,2,5,slouching,0,upright,False,0.6353340148925781,0,upright,False,0.715542733669281,both_wrong
CAP000806,S022,2,5,slouching,0,upright,False,0.449945330619812,0,upright,False,0.7778759002685547,both_wrong
CAP000807,S022,2,5,slouching,0,upright,False,0.4764572978019714,0,upright,False,0.7778759002685547,both_wrong
CAP000808,S022,2,5,slouching,0,upright,False,0.3032555282115936,0,upright,False,0.7778759002685547,both_wrong
CAP000852,S024,4,0,upright,5,slouching,False,0.446618378162384,1,leaning_forward,False,0.2658896744251251,both_wrong
CAP000853,S024,4,0,upright,5,slouching,False,0.5992931127548218,1,leaning_forward,False,0.2665961980819702,both_wrong
CAP000854,S024,4,0,upright,5,slouching,False,0.5791563987731934,1,leaning_forward,False,0.2690812945365906,both_wrong
CAP000855,S024,4,0,upright,0,upright,True,0.5377354025840759,1,leaning_forward,False,0.2690812945365906,2d_only_correct
CAP000856,S024,4,0,upright,0,upright,True,0.4575936794281006,1,leaning_forward,False,0.2658896744251251,2d_only_correct
CAP000857,S024,4,1,leaning_forward,5,slouching,False,0.6461990475654602,1,leaning_forward,True,0.2658896744251251,3d_only_correct
CAP000858,S024,4,1,leaning_forward,0,upright,False,0.6244970560073853,1,leaning_forward,True,0.2692114114761352,3d_only_correct
CAP000859,S024,4,1,leaning_forward,5,slouching,False,0.6823570132255554,1,leaning_forward,True,0.277113676071167,3d_only_correct
CAP000860,S024,4,1,leaning_forward,5,slouching,False,0.5969235897064209,1,leaning_forward,True,0.2682192623615265,3d_only_correct
CAP000861,S024,4,1,leaning_forward,5,slouching,False,0.8698925375938416,1,leaning_forward,True,0.2624251842498779,3d_only_correct
CAP000862,S024,4,2,leaning_backward,2,leaning_backward,True,0.957606077194214,0,upright,False,0.2571635544300079,2d_only_correct
CAP000863,S024,4,2,leaning_backward,2,leaning_backward,True,0.969707489013672,0,upright,False,0.2501582205295563,2d_only_correct
CAP000864,S024,4,2,leaning_backward,2,leaning_backward,True,0.9587666392326356,0,upright,False,0.2429805248975753,2d_only_correct
CAP000865,S024,4,2,leaning_backward,2,leaning_backward,True,0.9412705898284912,0,upright,False,0.2571635544300079,2d_only_correct
CAP000867,S024,4,3,leaning_left,3,leaning_left,True,0.960542380809784,0,upright,False,0.5033583641052246,2d_only_correct
CAP000868,S024,4,3,leaning_left,3,leaning_left,True,0.960481584072113,0,upright,False,0.4917721450328827,2d_only_correct
CAP000869,S024,4,3,leaning_left,3,leaning_left,True,0.9593409895896912,0,upright,False,0.4763953685760498,2d_only_correct
CAP000870,S024,4,4,leaning_right,4,leaning_right,True,0.6236516237258911,4,leaning_right,True,0.8235719203948975,both_correct
CAP000871,S024,4,4,leaning_right,4,leaning_right,True,0.6015569567680359,4,leaning_right,True,0.8319804072380066,both_correct
CAP000872,S024,4,4,leaning_right,4,leaning_right,True,0.558286726474762,4,leaning_right,True,0.8312705755233765,both_correct
CAP000873,S024,4,4,leaning_right,4,leaning_right,True,0.5639366507530212,4,leaning_right,True,0.8231992721557617,both_correct
CAP000874,S024,4,4,leaning_right,4,leaning_right,True,0.5714258551597595,4,leaning_right,True,0.8235719203948975,both_correct
CAP000875,S024,4,5,slouching,5,slouching,True,0.8907884359359741,4,leaning_right,False,0.851115345954895,2d_only_correct
CAP000876,S024,4,5,slouching,5,slouching,True,0.7905277609825134,4,leaning_right,False,0.8924930095672607,2d_only_correct
CAP000877,S024,4,5,slouching,5,slouching,True,0.830720067024231,4,leaning_right,False,0.8545829653739929,2d_only_correct
CAP000878,S024,4,5,slouching,5,slouching,True,0.7962421774864197,4,leaning_right,False,0.8914685845375061,2d_only_correct
CAP000879,S024,4,5,slouching,5,slouching,True,0.8288050889968872,4,leaning_right,False,0.8518598675727844,2d_only_correct
