split,annotation_id,image_id,image_filename,category_id,category_name,bbox_x,bbox_y,bbox_w,bbox_h,area,bbox_valid,bbox_issue
test,1,0,sipotion_1749658636068_slouch_0_58_jpg.rf.ed71a27d8249e802914aafd785df9e9f.jpg,1,good_posture,22.67,68.67,359.33,570.67,205058.851,True,
test,2,1,72daffd77d1f9d8af6e5e640485f6e0c-Copy_jpg.rf.8b04cbb167ce4cefb9fac0426ff7e84f.jpg,2,leaning_backward,90.96,111,315.13,496.06,156323.388,True,
test,3,2,c142feaefecfdb85382550c96a969304-Copy_jpg.rf.8b888a6ef444e877552590d3ebe10e73.jpg,1,good_posture,16.42,10.63,353.62,587.03,207585.549,True,
test,4,3,0274eea195802ee11fe9cb42d744a3a5-Copy_jpg.rf.c92ebb2bbd2526dcb66083afc4d57378.jpg,2,leaning_backward,60,38,509,489,248901,True,
test,5,4,sipotion_1749658307508_slouch_0_76_jpg.rf.a2c574cac241e5380c06e63df693ecf1.jpg,2,leaning_backward,14.67,201.33,561.33,388.67,218172.131,True,
test,6,5,42a2e2f9936efee584a8097f31c5aabe_jpg.rf.006c7f0ad56fb2fdd8109ac75c42a41d.jpg,2,leaning_backward,171.01,287.44,206.77,226.21,46773.442,True,
test,7,6,65ce382b9740824cd60c75dd3d63f124-Copy_jpg.rf.d385f9aca6133626f7913c0ecd6565d5.jpg,2,leaning_backward,430.85,63.1,180.21,254.92,45939.133,True,
test,8,7,432b48ccf28d7fcc0f22e6ba64125813_jpg.rf.3a05b66b5666c452a6a8dfa7f816bf4e.jpg,1,good_posture,124.64,126.57,178.74,338.8,60557.112,True,
test,9,8,c6d1f57389e8f64ee15a5322e439df9e-Copy_jpg.rf.8e4471bb6cac6ae4feeda1069ea96a99.jpg,3,leaning_forward,91.19,35.74,324.27,426.3,138236.301,True,
test,10,9,740512adde40d4ee80d56ae28860911b-Copy-2-_jpg.rf.0f2817c94f4b0fc0e7225f02af6255e6.jpg,3,leaning_forward,81.74,54.49,351.3,355.02,124718.526,True,
test,11,10,62da6af058cd30c332ac28dc90ed0623_jpg.rf.52841a069c88fc40eeeef4d1047ed6d2.jpg,4,slouch,77.39,1.11,180.29,350.42,63177.222,True,
test,12,11,bc18373311979c71fed00857b3a4a10c-Copy_jpg.rf.b05435656b5086bd9b6765255542bfc1.jpg,2,leaning_backward,205,112,346,418,144628,True,
test,13,12,sipotion_1749658258832_slouch_0_91_jpg.rf.52eef3e58d32e9f4150a3afce05cb9c4.jpg,4,slouch,152,122.67,341.33,516.67,176354.971,True,
test,14,13,3a3fd2e7590db30a55c2487fcf1a5347-Copy_jpg.rf.d3b920287e63a611858ae2f131ea15d5.jpg,2,leaning_backward,336.32,77.64,225.67,310.01,69959.957,True,
test,15,14,d974879dd06b5613537beedc5cfa1555-Copy_jpg.rf.b941e30c38c14548f3ca2d61a837ebc5.jpg,2,leaning_backward,1.74,42.2,623.77,574.03,358062.693,True,
test,16,16,704ade2870b57685ece9df6865b63eee_jpg.rf.9a6115d3c468f7c4521703607bb5f615.jpg,1,good_posture,79.86,122.45,139.86,196.73,27514.658,True,
test,17,16,704ade2870b57685ece9df6865b63eee_jpg.rf.9a6115d3c468f7c4521703607bb5f615.jpg,1,good_posture,243.92,112.28,109.37,235.92,25802.57,True,
test,18,17,sipotion_1749636390966_good_posture_0_81_jpg.rf.5de3f5c1bf4c6af49cd20393d45dd6ea.jpg,4,slouch,156.67,0,465.33,597.33,277955.569,True,
test,19,18,91ebb2d20fb64512390fe8bc365944ab-Copy-2-_jpg.rf.107a2e8d0f12f74349057082ad2a16ee.jpg,2,leaning_backward,52.8,115.74,393.6,524.26,206348.736,True,
test,20,19,sipotion_1749658833293_leaning_forward_0_66_jpg.rf.e66038de18f08b2535039ce514d0229c.jpg,1,good_posture,141.33,150.67,364.67,486,177229.62,True,
test,21,20,sipotion_1749658804428_slouch_0_64_jpg.rf.e97e3fcb031d4e23d8e4181e0fd7dfb7.jpg,1,good_posture,213.33,124.67,267.33,492,131526.36,True,
test,22,21,d13525dd5abd2e0bfacd61bc45026d28-Copy_jpg.rf.023c2f92edde79cfb2603188d3cda349.jpg,2,leaning_backward,3.79,5,605.79,493.95,299229.97,True,
test,23,22,308f25d389f7166c6c2f7878b53c9dd0-Copy_jpg.rf.7424cf94f4054490de4cbabbdf7b48a9.jpg,3,leaning_forward,88.48,120.88,240.32,315.92,75921.894,True,
test,24,23,65012d0639e0f9159e97dfab863c23c0-Copy_jpg.rf.e1e8418a481de637a4526c07fd678220.jpg,2,leaning_backward,249,116,211,292,61612,True,
test,25,24,eb30355b4f2a6c8180104e5218f24051-Copy_jpg.rf.3ef04e10c91c0c6004a17bef99d707ef.jpg,3,leaning_forward,31.89,146.86,329.47,468.17,154247.97,True,
test,26,25,166d1b2cb6e2ca4c6f50f57d9d936e19-Copy-2-_jpg.rf.2856ed8934c641e99153a8fd082a8824.jpg,4,slouch,78.26,9.27,476.52,604.17,287899.088,True,
test,27,26,99f55cc0728ede9d4d24f7afde08b037-Copy-2-_jpg.rf.51c65bb99f13dc2f0e7e361216381871.jpg,3,leaning_forward,0,0,461.11,640,295110.4,True,
test,28,27,444cf0f06077401c805cc3972c0a3c0b_jpg.rf.84bfa71a93944fa4a111412ba226737e.jpg,3,leaning_forward,0,146.37,389.33,461.75,179773.128,True,
test,29,28,2c5219f9f7b315e1843c637ecb0311b3-Copy_jpg.rf.8925fe83a2fc7fe8044dbc0cf2bcba38.jpg,2,leaning_backward,83.21,131.56,254.22,229.77,58412.129,True,
test,30,28,2c5219f9f7b315e1843c637ecb0311b3-Copy_jpg.rf.8925fe83a2fc7fe8044dbc0cf2bcba38.jpg,2,leaning_backward,364.8,121.84,222.93,260.38,58046.513,True,
test,31,29,sipotion_1749658608416_slouch_0_65_jpg.rf.7b30b884c027ee627a7e1057b00a19d4.jpg,2,leaning_backward,34,140.67,440.67,496,218572.32,True,
test,32,30,4538140074cd3b191dbfe2bd8dcad832_jpg.rf.2e834b3da4dc1244fcd5cd024074a5f8.jpg,3,leaning_forward,54.94,18.32,390.53,620.25,242226.232,True,
test,33,31,sipotion_1749637002402_leaning_forward_0_55_jpg.rf.8748aa4f545120cb5507355719d80643.jpg,2,leaning_backward,244.67,124.67,168,299.33,50287.44,True,
test,34,32,6b0d10c3616f1938b4d574a563b40be3-Copy_jpg.rf.532d817889900c8e7fc317ee54936971.jpg,3,leaning_forward,37.52,54.37,398.5,531.27,211711.095,True,
test,35,33,f09855e5cd54c62f84675476c12ec4e6_jpg.rf.41832fe1f6a3c7fcf2ab6eed65b0f022.jpg,3,leaning_forward,152.72,2.79,433.9,476.92,206935.588,True,
test,36,34,a39787e6425e2969fd41dd5084f48b58-Copy_jpg.rf.d5f0d75b547911f497cbf7fe671208c8.jpg,4,slouch,66.39,2.54,362.81,416.2,151001.522,True,
test,37,35,db74ca092dbf7bd34c56125630300039-Copy_jpg.rf.66d918d05930c49e58c4893b58bbab44.jpg,3,leaning_forward,84.06,219.32,190.34,283.7,53999.458,True,
test,38,35,db74ca092dbf7bd34c56125630300039-Copy_jpg.rf.66d918d05930c49e58c4893b58bbab44.jpg,2,leaning_backward,236.23,228.02,133.81,233.49,31243.297,True,
test,39,36,cbdd25e5fbc027fbd268ecbc9c497959_jpg.rf.1680ebf40ad5afdd392a876358f5911c.jpg,3,leaning_forward,73.07,2.03,317.67,433.04,137563.817,True,
test,40,37,person-with-good-posture-sitting-on-desk-with-laptop_Cr_DragonImages_envato-Copy-2-_jpg.rf.d139a4ce00accbfcdef8fb5e3d68ebf8.jpg,1,good_posture,182,19,314,407,127798,True,
test,41,38,sipotion_1749658615050_slouch_0_60_jpg.rf.4a184b2300e491beea6d79446a813258.jpg,4,slouch,110.67,121.33,390.67,513.33,200542.631,True,
test,42,39,sipotion_1749660912234_leaning_forward_0_72_jpg.rf.cf9a4247c1342de3f91b68c9e4a67a32.jpg,3,leaning_forward,74.67,2,400,626,250400,True,
test,43,40,a1bf02829610e90737b5f048b5e33d32-Copy_jpg.rf.e91e31cae2c9b96fbdb616c133aaaba8.jpg,1,good_posture,262.31,74.38,179.96,307.37,55314.305,True,
test,44,41,sipotion_1749645312114_slouch_0_72_jpg.rf.e3d25d73aa5f4fa1bf58b82d342b0fb4.jpg,4,slouch,142.67,78,342,538,183996,True,
test,45,42,sipotion_1749658126825_leaning_forward_0_61_jpg.rf.667d1ab0c2c9eea8e7d957242170dabf.jpg,1,good_posture,203.33,49.33,421.33,590,248584.7,True,
test,46,43,sipotion_1749658821418_leaning_forward_0_82_jpg.rf.90d587caac573624e6e55cf7cd0ba7f9.jpg,2,leaning_backward,178.67,107.33,344.67,504,173713.68,True,
test,47,44,d331558d85678f525213c0fabe9cd385-Copy_jpg.rf.5d1fda43580888d35131e028caebc1fd.jpg,3,leaning_forward,9.79,160.38,269.65,400.26,107930.109,True,
test,48,45,30a4b35a96c093fefda959d40f799386_jpg.rf.b326fedb0c5907a74d9fc5b9ccf45095.jpg,3,leaning_forward,408.44,8.26,188.27,335.78,63217.301,True,
test,49,45,30a4b35a96c093fefda959d40f799386_jpg.rf.b326fedb0c5907a74d9fc5b9ccf45095.jpg,3,leaning_forward,83.25,6,199.91,349.29,69826.564,True,
test,50,46,07da296c0d7ed298ef1adc0a1ad22a47_jpg.rf.e9a1e17deaa92800e1f4cb8499f7776e.jpg,3,leaning_forward,138.33,83.89,269.45,442.93,119347.488,True,
test,51,47,59d2fde6e6d87a1538a49e6fa55f75a2-Copy_jpg.rf.356c60f1b7d51387bce4c7cf7cde9b1d.jpg,2,leaning_backward,27.75,194.74,464.48,418.83,194538.158,True,
test,52,48,posture-233-_jpg.rf.7066d9a2ca67655a4d0e6241dece9659.jpg,3,leaning_forward,133.34,133.89,413.89,452.89,187446.642,True,
test,53,49,sipotion_1749650397826_leaning_forward_0_85_jpg.rf.e024f6690122f97e3a50a6061403b7fa.jpg,3,leaning_forward,0,0,398,536,213328,True,
test,54,50,269e71cd36f6371d09d8d86ea33cc736-Copy_jpg.rf.2691763d89271f473ab22d686e812812.jpg,2,leaning_backward,27.99,229.41,380.44,383.74,145990.046,True,
test,55,51,109063978371b3373c43d70e2241077e-Copy_jpg.rf.019fb8817278bf229b8ef229c0ca5873.jpg,3,leaning_forward,232.11,125.15,336.21,361.99,121704.658,True,
test,56,52,96bd4af03d7fadfa533e7da434c45962_jpg.rf.a95dbb8d7e45d470a8459684b6c602a1.jpg,1,good_posture,32,26.13,228.27,445.5,101694.285,True,
test,57,53,b343425a170baaa4b13d5da4e2a1dd58-Copy_jpg.rf.06eb8ea5646640e319dff331772f6dc3.jpg,3,leaning_forward,69.57,151.21,303.38,418.45,126949.361,True,
test,58,54,b687c7fca4465fd3a16ec49e64b56613-Copy_jpg.rf.bb361bc8f6894886271cbe806935ad1d.jpg,2,leaning_backward,1,9,478,561,268158,True,
test,59,55,7cfb52d66039f707c2a39eed8e9395e8-Copy_jpg.rf.93c8312d994380e70fbe818567f7c5e4.jpg,3,leaning_forward,91.39,155.7,253.85,456.99,116006.912,True,
test,60,56,54d5623444aa28a035629077f1e3ec07-Copy-2-_jpg.rf.d47437caa93a10d596c532b727522781.jpg,2,leaning_backward,85.78,58.49,293.49,339.73,99707.358,True,
test,61,57,f716e154978334ae2e295d599f94ce18-1-Copy_jpg.rf.227d7e3aaaa6f21158712804037bdea7.jpg,3,leaning_forward,77.75,48.72,353.48,569.17,201190.212,True,
test,62,58,d2551c12ee75b9801558fc5fc9aa6835-Copy_jpg.rf.b23b1aff26c060abfd7f17bb9ef2123b.jpg,2,leaning_backward,26.08,219.71,413.34,335.8,138799.572,True,
test,63,59,ae991ba64b9c8d6dae8690ad6b3d081c-Copy_jpg.rf.f1f94b91a9163d6ba7133e4bacdd1e25.jpg,3,leaning_forward,275.94,108.61,229.96,333.22,76627.271,True,
test,64,60,55632de40c58a115989eac19fd4a0434-Copy_jpg.rf.4df1d597a86ca75ccd80c18862107ccf.jpg,3,leaning_forward,191.3,59.71,331.02,386.88,128065.018,True,
test,65,61,4c84606a0be3a00dcd0c5afa33e8e379-Copy_jpg.rf.4abb6266a233f40df4c9bb97f0b58d4b.jpg,2,leaning_backward,113.91,37.68,311.3,298.97,93069.361,True,
test,66,62,65b68aa00170db5f0a8af73b0aabb967-Copy-2-_jpg.rf.6db438ef58d42ae06604559a213077fa.jpg,3,leaning_forward,96.92,14.69,402.35,483.59,194572.437,True,
test,67,63,ef22e2258b249c12ed7d356d9763d6e3-Copy_jpg.rf.b459b262a8affa810dc4d58d11eabfa0.jpg,3,leaning_forward,86.96,21.45,367.53,568.19,208826.871,True,
test,68,64,d6ed48520eb23c8108f497dba46154ed-Copy_jpg.rf.144603397b29ed24c456f46102829800.jpg,3,leaning_forward,117.39,193.24,262.32,413.11,108367.015,True,
test,69,65,sipotion_1749658418267_slouch_0_79_jpg.rf.9a36e8883a15711843e135f72ae05c0b.jpg,2,leaning_backward,183.62,53.35,295.71,498.99,147556.333,True,
test,70,66,sipotion_1749658241945_slouch_0_57_jpg.rf.e8abc4389f9eb095c15124cfc07ff936.jpg,4,slouch,194.67,267.33,222,327.33,72667.26,True,
test,71,67,posture-299-_jpg.rf.cac5831ec89417da394c3c7b3558f21d.jpg,1,good_posture,136.67,43.88,339.44,596.11,202343.578,True,
test,72,68,sipotion_1749660960259_leaning_forward_0_93_jpg.rf.17c54483695fd33a61c646d48995086b.jpg,3,leaning_forward,146.67,73.33,382,564.67,215703.94,True,
test,73,69,5337e518499bc811621e435c8ff6ec8d_jpg.rf.9006e1a7eeacb21b21a063402b9c52d8.jpg,3,leaning_forward,46.31,30.87,286.36,431.85,123664.566,True,
test,74,70,72d1d0e31b3ee7bf4c0bc751c39d764a-Copy-2-_jpg.rf.3cb52d8e9f43e8bfce2ee492f7701488.jpg,3,leaning_forward,52.19,34.8,371.87,461.73,171703.535,True,
test,75,71,43b535f4216a408236b1b9d7f6c1fea2_jpg.rf.a4b006a5b103bfee161629366e04e484.jpg,3,leaning_forward,31.88,143.96,218.36,408.31,89158.572,True,
test,76,72,0ca729bb0533a56046bef7fc90a5e528-Copy_jpg.rf.7a774761abe2cd8883801e26694120b1.jpg,2,leaning_backward,78.2,85.12,416.03,500.72,208314.542,True,
test,77,73,posture-281-_jpg.rf.e849242ae8b497576395d659c73fddaf.jpg,3,leaning_forward,111.67,93.89,472.22,494,233276.68,True,
test,78,74,sipotion_1749660947461_leaning_forward_0_94_jpg.rf.af45beb08b97a24c365f0ba757c9cd8a.jpg,3,leaning_forward,146,162.67,291.33,476.67,138868.271,True,
test,79,75,d161f2786ecb34da296fd6a5f5e2f9b8-Copy_jpg.rf.0d977df8a0e3a71a15dd45b1456d169b.jpg,4,slouch,13.39,20.64,349.24,507.27,177158.975,True,
test,80,76,posture-154-_jpg.rf.29f152c3da336483f6e4365513e6811e.jpg,1,good_posture,128.34,140.55,363.33,478.43,173827.972,True,
test,81,77,384a130b2bbe3f8efd1c030c8575ae32_jpg.rf.38185fd4398fa15e2e6152489b962976.jpg,4,slouch,357.35,27.9,133.07,267.49,35594.894,True,
test,82,77,384a130b2bbe3f8efd1c030c8575ae32_jpg.rf.38185fd4398fa15e2e6152489b962976.jpg,4,slouch,27.37,328.91,148.62,232.45,34546.719,True,
test,83,77,384a130b2bbe3f8efd1c030c8575ae32_jpg.rf.38185fd4398fa15e2e6152489b962976.jpg,4,slouch,476.45,293.5,138.43,241.04,33367.167,True,
test,84,78,posture-496-_jpg.rf.8c22147098904f17466838acee64f8fa.jpg,1,good_posture,135,157.22,492.22,317.4,156230.628,True,
test,85,79,sipotion_1749648193249_good_posture_0_88_jpg.rf.d95125fe1b20ef6376719179dc796b95.jpg,2,leaning_backward,236,62,311.33,530.67,165213.491,True,
test,86,80,18dbb46aabd5f4894e58e4134de6e8c5-Copy-2-_jpg.rf.4a958c4ee4c1d3ea7a2b3c709dee2fdb.jpg,1,good_posture,97.71,113.17,279.37,472.17,131910.133,True,
test,87,81,abcde4b64bd43fc40fb1074ee9dab339-Copy_jpg.rf.b541ee54383795e6ccb9d2325a95b1fa.jpg,2,leaning_backward,114.78,202.32,309.57,382.16,118305.271,True,
test,88,82,8342eed2d92fca7228e9732d22ecf673-Copy-2-_jpg.rf.e1fca2b45563fb9516f8f7f8786be0c4.jpg,3,leaning_forward,252.51,35.41,249.62,412.94,103078.083,True,
test,89,83,1dbfaeae7a5f83ec3a42df89e3956a0d-Copy_jpg.rf.a192f1b99e4c3fba3f149792e62b1000.jpg,2,leaning_backward,60.87,222.22,280.19,303.01,84900.372,True,
test,90,84,20f8b04e8c35f11d763dfd70082e1e27-Copy-2-_jpg.rf.3f6a5e6a42df5f1b50b03c1df56aad77.jpg,3,leaning_forward,84.06,220.77,286.96,361.43,103715.953,True,
test,91,85,cec46972cbef1a581b89ea0a19058678_jpg.rf.789e8b4874d5ada9dc694a9c5abaaff6.jpg,1,good_posture,344.57,31.88,176.81,363.48,64266.899,True,
test,92,86,07682242a71b0f05da9a31a4f5a473f7_jpg.rf.47164d522c552bca44190e5b5b1afce2.jpg,4,slouch,13.72,6.6,138.15,222.28,30707.982,True,
test,93,86,07682242a71b0f05da9a31a4f5a473f7_jpg.rf.47164d522c552bca44190e5b5b1afce2.jpg,4,slouch,481.52,15.75,147.81,243.59,36005.038,True,
test,94,86,07682242a71b0f05da9a31a4f5a473f7_jpg.rf.47164d522c552bca44190e5b5b1afce2.jpg,4,slouch,476.95,264.13,154.41,217.55,33591.895,True,
test,95,86,07682242a71b0f05da9a31a4f5a473f7_jpg.rf.47164d522c552bca44190e5b5b1afce2.jpg,4,slouch,13.71,247.37,185.91,211.98,39409.202,True,
test,96,86,07682242a71b0f05da9a31a4f5a473f7_jpg.rf.47164d522c552bca44190e5b5b1afce2.jpg,4,slouch,254.48,253.47,179.81,228.21,41034.44,True,
test,97,86,07682242a71b0f05da9a31a4f5a473f7_jpg.rf.47164d522c552bca44190e5b5b1afce2.jpg,3,leaning_forward,205.71,450.04,174.73,187.99,32847.493,True,
test,98,86,07682242a71b0f05da9a31a4f5a473f7_jpg.rf.47164d522c552bca44190e5b5b1afce2.jpg,2,leaning_backward,472.38,480.51,167.62,159.49,26733.714,True,
test,99,87,posture-460-_jpg.rf.7ddfbcada67874837da6d99cee6429f0.jpg,1,good_posture,110,0.56,457.22,639.44,292364.757,True,
test,100,88,97c46ea03ebf7108d0587b11e4cb3d23-Copy_jpg.rf.7e4d3596291bd0396a8e7b4a5b2c991e.jpg,3,leaning_forward,82.66,105.29,312.92,467.99,146443.431,True,
test,101,89,b401411a6b10217bba7fff0087d4ad5a-Copy_jpg.rf.6281c6804c6871b0db7f9a0981d83a1c.jpg,3,leaning_forward,2.9,71.3,362.32,568.7,206051.384,True,
test,102,90,b128cc384c711b81eb35bc8af1aa0e3b-Copy_jpg.rf.d2131938b14e564bc6b7803161acee4c.jpg,2,leaning_backward,82.61,272.95,311.59,255.18,79511.536,True,
test,103,91,sipotion_1749636397809_good_posture_0_77_jpg.rf.b63043ebcc84a4664eb52765d294f722.jpg,4,slouch,142,0,485.33,605.33,293784.809,True,
train,1,0,sipotion_1749650550988_leaning_forward_0_68_jpg.rf.74c604a1b3da097a0be1a2d0b0d5fcf1.jpg,4,slouch,190.67,137.33,288,391.33,112703.04,True,
train,2,1,48ddae6c1833765180cf4a91f937114c_jpg.rf.016d0edf96f5644b422bddb625e42b77.jpg,3,leaning_forward,43.48,149.76,221.26,356.16,78803.962,True,
train,3,2,sipotion_1749649856675_slouch_0_83_jpg.rf.e9c576c3c6fa751c034cfc28488cd381.jpg,1,good_posture,303.33,306,128.67,306.67,39459.229,True,
train,4,2,sipotion_1749649856675_slouch_0_83_jpg.rf.e9c576c3c6fa751c034cfc28488cd381.jpg,2,leaning_backward,0,210.67,116,179.33,20802.28,True,
train,5,3,b9c5f3e637dc92a1919e6e96fe2b5ee2_jpg.rf.0df0aed15163cbef693e69b4bb435eff.jpg,2,leaning_backward,80.76,149.84,307.81,443.51,136516.813,True,
train,6,4,sipotion_1749650402977_leaning_forward_0_93_jpg.rf.4afa8c96c80163e9e8c54209af77a6ef.jpg,3,leaning_forward,254.67,182,265.33,311.33,82605.189,True,
train,7,5,sipotion_1749658455036_slouch_0_43_jpg.rf.feaa278ef66d6681eced3afb003db418.jpg,1,good_posture,73.33,64.67,360,546.67,196801.2,True,
train,8,6,sipotion_1749658795005_good_posture_0_45_jpg.rf.754a0c9e4cb6913e56457ffbfdf289e3.jpg,3,leaning_forward,183.33,132,254,491.33,124797.82,True,
train,9,7,03fd679809fc70b36daa038971206388_jpg.rf.83d0514e701009e74ea2628483d290f5.jpg,2,leaning_backward,52.73,137.6,353.55,390.33,138001.171,True,
train,10,8,sipotion_1749637011586_leaning_forward_0_45_jpg.rf.c46232a3c6bac0f11852d935cd1d735c.jpg,2,leaning_backward,231.33,97.33,173.33,300,51999,True,
train,11,9,sipotion_1749658179885_leaning_backward_0_77_jpg.rf.65451d09227f37d20855036a157850fb.jpg,2,leaning_backward,160,117.33,479.33,504,241582.32,True,
train,12,10,ca09442eac5a421002e9abbce5785282_jpg.rf.e12c30e19c0aec85fd60b4d674d48bc1.jpg,2,leaning_backward,43.77,104.29,348.53,394.08,137348.702,True,
train,13,11,sipotion_1749660929556_leaning_forward_0_90_jpg.rf.3783ed37dc4163b14a4b606f44acfee9.jpg,3,leaning_forward,235.33,138,274,499.33,136816.42,True,
train,14,12,sipotion_1749660922587_leaning_forward_0_88_jpg.rf.c755c4bd55148f66cadc7fb9e83d50b6.jpg,3,leaning_forward,106,37.33,351.33,592,207987.36,True,
train,15,13,16a88fe94b0ee27f4819c63b2df6ee41_jpg.rf.78a12d5088c47bfd1bcf52afa2917c83.jpg,3,leaning_forward,358.89,254.99,108.65,132.97,14447.191,True,
train,16,13,16a88fe94b0ee27f4819c63b2df6ee41_jpg.rf.78a12d5088c47bfd1bcf52afa2917c83.jpg,2,leaning_backward,45,256.09,109.38,130.4,14263.152,True,
train,17,14,sipotion_1749658453496_slouch_0_83_jpg.rf.e7945d0845d76abd1ac0e26c83281481.jpg,1,good_posture,53.33,71.33,378,558.67,211177.26,True,
train,18,15,sipotion_1749658254428_slouch_0_70_jpg.rf.e829ba60054545ee54f71eac467af038.jpg,2,leaning_backward,4,4.67,449.33,629.33,282776.849,True,
train,19,16,353ff20c38ac089148b3d6307d0470f5_jpg.rf.7e92ed4fdf18512aad3d6343516a1d30.jpg,2,leaning_backward,391.31,135.55,213.52,230.84,49288.957,True,
train,20,17,sipotion_1749660944688_leaning_forward_0_92_jpg.rf.b3029682f907d7d2383997467991402e.jpg,3,leaning_forward,149.33,166,328.67,470,154474.9,True,
train,21,18,sipotion_1749658301936_slouch_0_79_jpg.rf.e7bd06bec199f15de2fa1e96742d9a0f.jpg,2,leaning_backward,80.67,209.33,489.33,406,198667.98,True,
train,22,19,f63330d769a8f44368f380945d2a1656_jpg.rf.ecdbe3b239d59be33f698fcb58aa7d96.jpg,3,leaning_forward,296.74,43.83,160.87,356.59,57364.633,True,
train,23,20,036894bc9625960d01fc04bcf5d663b6_jpg.rf.50bf05257130edb096b8696be46d0af0.jpg,1,good_posture,236.03,33.96,165.22,246.56,40736.643,True,
train,24,21,sipotion_1749636396471_good_posture_0_81_jpg.rf.04aea4cf15e94704603a60797b8bfb22.jpg,4,slouch,164,0,474,618,292932,True,
train,25,22,0d3c7ea98ef00e38def853945a9bad57_jpg.rf.781cde90d112ed38c52994ab877d899b.jpg,2,leaning_backward,121.21,199.32,273.67,364.3,99697.981,True,
train,26,23,sipotion_1749636392897_good_posture_0_88_jpg.rf.534d5657ee3d7e99e4778e567e50f86f.jpg,4,slouch,161.33,0,477.33,615.33,293715.469,True,
train,27,24,sipotion_1749650541949_leaning_forward_0_45_jpg.rf.cb6a09f83bac171d310be3e1fd94cd5a.jpg,1,good_posture,122,86,314,421.33,132297.62,True,
train,28,25,5678fa20200e3d80dc15d6db3090e4a1_jpg.rf.51c2cf195b6093f974f286d7be153990.jpg,1,good_posture,44.35,126.8,208.1,405.55,84394.955,True,
train,29,26,sipotion_1749660908457_leaning_forward_0_83_jpg.rf.23059baeaa1c8fb0704256e77e38083a.jpg,3,leaning_forward,89.53,39.44,429.33,600.55,257834.131,True,
train,30,27,sipotion_1749658601907_leaning_backward_0_52_jpg.rf.fe8e636369912d319f8aff30480b87e4.jpg,2,leaning_backward,0,124.67,438.67,506.67,222260.929,True,
train,31,28,ac97be302e96fe2b06d6813335189dd7_jpg.rf.a797a646925b00890ad2fe80613fc5a8.jpg,4,slouch,81.16,52.66,282.13,547.9,154579.027,True,
train,32,29,85c031b309e33385e14a6c47b735e9a2_jpg.rf.db68234017e316945eee4996f7395dbb.jpg,4,slouch,80.75,43.89,210.35,338.42,71186.647,True,
train,33,29,85c031b309e33385e14a6c47b735e9a2_jpg.rf.db68234017e316945eee4996f7395dbb.jpg,3,leaning_forward,354.03,66.25,173.91,327.64,56979.872,True,
train,34,30,sipotion_1749658646618_leaning_forward_0_44_jpg.rf.db03a5bbda086c6decd82cb710242f43.jpg,3,leaning_forward,134.67,88,326.67,532.67,174007.309,True,
train,35,31,sipotion_1749649859977_slouch_0_63_jpg.rf.0f65919b3a0b364aae7a341726de0f7c.jpg,2,leaning_backward,166.67,144,258.67,438,113297.46,True,
train,36,32,sipotion_1749649826277_leaning_backward_0_86_jpg.rf.4a94dbd3c99df31514dd3ea5367a08af.jpg,2,leaning_backward,183.33,306.67,186.67,235.33,43929.051,True,
train,37,33,sipotion_1749658387145_good_posture_0_65_jpg.rf.d9266bf92b18319cbf2881749c1961ab.jpg,1,good_posture,149.81,16.84,334.19,606.72,202759.757,True,
train,38,34,sipotion_1749658385294_good_posture_0_48_jpg.rf.88c632f00cc0674fffeb088892049e88.jpg,1,good_posture,122.67,34,399.33,606,241993.98,True,
train,39,35,sipotion_1749658369570_slouch_0_47_jpg.rf.5735dc197b207d75bec003a5ccaf0ed4.jpg,2,leaning_backward,236.09,61.26,246.57,480.07,118370.86,True,
train,40,36,sipotion_1749658557209_slouch_0_40_jpg.rf.26dbbbf14197dddb074a86193aad0451.jpg,3,leaning_forward,199.33,15.33,346,624,215904,True,
train,41,37,sipotion_1749658202114_leaning_forward_0_83_jpg.rf.978b4a18ab2f8bbefb179c24b2bac3aa.jpg,4,slouch,161.33,197.33,426,442,188292,True,
train,42,38,f44c6ccd421750ad1c75b35d6b2ee4da_jpg.rf.2c652bccd2ca78d48a289e11cbe12891.jpg,1,good_posture,109.28,93.51,271.29,448.66,121716.971,True,
train,43,39,07c82ef97039dc0302cb5dfd1f4cb413_jpg.rf.d97c4c03daec059b46ff8cdad7f1b4dc.jpg,1,good_posture,466.94,80.91,142.22,293.6,41755.792,True,
train,44,40,12409ad7deb10d5ed474ba47e6738b4a_jpg.rf.3b1702d63ad0a9dcb2d79ff5c68e155d.jpg,4,slouch,158.26,7.53,292.17,632.46,184785.838,True,
train,45,41,sipotion_1749649786281_leaning_forward_0_86_jpg.rf.15510ce0c8edc6ba1493dfb6a0ac1cf7.jpg,4,slouch,141.33,142,343.33,374,128405.42,True,
train,46,42,2d9d6695b9738eff81cbab92e7e48700-Copy_jpg.rf.2bd12894bf06a8f86dc6ef73d61099ed.jpg,2,leaning_backward,49.56,7.85,424.51,405.17,171998.717,True,
train,47,43,a2b289bc83b7a4fd46328abc1128405d_jpg.rf.dcf1c3bec66ba974bd48c1163cb3e4b5.jpg,4,slouch,504.38,224.89,72.71,125.19,9102.565,True,
train,48,43,a2b289bc83b7a4fd46328abc1128405d_jpg.rf.dcf1c3bec66ba974bd48c1163cb3e4b5.jpg,4,slouch,449.3,456.06,130.69,148.65,19427.069,True,
train,49,44,sipotion_1749658834856_leaning_backward_0_69_jpg.rf.4eef4b81e703fae8f97f7fd5a128b697.jpg,1,good_posture,154.67,149.33,372.67,484,180372.28,True,
train,50,45,sipotion_1749658504608_slouch_0_56_jpg.rf.2f89a4b62a0fec14a74286edfe4e60a3.jpg,1,good_posture,180,190,250.67,362,90742.54,True,
train,51,46,c2bc59cd78921a4811bca7253f33bf8a-Copy_jpg.rf.12ced5adb9a6bce6b41db068ae9ae52b.jpg,2,leaning_backward,46.42,249.99,361.68,278.62,100771.282,True,
train,52,47,sipotion_1749658592179_leaning_backward_0_57_jpg.rf.1b646c04b560cc80de3c69720e0dce9e.jpg,2,leaning_backward,148.67,92,484.67,544.67,263985.209,True,
train,53,48,164beb21e641c2e24c5a1f6f62587bc1_jpg.rf.c1fe4efbb833abc0060ad38c537226f9.jpg,4,slouch,71.93,51.64,157.31,194.02,30521.286,True,
train,54,48,164beb21e641c2e24c5a1f6f62587bc1_jpg.rf.c1fe4efbb833abc0060ad38c537226f9.jpg,2,leaning_backward,248.23,33.47,222.92,176.91,39436.777,True,
train,55,49,642810152cca1b37a584fac07693a363_jpg.rf.44a6b80d928650d62dba3aa4d211823c.jpg,3,leaning_forward,48.69,70.14,251.02,494.63,124162.023,True,
train,56,49,642810152cca1b37a584fac07693a363_jpg.rf.44a6b80d928650d62dba3aa4d211823c.jpg,4,slouch,318.26,59.71,288.7,516.65,149156.855,True,
train,57,50,sipotion_1749658658497_slouch_0_81_jpg.rf.d38860f50cefb5975a94f695f947d3d2.jpg,3,leaning_forward,166.67,140.67,315.33,489.33,154300.429,True,
train,58,51,bb8d22e4651148c458fdfca7e92d22f9_jpg.rf.cea3a98b1b592ca58b00039b83d7391a.jpg,1,good_posture,27.8,97.64,216.13,314.22,67912.369,True,
train,59,52,sipotion_1749649829222_leaning_backward_0_85_jpg.rf.cd58771c8e0857e69e9ce39fbdab5729.jpg,2,leaning_backward,182.67,300,182.67,224.67,41040.469,True,
train,60,53,334cbc1795755361563740d1b9c2ba02_jpg.rf.a6a7a4dda70cec7a7518a465ef2dcdd6.jpg,3,leaning_forward,42.37,1.95,432.51,626.9,271140.519,True,
train,61,54,sipotion_1749658273577_good_posture_0_72_jpg.rf.486224dc355378e655413def1352e9ff.jpg,1,good_posture,92,73.33,377.33,566,213568.78,True,
train,62,55,sipotion_1749660936500_leaning_forward_0_85_jpg.rf.3522e0fbbdc135f03a0acbab14f85120.jpg,3,leaning_forward,191.33,119.33,327.33,516.67,169121.591,True,
train,63,56,sipotion_1749660918279_leaning_forward_0_93_jpg.rf.625f894163494d676920e088a9a3031a.jpg,3,leaning_forward,140,26,382,609.33,232764.06,True,
train,64,57,f96e0320bb76b43237861d629e025daa-1-_jpg.rf.8a4391d38ddbde7a8c529cd70c8301d4.jpg,2,leaning_backward,83.5,244.4,281.7,343.61,96794.937,True,
train,65,58,4bf7a1f74bd8a456fecc108fe136dcea_jpg.rf.e0181a963af50ca0e7511833cf094e95.jpg,2,leaning_backward,49.28,265.7,277.29,191.94,53223.043,True,
train,66,59,sipotion_1749658652880_slouch_0_76_jpg.rf.f8cd8fd3375b3b21681716a0afbfe08c.jpg,3,leaning_forward,149.33,140.67,330.67,498.67,164895.209,True,
train,67,60,sipotion_1749658655732_slouch_0_84_jpg.rf.1f9fd59ce28a9a5e82b4145d14b1f3d2.jpg,1,good_posture,133.33,105.33,348.67,526.67,183634.029,True,
train,68,61,sipotion_1749658433630_good_posture_0_77_jpg.rf.9fa58e32268ca4cc678cc457054fd15f.jpg,2,leaning_backward,260,250.67,192.67,260.67,50223.289,True,
train,69,62,sipotion_1749658422979_slouch_0_86_jpg.rf.f9bc69c200b78a51ff3aec363fdd95ee.jpg,1,good_posture,241.91,58,245.43,490.53,120390.778,True,
train,70,63,sipotion_1749658442127_good_posture_0_53_jpg.rf.bd7378953f28490c8dd013edd3900395.jpg,1,good_posture,0,82.67,325.33,556.67,181101.451,True,
train,71,64,4edf682b2586f97d3036b834179bb71e_jpg.rf.15dbfe28a107ad6766366a65a5d70021.jpg,2,leaning_backward,91.34,269.66,244.65,183.4,44868.81,True,
train,72,65,d431ef6818d215d304c11efe5a8d485d_jpg.rf.f4c65b623ecc3197482189e109820891.jpg,2,leaning_backward,161.42,294.89,272.21,241.74,65804.045,True,
train,73,66,df71d8ccc4340726edec1490867bf2b5_jpg.rf.8da49f91ab5020cc92cb42d2450a0dd9.jpg,1,good_posture,156.81,7.74,223.59,428.48,95803.843,True,
train,74,67,sipotion_1749650401543_leaning_forward_0_58_jpg.rf.7725919671b206dd9e24898ab94209e1.jpg,3,leaning_forward,239.33,212,268,292.67,78435.56,True,
train,75,68,sipotion_1749658178359_good_posture_0_71_jpg.rf.0b2c683ee8e2ea563c0401cb9d803b45.jpg,2,leaning_backward,173.33,138.67,460,500.67,230308.2,True,
train,76,69,sipotion_1749642775499_leaning_forward_0_70_jpg.rf.9875c6cfe98a700506bbffbb304ec449.jpg,4,slouch,191.33,174,302,306.67,92614.34,True,
train,77,70,sipotion_1749660914798_leaning_forward_0_92_jpg.rf.13ad6cb48abfb2fadc35b9456f639a24.jpg,3,leaning_forward,132.67,19.33,386.67,616,238188.72,True,
train,78,71,sipotion_1749649868548_slouch_0_86_jpg.rf.9eb0741bf441b370b5726c9d301c7017.jpg,1,good_posture,164,196,259.33,400,103732,True,
train,79,72,sipotion_1749660935080_leaning_forward_0_91_jpg.rf.f3bd6cb3d47f968f17256d35efcf90ba.jpg,3,leaning_forward,140,167.33,278.67,470.67,131161.609,True,
train,80,73,0138e93a957e274905ea6c2ed2d4042d_jpg.rf.601de128185a0d950a6067ad646f88c8.jpg,3,leaning_forward,395.68,34.7,95.82,147.63,14145.907,True,
train,81,73,0138e93a957e274905ea6c2ed2d4042d_jpg.rf.601de128185a0d950a6067ad646f88c8.jpg,3,leaning_forward,521.15,32.63,102.71,147.86,15186.701,True,
train,82,73,0138e93a957e274905ea6c2ed2d4042d_jpg.rf.601de128185a0d950a6067ad646f88c8.jpg,3,leaning_forward,530.11,247.7,99.72,145.03,14462.392,True,
train,83,73,0138e93a957e274905ea6c2ed2d4042d_jpg.rf.601de128185a0d950a6067ad646f88c8.jpg,3,leaning_forward,139.94,244.26,105.93,155.13,16432.921,True,
train,84,73,0138e93a957e274905ea6c2ed2d4042d_jpg.rf.601de128185a0d950a6067ad646f88c8.jpg,3,leaning_forward,11.72,245.64,104.55,154.22,16123.701,True,
train,85,73,0138e93a957e274905ea6c2ed2d4042d_jpg.rf.601de128185a0d950a6067ad646f88c8.jpg,3,leaning_forward,26.89,455.89,98.57,147.36,14525.275,True,
train,86,73,0138e93a957e274905ea6c2ed2d4042d_jpg.rf.601de128185a0d950a6067ad646f88c8.jpg,3,leaning_forward,146.14,456.57,106.62,147.13,15687.001,True,
train,87,73,0138e93a957e274905ea6c2ed2d4042d_jpg.rf.601de128185a0d950a6067ad646f88c8.jpg,3,leaning_forward,284.01,463.47,95.59,154.48,14766.743,True,
train,88,73,0138e93a957e274905ea6c2ed2d4042d_jpg.rf.601de128185a0d950a6067ad646f88c8.jpg,3,leaning_forward,406.03,464.85,100.18,148.97,14923.815,True,
train,89,73,0138e93a957e274905ea6c2ed2d4042d_jpg.rf.601de128185a0d950a6067ad646f88c8.jpg,3,leaning_forward,539.75,460.71,90.08,162.29,14619.083,True,
train,90,74,a661ffb01f95295449f9d5357024b13e_jpg.rf.58e2468e4ab71622dfaa6564cb083acb.jpg,3,leaning_forward,166,35,161,391,62951,True,
train,91,75,sipotion_1749648180037_leaning_forward_0_82_jpg.rf.f982d335b0f69c83b3389ec79d5c5988.jpg,4,slouch,250.67,35.33,309.33,510.67,157965.551,True,
train,92,76,sipotion_1749642774253_leaning_forward_0_48_jpg.rf.7ee6346799ec7594ad7dca2c5b5dd9df.jpg,4,slouch,196.67,188.67,302,308.67,93218.34,True,
train,93,77,12549cd180196f34b4527ceb4f8eab15_jpg.rf.7d67896ccdd692205b5ce7a42339a3e6.jpg,1,good_posture,113.54,34.12,298.52,605.88,180867.298,True,
train,94,78,sipotion_1749658638019_good_posture_0_45_jpg.rf.5ec32f364f88c7aa5479128056bf4a31.jpg,1,good_posture,110.67,127.33,324,510,165240,True,
train,95,79,sipotion_1749658643366_slouch_0_75_jpg.rf.dec505548c56b3ecbeae3f29fd807e10.jpg,3,leaning_forward,98.67,61.33,368.67,554,204243.18,True,
train,96,80,sipotion_1749645595364_slouch_0_84_jpg.rf.4a21416230f7d636b3bb398ed9b80adf.jpg,2,leaning_backward,133.33,142.67,428.67,464.67,199190.089,True,
train,97,81,sipotion_1749658262311_slouch_0_73_jpg.rf.7b54b4a24c5d78c4be3e62406796273e.jpg,1,good_posture,113.33,70.67,377.33,568.67,214576.251,True,
train,98,82,d47bfdaf545091c1be93494644ea634d_jpg.rf.3427cbccab87faa602fc3c20ab16f2ec.jpg,3,leaning_forward,173.63,61.43,109.01,133.05,14503.781,True,
train,99,82,d47bfdaf545091c1be93494644ea634d_jpg.rf.3427cbccab87faa602fc3c20ab16f2ec.jpg,3,leaning_forward,266.9,56.38,84.29,120.51,10157.788,True,
train,100,83,sipotion_1749658299486_leaning_backward_0_77_jpg.rf.90dbac00dbd0b79961482696ea1899c6.jpg,2,leaning_backward,1.33,143.33,521.33,492.67,256843.651,True,
train,101,84,sipotion_1749643406632_leaning_forward_0_55_jpg.rf.e61215c99298cdc791e1f78160e79c63.jpg,2,leaning_backward,291.33,171.33,213.33,374,79785.42,True,
train,102,85,7e8987d97815ac92e40af23969d37b6d_jpg.rf.e9b6aeaab13338a7b44e6ed7e460fbcf.jpg,2,leaning_backward,208.98,73.29,226.03,220.72,49889.342,True,
train,103,86,sipotion_1749658458320_slouch_0_78_jpg.rf.a185d3ad24d2248935e1fc4f18243fb1.jpg,1,good_posture,94.67,94.67,344.67,526,181296.42,True,
train,104,87,cd73af0a7e9bee5131375eedd7085d25-Copy_jpg.rf.23d6ec572e70e35874420ef6e3259027.jpg,2,leaning_backward,78.4,163.56,306.66,380.97,116828.26,True,
train,105,88,21821f3caee00e219a0312ce4934fb83-Copy-2-_jpg.rf.d9c678339fc98f1183eb71ee5a9a561f.jpg,2,leaning_backward,58.33,157.22,394.45,406.24,160241.368,True,
train,106,89,sipotion_1749658828803_leaning_forward_0_75_jpg.rf.8b56297a19cec1982cc64432b1fd96b0.jpg,1,good_posture,179.33,97.33,363.33,535.33,194501.449,True,
train,107,90,dfec9db25da4c451e5fe8f32d856c863_jpg.rf.76251fa87322bc2592494573fae49b0a.jpg,1,good_posture,140.87,21.45,207.54,333.6,69235.344,True,
train,108,91,bbba32a0604bc925cc7c0c82e83dadd9_jpg.rf.1c86d6c6428b8de320af63d3a9568444.jpg,3,leaning_forward,135.87,59.06,186.23,332.31,61886.091,True,
train,109,91,bbba32a0604bc925cc7c0c82e83dadd9_jpg.rf.1c86d6c6428b8de320af63d3a9568444.jpg,3,leaning_forward,340.22,46.01,182.61,314.95,57513.02,True,
train,110,92,2433a50aeeb63b52d760b867a3b6e3a0-1-_jpg.rf.7f9fd6a7fe026846cc38a2e6a4cdd986.jpg,2,leaning_backward,138.21,106.9,310.67,395.9,122994.253,True,
train,111,93,1e077cbdaf6bf7432f615de9c900f1f6_jpg.rf.0234ea9151cc51112d6ae00b7d5f8380.jpg,2,leaning_backward,0,152.66,307.25,448.86,137912.235,True,
train,112,94,sipotion_1749658641704_good_posture_0_77_jpg.rf.4118283b9b55f366438b3eaa09f7b3ab.jpg,1,good_posture,30.67,57.33,378,582,219996,True,
train,113,95,e5604a6624bedc3aeed64683825cd0c0-Copy_jpg.rf.4e0c03914fe5b0d9a62b6a78edf056f0.jpg,2,leaning_backward,56.01,170.04,366.32,457.71,167668.327,True,
train,114,96,3ae0a216bf8c89853fc98afed0124740-Copy_jpg.rf.311635dcce6f67ef5f37de57bf9fe253.jpg,2,leaning_backward,28.57,18.57,526.7,424.09,223368.203,True,
train,115,97,sipotion_1749645589982_slouch_0_71_jpg.rf.80f5c486a73e4d22c75cdb855a5fcc51.jpg,2,leaning_backward,103.33,160,411.33,455.33,187290.889,True,
train,116,98,sipotion_1749658448988_slouch_0_84_jpg.rf.e6660bf5603a631393da8704825aca30.jpg,1,good_posture,17.33,54,364,584.67,212819.88,True,
train,117,99,sipotion_1749648876198_leaning_forward_0_65_jpg.rf.1e46ee024b6af2cec059d62144c72406.jpg,3,leaning_forward,114.67,121.33,320,513.33,164265.6,True,
train,118,100,09e09f885afa44118ab87bd5665c62f0-Copy_jpg.rf.bd8efccdf939bd5a0caac32851a03d9b.jpg,2,leaning_backward,57.08,93.51,416.99,420.4,175302.596,True,
train,119,101,2fd36c70e229800db9a2de27e2f1f0eb_jpg.rf.a81d1ca16a5ae39c4bcc5028dd3f2801.jpg,1,good_posture,131.05,0,321.53,482.69,155199.316,True,
train,120,102,sipotion_1749649872648_good_posture_0_83_jpg.rf.cf3c89f146a64438f4d19633eb2a575e.jpg,1,good_posture,171.33,172,257.33,433.33,111508.809,True,
train,121,103,6fa6108ec125b86c241e37f7dbbbaa0c-Copy-2-_jpg.rf.e7cf75c20a16c5ef6c410e23db876f69.jpg,2,leaning_backward,10.15,74.31,403.38,468.21,188866.55,True,
train,122,104,sipotion_1749650629537_leaning_forward_0_74_jpg.rf.6d3655b770b62b12fa689845607d8d52.jpg,4,slouch,156.67,172.67,329.33,442,145563.86,True,
train,123,105,sipotion_1749660955828_leaning_forward_0_77_jpg.rf.b82f4c76fed9a6df75807bfff30380fe.jpg,3,leaning_forward,139.33,49.33,386.67,582,225041.94,True,
train,124,106,fd3c0a1d148c0464657d60fdbc00e435_jpg.rf.98b074d12f3a4ad746cbe1a45e9ab8c5.jpg,1,good_posture,220.29,172.95,132.37,317.52,42030.122,True,
train,125,107,sipotion_1749658123570_leaning_forward_0_72_jpg.rf.f35f90a32ab0a7adf8d1c0a9c2c7d2c1.jpg,2,leaning_backward,179.33,238.67,340.67,342,116509.14,True,
train,126,108,e05314483d2996c4f28557bd514225a6_jpg.rf.076cc17b768110344549a619990f07a6.jpg,3,leaning_forward,65.21,300.48,266.19,305.86,81416.873,True,
train,127,109,sipotion_1749649839187_leaning_backward_0_87_jpg.rf.28070e7c36d426da233d3d90b942d15b.jpg,2,leaning_backward,0,206,372.67,370,137887.9,True,
train,128,110,sipotion_1749649831717_leaning_backward_0_87_jpg.rf.2da313649b27519ac1f868e961ef0bd3.jpg,2,leaning_backward,37.33,202.67,351.33,362,127181.46,True,
train,129,111,c68978748040ecf1b74bc3107b5d2bcb-Copy_jpg.rf.9087477bfbf3692ab0efb56c006d3139.jpg,2,leaning_backward,133.91,113.62,480,397.85,190968,True,
train,130,112,sipotion_1749658634338_good_posture_0_84_jpg.rf.163e76fafaae7ca6e2c0ffaad7d56b91.jpg,1,good_posture,10,81.33,370,556,205720,True,
train,131,113,sipotion_1749658437008_good_posture_0_50_jpg.rf.0d4a07889670840df7aa618b41c39ed7.jpg,2,leaning_backward,189.33,276,194,278.67,54061.98,True,
train,132,114,sipotion_1749658451280_slouch_0_45_jpg.rf.79d512df7379b09b8de23731761d3e09.jpg,1,good_posture,80,82.67,372,556.67,207081.24,True,
train,133,115,sipotion_1749658604526_leaning_backward_0_60_jpg.rf.28bd337d87ccc2a59e1ceb3152c9ead0.jpg,2,leaning_backward,0,118,450.67,514.67,231946.329,True,
train,134,116,f6e18f36f8f24f3d4f57011266eae634_jpg.rf.4421bffbf647494781b667b809395829.jpg,3,leaning_forward,109.78,51.44,201.45,319.65,64393.492,True,
train,135,116,f6e18f36f8f24f3d4f57011266eae634_jpg.rf.4421bffbf647494781b667b809395829.jpg,3,leaning_forward,322.83,32.97,189.13,358.4,67784.192,True,
train,136,117,sipotion_1749650613542_good_posture_0_48_jpg.rf.88c93f2eb66d405595d48c06102e547b.jpg,1,good_posture,1.33,92.67,284,546,155064,True,
train,137,118,sipotion_1749660940181_leaning_forward_0_90_jpg.rf.6873c0f5cb0500115f48b8b1bc12a532.jpg,3,leaning_forward,176.67,150,295.33,488,144121.04,True,
train,138,119,sipotion_1749658420718_slouch_0_86_jpg.rf.0a487d7a73f184cecb1c439794562d54.jpg,1,good_posture,184.48,32.21,292.09,550.05,160664.104,True,
train,139,120,09301a2b43d56f479527a3bb7a3a677f-Copy_jpg.rf.337e41395bf7a48cb9a36b3809fb9ed4.jpg,2,leaning_backward,178,34,443,300,132900,True,
train,140,121,sipotion_1749658304298_leaning_backward_0_52_jpg.rf.084f3777200bf03fe8225235bfcee008.jpg,2,leaning_backward,89.33,222,480,392,188160,True,
train,141,122,sipotion_1749658412228_good_posture_0_74_jpg.rf.2b89b69ad4f12c9686a9ffeb8f8943a6.jpg,2,leaning_backward,166.95,39.54,291.71,454.49,132579.278,True,
train,142,123,sipotion_1749658446733_slouch_0_88_jpg.rf.fa7237aee7f3991d0c780b7c1769dc7f.jpg,1,good_posture,12,54,360.67,585.33,211110.971,True,
train,143,124,3cdae28d0a450e822ac4b9f2e9659c47_jpg.rf.2f7fefa22971dc006b04908f77933764.jpg,4,slouch,108.18,0,188.48,351.86,66318.573,True,
train,144,124,3cdae28d0a450e822ac4b9f2e9659c47_jpg.rf.2f7fefa22971dc006b04908f77933764.jpg,2,leaning_backward,380.91,0,208.48,360,75052.8,True,
train,145,125,sipotion_1749649795485_slouch_0_86_jpg.rf.2bd1d63d9950793142e53f13d0b12d45.jpg,4,slouch,151.33,72,388.67,490,190448.3,True,
train,146,126,20391302a3fa71cfe6c528a9ce6608e8-Copy_jpg.rf.4229c39779dccf994e8f9bf213255362.jpg,2,leaning_backward,37,75,389,497,193333,True,
train,147,127,sipotion_1749647352388_good_posture_0_69_jpg.rf.63cefee89431cffc795f140cf2d54232.jpg,2,leaning_backward,302,270.67,123.33,214.67,26475.251,True,
train,148,128,f51df552cb413d9b48a554464edef3e9-Copy_jpg.rf.7eab833ff146ac5c7f0365bdcec2fd35.jpg,2,leaning_backward,45.71,110.23,381.46,455.72,173838.951,True,
train,149,129,sipotion_1749658459865_slouch_0_77_jpg.rf.b649ccceecb386a992e3f4c2e06526e6.jpg,1,good_posture,94.67,107.33,330,514.67,169841.1,True,
train,150,130,7fb92fe484957615d0cc11f9fd553f04_jpg.rf.eacad5e9cf52b89ca6a52937c744194e.jpg,1,good_posture,190.31,255.49,163.54,320.23,52370.414,True,
train,151,131,sipotion_1749658594702_slouch_0_54_jpg.rf.6757b893848cd64a8014a28506a4fb36.jpg,2,leaning_backward,169.33,89.33,468,550,257400,True,
train,152,132,sipotion_1749658256683_slouch_0_89_jpg.rf.9422c6312684d00af05a3f958c2f75c9.jpg,3,leaning_forward,0,23.33,313.33,614.67,192594.551,True,
train,153,133,849b2ec6f8b8a6a998ec0b8f32c7fecd_jpg.rf.5b3a2c5212f0bb3a054b889921e2e919.jpg,1,good_posture,161.09,46.08,131.7,313.2,41248.44,True,
train,154,134,0bfdcb63e31ef0f0a836d1b3a166edfb_jpg.rf.d30f5e6a0d51cd113a60a0cf1d866da5.jpg,3,leaning_forward,456.09,136.86,104.42,237.37,24786.175,True,
train,155,134,0bfdcb63e31ef0f0a836d1b3a166edfb_jpg.rf.d30f5e6a0d51cd113a60a0cf1d866da5.jpg,2,leaning_backward,273.24,147.89,111.55,157.83,17605.936,True,
train,156,134,0bfdcb63e31ef0f0a836d1b3a166edfb_jpg.rf.d30f5e6a0d51cd113a60a0cf1d866da5.jpg,1,good_posture,135.92,138.92,65.32,122.67,8012.804,True,
train,157,135,sipotion_1749649849610_slouch_0_75_jpg.rf.d7e193c8ce1097a755ae423c374d6243.jpg,2,leaning_backward,0,206,114,185.33,21127.62,True,
train,158,135,sipotion_1749649849610_slouch_0_75_jpg.rf.d7e193c8ce1097a755ae423c374d6243.jpg,1,good_posture,166,195.33,272,439.33,119497.76,True,
train,159,136,5737d2dcd9c475179bdc79a15d69ae5c_jpg.rf.50458a6be3a35559941779f926ad0ec5.jpg,4,slouch,69.57,4.83,317.87,485.64,154370.387,True,
train,160,137,9674c858004b86eb5e31d50256e77705_jpg.rf.8cc29eadca1656785f077667eb79f920.jpg,1,good_posture,90.34,139.69,113.92,167.38,19067.93,True,
train,161,138,ee4768006ff50a644e8a6527315f6b79_jpg.rf.12b2f7f75376e2c9765d4bef0e59c440.jpg,2,leaning_backward,17.39,277.3,236.71,301.05,71261.546,True,
train,162,139,01b17ea7357cadd6243eed9d48ea58b4_jpg.rf.c37de5a02dd949a6c86b89d654466d1c.jpg,3,leaning_forward,142.58,112.47,240.91,299.01,72034.499,True,
train,163,140,sipotion_1749660958831_leaning_forward_0_89_jpg.rf.d0f563162073838893bc08b9fe7fbae6.jpg,3,leaning_forward,168,56.67,370,580,214600,True,
train,164,141,sipotion_1749658565923_leaning_backward_0_48_jpg.rf.5d629b9310988b99b2cc459b88c3c98c.jpg,1,good_posture,201.33,37.33,408.67,602,246019.34,True,
train,165,142,sipotion_1749658630751_good_posture_0_89_jpg.rf.40e51137a805eb181f933df08805e96d.jpg,4,slouch,54,103.33,384.67,530,203875.1,True,
train,166,143,sipotion_1749649836581_leaning_backward_0_85_jpg.rf.84665b23d097d08cf4bc1522012a3994.jpg,2,leaning_backward,4.67,209.33,372,368,136896,True,
train,167,144,4e2fd288916df75caab1737d5a197716_jpg.rf.7435f8d95fb3c9a20c2be840f86f70a6.jpg,4,slouch,185.87,155.8,100.72,135.28,13625.402,True,
train,168,145,dff3fe4cfcb4b4386de32392b2df634c_jpg.rf.1a9bf2f94805fedab1fc460285f68c4b.jpg,1,good_posture,232.3,87.37,133.33,263.08,35076.456,True,
train,169,146,53791f6ddfc3b182f97ee0f2cf649948_jpg.rf.16fa2f898ce8c640b62bc3783a618596.jpg,4,slouch,91.87,58.41,209.82,338.21,70963.222,True,
train,170,147,7d8d47a28f031a2f2a5de4e9ddcfd4f9-Copy_jpg.rf.6ddae3618a6eb100b043a6730ddaeaec.jpg,2,leaning_backward,26.11,184.55,328.8,362.8,119288.64,True,
train,171,148,sipotion_1749658329483_slouch_0_89_jpg.rf.70fb600356b6454cd495896e0897ddc3.jpg,3,leaning_forward,93.33,92,373.33,545.33,203588.049,True,
train,172,149,d560297e87e162602cbb5a4731a65784_jpg.rf.0946e561e206b97bec98ab597f8f1c2a.jpg,2,leaning_backward,117.43,341.42,178.32,229,40835.28,True,
train,173,150,sipotion_1749658486061_leaning_backward_0_40_jpg.rf.b92d89866e2f6478ebdc1868b1440364.jpg,1,good_posture,242,33.33,286.67,594,170281.98,True,
train,174,151,sipotion_1749645801741_leaning_forward_0_65_jpg.rf.6c57435fd1d80c5cf9b8be48e46a3f46.jpg,4,slouch,244,114,196,333.33,65332.68,True,
train,175,151,sipotion_1749645801741_leaning_forward_0_65_jpg.rf.6c57435fd1d80c5cf9b8be48e46a3f46.jpg,3,leaning_forward,1.33,104,278.67,316.67,88246.429,True,
train,176,152,sipotion_1749658260259_good_posture_0_75_jpg.rf.b0baefd1f72572d466a67a8a03fc9d14.jpg,1,good_posture,108.67,82,394,557.33,219588.02,True,
train,177,153,sipotion_1749660951608_leaning_forward_0_66_jpg.rf.fb6471f1818841ec06e686ad51722ab6.jpg,3,leaning_forward,30,0,478,633.33,302731.74,True,
train,178,154,08dc77d43e6397ad35d0c0ac48a08dc5_jpg.rf.07cabfd761ce6fac3c3c61e1c87dd9ac.jpg,3,leaning_forward,117.34,100.15,261.92,434.53,113812.098,True,
train,179,155,sipotion_1749658648868_good_posture_0_66_jpg.rf.30960e8ce39c1dd04f1023ed2a3f83a6.jpg,3,leaning_forward,73.33,105.33,346,533.33,184532.18,True,
train,180,156,sipotion_1749658292929_good_posture_0_62_jpg.rf.368417eeca183159a0e84f1479117699.jpg,2,leaning_backward,1.33,126.67,515.33,508.67,262132.911,True,
train,181,157,f087346802e1b07f6849dbfe8a5a538b-Copy_jpg.rf.e12dc36d92ed6e6535397cd2a0dccf6f.jpg,2,leaning_backward,47.82,187.44,367.63,321.38,118148.929,True,
train,182,158,sipotion_1749658311807_slouch_0_74_jpg.rf.399b0950824c9782f513d05e1bae9f2a.jpg,2,leaning_backward,8,212,571.33,389.33,222435.909,True,
train,183,159,858de11184a0a2c5f0aa2fd6f2ab2055_jpg.rf.10d457e06bcf93671107b291bddcebd1.jpg,2,leaning_backward,43.48,164.25,320.77,380.3,121988.831,True,
train,184,160,sipotion_1749648187026_good_posture_0_89_jpg.rf.0a35924b58722fbfbef4ae1101c6909d.jpg,2,leaning_backward,185.33,74.67,343.33,498,170978.34,True,
train,185,161,296e69b197fcd623a2a449d15685e610_jpg.rf.616d9fb2aa7bb3b73b0ac9cf3b67dc3b.jpg,1,good_posture,352.17,1.16,134.5,288.48,38800.56,True,
train,186,161,296e69b197fcd623a2a449d15685e610_jpg.rf.616d9fb2aa7bb3b73b0ac9cf3b67dc3b.jpg,1,good_posture,145.22,3.77,81.16,207.08,16806.613,True,
train,187,161,296e69b197fcd623a2a449d15685e610_jpg.rf.616d9fb2aa7bb3b73b0ac9cf3b67dc3b.jpg,1,good_posture,79.13,6.38,72.46,186.51,13514.515,True,
train,188,162,41026b9c0d71c6d97dc50ebe4a2b207b-Copy_jpg.rf.311d1b3fc1de66dd306c3c5b021d9402.jpg,2,leaning_backward,14.21,9,622.94,528.19,329030.679,True,
train,189,163,8f4099979759756165a3f64c3976b0e0-Copy_jpg.rf.a0afb283a7f78919ce5e3d2bef072485.jpg,2,leaning_backward,53.89,216.89,377.76,416.88,157480.589,True,
train,190,164,898e89760339366ed5451797043449a8_jpg.rf.25ac2650bb96fe516ab5a44adc166c0f.jpg,2,leaning_backward,99.13,14.49,451.02,565.35,254984.157,True,
train,191,165,sipotion_1749648194709_good_posture_0_88_jpg.rf.ff6ecd0e88f04f84d359254ffea43115.jpg,2,leaning_backward,209.33,60.67,332,528.67,175518.44,True,
train,192,166,8f502de8d9390e8a73c55732e739f718_jpg.rf.fe3fe822de28b972306f069a1c7ebe2e.jpg,3,leaning_forward,471.28,418.46,127.63,209.71,26765.287,True,
train,193,166,8f502de8d9390e8a73c55732e739f718_jpg.rf.fe3fe822de28b972306f069a1c7ebe2e.jpg,3,leaning_forward,347.51,5.66,118.56,211.58,25084.925,True,
train,194,166,8f502de8d9390e8a73c55732e739f718_jpg.rf.fe3fe822de28b972306f069a1c7ebe2e.jpg,2,leaning_backward,466.53,9.06,115.16,213.17,24548.657,True,
train,195,166,8f502de8d9390e8a73c55732e739f718_jpg.rf.fe3fe822de28b972306f069a1c7ebe2e.jpg,2,leaning_backward,204.02,224.65,150.07,200.44,30080.031,True,
train,196,167,cfc535292780d25ef6711e326371fd44-Copy-2-_jpg.rf.f996d2dec6a99f36ed0ee2b87df84272.jpg,2,leaning_backward,75.01,163.89,386.11,377.36,145702.47,True,
train,197,168,4bf01322111c82958983446eb5005404_jpg.rf.3ff3cb499dd1d3ece26d9d3a65419cf8.jpg,1,good_posture,119.45,266.58,72.25,121.63,8787.767,True,
train,198,168,4bf01322111c82958983446eb5005404_jpg.rf.3ff3cb499dd1d3ece26d9d3a65419cf8.jpg,1,good_posture,133.21,135.69,66.22,111,7350.42,True,
train,199,168,4bf01322111c82958983446eb5005404_jpg.rf.3ff3cb499dd1d3ece26d9d3a65419cf8.jpg,1,good_posture,549.87,136.15,69.16,116.7,8070.972,True,
train,200,168,4bf01322111c82958983446eb5005404_jpg.rf.3ff3cb499dd1d3ece26d9d3a65419cf8.jpg,1,good_posture,564.42,0.61,75.58,116.25,8786.175,True,
train,201,168,4bf01322111c82958983446eb5005404_jpg.rf.3ff3cb499dd1d3ece26d9d3a65419cf8.jpg,1,good_posture,455.81,0.62,71.63,126.45,9057.613,True,
train,202,168,4bf01322111c82958983446eb5005404_jpg.rf.3ff3cb499dd1d3ece26d9d3a65419cf8.jpg,1,good_posture,132.29,4.33,49.82,86.25,4296.975,True,
train,203,169,sipotion_1749658822870_good_posture_0_66_jpg.rf.0296849beadd39a422d97f2f098b9a5c.jpg,2,leaning_backward,213.33,99.33,339.33,484.67,164463.071,True,
train,204,170,6b9933790ae2c8f7ccfdb2667922a709_jpg.rf.f6985b4f2f67545bf0143929c516794a.jpg,3,leaning_forward,484.64,420.75,110.89,211.38,23439.928,True,
train,205,170,6b9933790ae2c8f7ccfdb2667922a709_jpg.rf.f6985b4f2f67545bf0143929c516794a.jpg,3,leaning_forward,349.55,420.76,115.39,201.25,23222.237,True,
train,206,170,6b9933790ae2c8f7ccfdb2667922a709_jpg.rf.f6985b4f2f67545bf0143929c516794a.jpg,2,leaning_backward,200.95,226.56,138.47,200.16,27716.155,True,
train,207,170,6b9933790ae2c8f7ccfdb2667922a709_jpg.rf.f6985b4f2f67545bf0143929c516794a.jpg,3,leaning_forward,338.58,1.97,126.37,217.66,27505.694,True,
train,208,170,6b9933790ae2c8f7ccfdb2667922a709_jpg.rf.f6985b4f2f67545bf0143929c516794a.jpg,2,leaning_backward,468.6,5.34,116.8,213.15,24895.92,True,
train,209,171,sipotion_1749660919964_leaning_forward_0_85_jpg.rf.81cc1b211c0b305545cf6237c93897d3.jpg,3,leaning_forward,72.38,0,371.05,640,237472,True,
train,210,172,sipotion_1749660938394_leaning_forward_0_76_jpg.rf.4f1808559a77305552f4d196ef9a63f1.jpg,3,leaning_forward,185.9,90.67,353.53,549.33,194204.635,True,
train,211,173,sipotion_1749637004429_leaning_forward_0_73_jpg.rf.33ab2ee1b733a15ff7cea7d3fb584e9f.jpg,2,leaning_backward,244,125.33,172.67,291.33,50303.951,True,
train,212,174,sipotion_1749658183428_leaning_backward_0_84_jpg.rf.67b60dc14f6ad73062a4763d8a363675.jpg,2,leaning_backward,135.33,151.33,492.67,485.33,239107.531,True,
train,213,175,5e99dbc09d506693908b448404ddd720_jpg.rf.a26574dfa400ac5def5f9dc13fc3ebcb.jpg,1,good_posture,199.17,12.18,263.91,535.13,141226.158,True,
train,214,176,sipotion_1749660957256_leaning_forward_0_75_jpg.rf.a8258ec9659dff7d9e6aa2ca0e377e3a.jpg,3,leaning_forward,125.33,49.33,386.67,582.67,225301.009,True,
train,215,177,sipotion_1749658134931_good_posture_0_65_jpg.rf.dad513f2a8cfae72dac4ed76364776e2.jpg,1,good_posture,130.86,201.13,268.19,410.78,110167.088,True,
train,216,178,sipotion_1749645306351_slouch_0_78_jpg.rf.2587ee695d28b37c105c63278983acda.jpg,4,slouch,126.67,79.33,346,539.33,186608.18,True,
train,217,179,89ffedf86bcae016dc47d225336bea2c_jpg.rf.afd93114b03cc10416db66680ee7add3.jpg,2,leaning_backward,171.81,241.5,168.9,216.97,36646.233,True,
train,218,180,sipotion_1749660941511_slouch_0_84_jpg.rf.606bf14cdeafb585e0f98f726dda601b.jpg,3,leaning_forward,132.67,156.67,329.33,480,158078.4,True,
train,219,181,sipotion_1749642781104_slouch_0_70_jpg.rf.990f668229f0c6c1066fa3467ae5a1a2.jpg,1,good_posture,56.67,12.67,408,624,254592,True,
train,220,182,6540afb9817ad3038376f157c5f444b7-Copy_jpg.rf.78609668c320316342a5ce9443fb2c74.jpg,2,leaning_backward,104.76,95.35,375.92,445.35,167415.972,True,
train,221,183,sipotion_1749658650304_slouch_0_87_jpg.rf.da14f4a0fce49e4a8eddd2817d296759.jpg,3,leaning_forward,122,134,332.67,500.67,166557.889,True,
train,222,184,sipotion_1749658371195_good_posture_0_71_jpg.rf.222e5d7d63c39acd3780ce4cfbf31ca5.jpg,2,leaning_backward,149.43,24.38,409.91,608.7,249512.217,True,
train,223,185,6c1f3c4137444b2d99a3aba76fa81da9_jpg.rf.0e7a02089cc395df188d058e3218e3a6.jpg,1,good_posture,514.78,35.36,97.97,176.01,17243.7,True,
train,224,185,6c1f3c4137444b2d99a3aba76fa81da9_jpg.rf.0e7a02089cc395df188d058e3218e3a6.jpg,1,good_posture,391.31,30.14,98.55,177.75,17517.263,True,
train,225,185,6c1f3c4137444b2d99a3aba76fa81da9_jpg.rf.0e7a02089cc395df188d058e3218e3a6.jpg,1,good_posture,410.43,456.23,102.61,171.11,17557.597,True,
train,226,185,6c1f3c4137444b2d99a3aba76fa81da9_jpg.rf.0e7a02089cc395df188d058e3218e3a6.jpg,1,good_posture,537.4,456.23,98.55,183.77,18110.534,True,
train,227,185,6c1f3c4137444b2d99a3aba76fa81da9_jpg.rf.0e7a02089cc395df188d058e3218e3a6.jpg,1,good_posture,266.08,24.93,96.23,179.49,17272.323,True,
train,228,185,6c1f3c4137444b2d99a3aba76fa81da9_jpg.rf.0e7a02089cc395df188d058e3218e3a6.jpg,1,good_posture,12.18,240.58,88.11,171.24,15087.956,True,
train,229,185,6c1f3c4137444b2d99a3aba76fa81da9_jpg.rf.0e7a02089cc395df188d058e3218e3a6.jpg,1,good_posture,158.26,457.97,100.87,161.26,16266.296,True,
train,230,185,6c1f3c4137444b2d99a3aba76fa81da9_jpg.rf.0e7a02089cc395df188d058e3218e3a6.jpg,1,good_posture,130.44,238.84,95.07,168.35,16005.034,True,
train,231,186,sipotion_1749660902542_leaning_forward_0_85_jpg.rf.591245f96b3ae4a4d8c684b9bddff4ea.jpg,3,leaning_forward,44.67,59.33,400.67,578.67,231855.709,True,
train,232,187,sipotion_1749643409553_leaning_forward_0_53_jpg.rf.bad1b47de4a0ef545516855ef32811b4.jpg,2,leaning_backward,291.33,167.33,222,380,84360,True,
train,233,188,sipotion_1749658614520_slouch_0_60_jpg.rf.bc0ca6bd5946aeba5e2abab7936d905b.jpg,2,leaning_backward,38,132,442,507.33,224239.86,True,
train,234,189,84ce84f5221f3f7c9682c2deb2b5ec8c_jpg.rf.2c898cb4f75b45059df5867b137a4f95.jpg,1,good_posture,90.78,114.01,246.94,454.56,112249.046,True,
train,235,190,52fec01b15da043b9dfe7441feda1d21_jpg.rf.d2928be2941262d2059a37e96af05c42.jpg,4,slouch,490.88,33.01,115.37,189.2,21828.004,True,
train,236,190,52fec01b15da043b9dfe7441feda1d21_jpg.rf.d2928be2941262d2059a37e96af05c42.jpg,4,slouch,176.33,31.93,129.52,185.95,24084.244,True,
train,237,190,52fec01b15da043b9dfe7441feda1d21_jpg.rf.d2928be2941262d2059a37e96af05c42.jpg,4,slouch,166.53,228.94,112.47,204.31,22978.746,True,
train,238,190,52fec01b15da043b9dfe7441feda1d21_jpg.rf.d2928be2941262d2059a37e96af05c42.jpg,4,slouch,351.56,226.76,128.44,194.89,25031.672,True,
train,239,190,52fec01b15da043b9dfe7441feda1d21_jpg.rf.d2928be2941262d2059a37e96af05c42.jpg,4,slouch,29.38,233.29,103.77,186.91,19395.651,True,
train,240,191,sipotion_1749658613751_slouch_0_63_jpg.rf.68844549248df3021b9170c9d4c67cfc.jpg,2,leaning_backward,52,142.67,448.67,492,220745.64,True,
train,241,192,ffe663dd5674a2b0db9fb61cfbd00801_jpg.rf.f4981fb8d2a403c09511f42ed19d7f7b.jpg,2,leaning_backward,56.52,230.92,200.48,240.24,48163.315,True,
train,242,193,sipotion_1749660937848_leaning_forward_0_92_jpg.rf.350cb9fb06f142fecf400547869879f0.jpg,3,leaning_forward,187.33,130,322.67,508,163916.36,True,
train,243,194,sipotion_1749649847145_slouch_0_41_jpg.rf.b857cca51d4ba9f01dd2cadca5033cd5.jpg,1,good_posture,185.33,218.67,270,418.67,113040.9,True,
train,244,195,sipotion_1749658790180_good_posture_0_76_jpg.rf.dfed0e4854ef75d39bd90c8e3dd3e72d.jpg,1,good_posture,206,130,266,494,131404,True,
train,245,196,sipotion_1749645829233_good_posture_0_56_jpg.rf.b6cfa82b7dc4b9da9c57f7e76b36242b.jpg,3,leaning_forward,107.33,6.67,345.33,446,154017.18,True,
train,246,197,sipotion_1749645833337_good_posture_0_65_jpg.rf.6c77b35a27fd2740f55b09ca4354c93f.jpg,3,leaning_forward,98,4,354,444.67,157413.18,True,
train,247,198,sipotion_1749658482775_leaning_forward_0_64_jpg.rf.09b4ef1782f036eef90c7828647a1d4e.jpg,1,good_posture,220,83.33,368,512.67,188662.56,True,
train,248,199,sipotion_1749658107689_good_posture_0_49_jpg.rf.8d048a3fe69ef93cc6880e7b77743be4.jpg,2,leaning_backward,151.33,115.33,413.33,524,216584.92,True,
train,249,200,1b8ec72febb3253935e1efa77f4f8c30_jpg.rf.4193e12df68d9068fc1f6670adedd23f.jpg,2,leaning_backward,406.67,423.88,189.44,203.97,38640.077,True,
train,250,201,sipotion_1749658611290_slouch_0_86_jpg.rf.9135a1b53a553e487a0a1bd646aac75d.jpg,2,leaning_backward,68,148,454.67,491.33,223393.011,True,
train,251,202,sipotion_1749660943167_leaning_forward_0_48_jpg.rf.1261b4d2a7cc24d2a467bbc51a449847.jpg,3,leaning_forward,165.33,171.33,329.33,466,153467.78,True,
train,252,203,sipotion_1749658182044_leaning_backward_0_72_jpg.rf.1bc096049c867da81b0527a855c1ac1c.jpg,2,leaning_backward,160,148,479.33,488,233913.04,True,
train,253,204,sipotion_1749658425432_slouch_0_91_jpg.rf.94f2f2e1b3960d9b8e7a1cdc953334ca.jpg,1,good_posture,313.33,198,166,255.33,42384.78,True,
train,254,205,sipotion_1749645592391_slouch_0_75_jpg.rf.47c8b0855c06191279205b95944322dc.jpg,2,leaning_backward,110,156,419.33,452.67,189818.111,True,
train,255,206,sipotion_1749658506358_slouch_0_42_jpg.rf.aa5f6264890fec0d637c7896e884888e.jpg,1,good_posture,205.33,180,235.33,362.67,85347.131,True,
train,256,207,sipotion_1749643410796_leaning_forward_0_57_jpg.rf.a5715283dd691af42ae48716b0d540c3.jpg,2,leaning_backward,285.33,180.67,219.33,372,81590.76,True,
train,257,208,sipotion_1749649863538_good_posture_0_52_jpg.rf.deed709c8c6b02b3d7621e4c99a502bd.jpg,1,good_posture,176,170,256,421.33,107860.48,True,
train,258,209,sipotion_1749658252268_slouch_0_77_jpg.rf.387f25fcd2db6cc42b9903d7913d641d.jpg,1,good_posture,74,102.67,405.33,534.67,216717.791,True,
train,259,210,8b82ac3fee6777c470294e4855fa5163_jpg.rf.c57358f98727d23bb3990e9bbebed1b8.jpg,4,slouch,376.16,0,210.72,309.99,65321.093,True,
train,260,211,sipotion_1749649834248_leaning_backward_0_78_jpg.rf.8fe0c8316c6bd2d090cf37d306b1ac92.jpg,2,leaning_backward,60,203.33,350.67,374.67,131385.529,True,
train,261,212,044d4a352fdddb2cea89f8d96f2d0774-Copy_jpg.rf.20b025133f2be8c931963fa0261588ee.jpg,2,leaning_backward,29.56,73.62,572.76,512.01,293258.848,True,
train,262,213,4848a99da0ac7a1cc1de96e29bf8f00b_jpg.rf.58bcbe87f2f91b922614a8080517a94a.jpg,1,good_posture,191.3,67.49,161.08,301.99,48644.549,True,
valid,1,0,3e17076a8652c07631177b9017a1bbc9-Copy-2-_jpg.rf.48140237148989c9937c4a4044805a2e.jpg,3,leaning_forward,64.75,136.88,318.07,469.83,149438.828,True,
valid,2,1,sipotion_1749658590712_slouch_0_46_jpg.rf.364261f6f1ce4d8d72f53bd7b1b356dd.jpg,2,leaning_backward,194.67,72.67,440,566.67,249334.8,True,
valid,3,2,sipotion_1749643396987_leaning_forward_0_70_jpg.rf.3cac18d462c4132841ec31cb17375bc8.jpg,2,leaning_backward,254,177.33,208,371.33,77236.64,True,
valid,4,3,41c32da2204db972afe8d411e3afac90-Copy_jpg.rf.03632fe1d828a018a86fab50f48c298f.jpg,2,leaning_backward,10.5,110.87,477.9,475.69,227332.251,True,
valid,5,4,posture-307-_jpg.rf.174ee4dc081f5535d2f1f9d97592b301.jpg,2,leaning_backward,0.56,57.22,588.89,565.09,332775.85,True,
valid,6,5,sipotion_1749658156542_leaning_forward_0_90_jpg.rf.d6b1d13fa2ccfe1354a54d41ed4ab00f.jpg,3,leaning_forward,164,78.67,426,560.67,238845.42,True,
valid,7,6,40f380863d2e98f3399367e1a96c77f1-Copy-2-_jpg.rf.a26a141903b297825a4bc6d8ba9a0eeb.jpg,3,leaning_forward,163.47,77.1,244.64,367.17,89824.469,True,
valid,8,7,sipotion_1749645315512_slouch_0_72_jpg.rf.ef06daa7707260f80f6e8439325b9904.jpg,4,slouch,136.67,74.67,348.67,540.67,188515.409,True,
valid,9,8,25df132587629fa4d6480745ef7c96d6_jpg.rf.51d7f3baca40e113ac71eba3618927a2.jpg,2,leaning_backward,84.06,178.74,256.04,284.7,72894.588,True,
valid,10,9,dedeb08b001858feb7812dcb0f5cf67d-Copy_jpg.rf.1ebcaa3ab9b507556781d03b482727e1.jpg,3,leaning_forward,87.11,18.37,321.19,434.58,139582.75,True,
valid,11,10,58559f1cee11500edb770caa7200494c-Copy-2-_jpg.rf.cb997c5c2f5ea7a7b0eb70d18ed33cd1.jpg,4,slouch,47.06,53.64,343.58,429.75,147653.505,True,
valid,12,11,81d3071c8fb84aea6c753330a0c2a74d-Copy_jpg.rf.109c8b7837410e87f0c03f1f6d21d1f5.jpg,4,slouch,54.81,127.9,263.7,349.28,92105.136,True,
valid,13,12,8f0fca25bc3336cae618ee45f790488b_jpg.rf.d697754a25c2019a7b2cfccc83cf9781.jpg,2,leaning_backward,267.83,259.71,204.06,293.48,59887.529,True,
valid,14,13,986d901b1752cb344d90d41a018f4930-Copy_jpg.rf.6e3b6948c8877efdc29f6d6c4cca9b67.jpg,2,leaning_backward,136.72,54.58,462.37,456.76,211192.121,True,
valid,15,14,ed47c4eae34245140bf78ec26d531755-Copy-2-_jpg.rf.d36776311b17d3c2497a7b9c07932fd6.jpg,3,leaning_forward,91.69,18.58,315.2,434.68,137011.136,True,
valid,16,15,posture-631-_jpg.rf.f23c585ad2f3ed7afff42339c37f47fb.jpg,4,slouch,36.67,43.88,395,491.81,194264.95,True,
valid,17,16,sipotion_1749658430249_slouch_0_70_jpg.rf.298a5b5e116427d2f8d69c10e4f101ad.jpg,2,leaning_backward,294,211.33,174,248,43152,True,
valid,18,17,sipotion_1749637008612_leaning_forward_0_60_jpg.rf.8c5ec19c1891caddf56246ba0fe50d42.jpg,2,leaning_backward,266.67,181.33,166.67,288.67,48112.629,True,
valid,19,18,44c10348f8facd7ff005860e80f2f05c-Copy_jpg.rf.530010485ae6e7bda03c472ced85c862.jpg,3,leaning_forward,48.19,2,396.05,631.02,249915.471,True,
valid,20,19,aca8a2544d5b8aee2672d0fe2470d2ed_jpg.rf.243ea5406477f9e8e43b20e640228138.jpg,3,leaning_forward,141.99,34.45,255.97,372.28,95292.512,True,
valid,21,20,sipotion_1749660931532_leaning_forward_0_92_jpg.rf.095d51532c94dbfa8ea692281c8027a1.jpg,3,leaning_forward,208,142,265.33,494,131073.02,True,
valid,22,21,posture-341-_jpg.rf.bb422cdcf4cbdd304533d8b196b9e8fc.jpg,1,good_posture,95,0,384.44,640,246041.6,True,
valid,23,22,1f538c6c7b2ed936f7519ab26ec0607d-Copy_jpg.rf.b7f49616455ba7836070e0d64b36f556.jpg,1,good_posture,5.01,8.89,394.44,621.2,245026.128,True,
valid,24,23,9e32ad3c610a145c2aff263ba959ebaa-Copy-2-_jpg.rf.7fe2eee016c9caa872fc0a9248a2145a.jpg,3,leaning_forward,139.19,5.34,258.14,406.6,104959.724,True,
valid,25,24,sipotion_1749658572805_leaning_backward_0_69_jpg.rf.ea8a89d11a8318e55f9f874927804a5a.jpg,1,good_posture,235.33,50,388.67,589.33,229054.891,True,
valid,26,25,ffa92358d37ea94935100c11ffe145126-Copy_jpg.rf.019f1226531163d41e06b56c57040ed1.jpg,1,good_posture,59.14,48.48,347.39,388.07,134811.637,True,
valid,27,26,posture-134-_jpg.rf.91a1795b3ca1d7bee058652a45d22b24.jpg,4,slouch,106.66,138.89,378.33,422.35,159787.676,True,
valid,28,27,038d8139e2ed9526260fd48f2089435d_jpg.rf.b8c055f5ffdcd0dc2e1f01bfd0f6a818.jpg,1,good_posture,267.19,246.24,97.55,226.44,22089.222,True,
valid,29,28,7786351d2a6636d3a1a0da5a9f16974a-Copy-2-_jpg.rf.00ffa1e3e1e0b27cea38fbd536a72319.jpg,2,leaning_backward,125.01,190.55,421.11,339.59,143004.745,True,
valid,30,29,posture-153-_jpg.rf.b3bef02972d582d8d7a7c0972f594785.jpg,1,good_posture,111.67,158.89,354.44,481.11,170524.628,True,
valid,31,30,images3-Copy-2-_jpg.rf.163073f9d943e6664faa7c6a3dfc75bf.jpg,1,good_posture,52.68,7.14,300.22,543.49,163166.568,True,
valid,32,31,64728be89f9d6d4acac08119e5c062e6-Copy_jpg.rf.81f241fee3221ef58efed46562a368b0.jpg,3,leaning_forward,148.23,0,218.25,252,54999,True,
valid,33,32,e29e0a43c00012bd6fd1f5259e9bce5c-Copy_jpg.rf.a13b4accc017680d2358b99a9c754efa.jpg,4,slouch,74.79,7.54,400.58,428.63,171700.605,True,
valid,34,33,posture-266-_jpg.rf.c1b0605ccf3ae56d8e8d2f1fbb0c1a1f.jpg,3,leaning_forward,21.67,153.89,552.22,439.55,242728.301,True,
valid,35,34,ac1ba8b24f47d2f3f9bf48048d2e30bb-Copy_jpg.rf.43501505a5bcec0f30218d14b9630b1e.jpg,4,slouch,46.79,78.99,323.52,369.98,119695.93,True,
valid,36,35,posture-364-_jpg.rf.b1df830a6f0daeaf643720c25719d158.jpg,1,good_posture,320,85.56,167.22,439.04,73416.269,True,
valid,37,36,sipotion_1749660946045_leaning_forward_0_92_jpg.rf.7e543899fb8dc36e2477f555f7ce8e2b.jpg,3,leaning_forward,118,160,298.67,479.33,143161.491,True,
valid,38,37,0ef52a85265746d1683f9486e96ce923-Copy_jpg.rf.594fc007a1d16dba7e26a5d1ef710ef4.jpg,4,slouch,73.51,82.62,321.94,454.28,146250.903,True,
valid,39,38,posture-541-_jpg.rf.a5153dc1522dfa95abd1494b39b754af.jpg,4,slouch,131.66,32.22,375.56,607.78,228257.857,True,
valid,40,39,cf421be439fc0e9f75e370c21455c4e9-Copy_jpg.rf.7f60707b6b516dce08e0d06253198eee.jpg,1,good_posture,75.38,16.58,319.74,447.7,143147.598,True,
valid,41,40,3e568046de584d919cf9c86e3db0f5a2-Copy_jpg.rf.8da6000a8084237f2851d67db1e92f39.jpg,3,leaning_forward,46.23,136.68,155.65,169.64,26404.466,True,
valid,42,40,3e568046de584d919cf9c86e3db0f5a2-Copy_jpg.rf.8da6000a8084237f2851d67db1e92f39.jpg,3,leaning_forward,402.95,96.41,174.23,200.45,34924.403,True,
valid,43,41,posture-277-_jpg.rf.29f20b282a59addabd1bb5dc64731928.jpg,3,leaning_forward,60,36.12,493.89,552.88,273061.903,True,
valid,44,42,sipotion_1749658444481_slouch_0_84_jpg.rf.a1b59925b03d9be1740593517fe2d471.jpg,1,good_posture,172,202.67,178.67,260.67,46573.909,True,
valid,45,43,sipotion_1749658319239_slouch_0_84_jpg.rf.090668f4888fec33e67f0f2da8d5b0b3.jpg,3,leaning_forward,64,80.67,396,556,220176,True,
valid,46,44,dd893ff77e5319d3bfa31f964a8bbef3-Copy_jpg.rf.012eaf3933dc91e04ec15aa05e8dee5a.jpg,3,leaning_forward,35.56,100.15,316.44,293.58,92900.455,True,
valid,47,45,d410d40029f8109963184a7983921747-Copy-2-_jpg.rf.a773e387109f54b887ee226949cc10f8.jpg,4,slouch,238.86,0,322.29,413.4,133234.686,True,
valid,48,46,posture-592-_jpg.rf.ed71b21e546a671d9841b0ef75fc876c.jpg,1,good_posture,105,50.56,357.78,589.44,210889.843,True,
valid,49,47,512b65bb04bded5177b2a62a6c59a04c_jpg.rf.dab27cbe2dd392e6b197c6ba0af59d8d.jpg,2,leaning_backward,74.42,3.86,468,562.95,263460.6,True,
valid,50,48,8e57678dca9bd1457f434d451dc7a484_jpg.rf.df4eb0e64ae7ff2f5231aca9116071f2.jpg,1,good_posture,60.98,36.78,215.85,331.73,71603.921,True,
valid,51,49,posture-177-_jpg.rf.5eb1f3df67fea97963e732c21e8c7541.jpg,1,good_posture,111.66,138.89,313.33,403.47,126419.255,True,
valid,52,50,sipotion_1749648197532_good_posture_0_85_jpg.rf.4c3fb000830d28832d727f4f11522af3.jpg,1,good_posture,208,55.33,326.67,526,171828.42,True,
valid,53,51,posture-595-_jpg.rf.c96e545875de03847a81f9feedefe30b.jpg,1,good_posture,368.34,20.56,228.89,592.87,135702.014,True,
valid,54,51,posture-595-_jpg.rf.c96e545875de03847a81f9feedefe30b.jpg,2,leaning_backward,35,48.89,310,562.26,174300.6,True,
valid,55,52,sipotion_1749658563677_leaning_backward_0_60_jpg.rf.3ebf8947b4df6a069dc4b7b4885c96a9.jpg,1,good_posture,214,34,403.33,605.33,244147.749,True,
valid,56,53,e25b7f05698b5236f71476766c37a1f9-Copy_jpg.rf.0b49b80f21e881617e864616a72fc219.jpg,1,good_posture,24.38,2.03,266.15,347.66,92529.709,True,
valid,57,54,12faae8bd575b49b06841c73067a3a3a_jpg.rf.24ad561eb360bf7dcb71307ec43c2a6d.jpg,1,good_posture,244.35,40,225.22,440,99096.8,True,
valid,58,55,sipotion_1749658606791_leaning_backward_0_72_jpg.rf.60cba1fc77dcd58e22079cef470a8ba0.jpg,2,leaning_backward,30.67,115.33,452,505.33,228409.16,True,
valid,59,56,83e6943e72db0525aa10b6d2c48accf0_jpg.rf.0d82fe914b3def90e4593570fb1a7fac.jpg,2,leaning_backward,38.22,136.58,401.59,332.45,133508.595,True,
valid,60,57,9e1e04f95254cfb02d87fe470c12c70b-Copy_jpg.rf.ad4ebeadee337d2d2559aac564f1ba68.jpg,1,good_posture,57.97,17.87,296.62,391.49,116123.764,True,
valid,61,58,2f733fdf5255897ece4bf1ce6269e318-Copy_jpg.rf.5fae10780b4b821e4300daf9d40bff69.jpg,1,good_posture,10.15,58.51,337.99,580.28,196128.837,True,
valid,62,59,61a1e85af5b11c3a1a2549d5dca58295-Copy_jpg.rf.b37c756971a2d9d441b81d1cae1128f5.jpg,2,leaning_backward,26.31,10.42,437.41,564.69,247001.053,True,
valid,63,60,79f4e495baca26738beef86cb33185c7-Copy_jpg.rf.969d22aea3ad923f1926724127fb47a9.jpg,4,slouch,63.86,21.61,341.85,370.27,126576.8,True,
valid,64,61,sipotion_1749648177533_good_posture_0_53_jpg.rf.be0b0689d14ca5bd9f5016d9b954fd71.jpg,4,slouch,192,106,368,492.67,181302.56,True,
valid,65,62,03c40be672e90af46fb59496c8034b57-Copy-2-_jpg.rf.b1c852f6b38cfa74ecc8c7d934917622.jpg,1,good_posture,81.74,136.23,306.66,448.24,137457.278,True,
valid,66,63,50c40c54fd6d704689e7e611cae50592_jpg.rf.171442f68411b1d96881f4530a026afb.jpg,4,slouch,375,155.56,216.67,373.48,80921.912,True,
valid,67,63,50c40c54fd6d704689e7e611cae50592_jpg.rf.171442f68411b1d96881f4530a026afb.jpg,3,leaning_forward,45.56,153.89,275,434,119350,True,
valid,68,64,7353602e3a7424adb6606eec01fd3524-Copy_jpg.rf.8947c06bbf5960093a6ff12d932d05d0.jpg,3,leaning_forward,171.2,91.74,262.4,334.06,87657.344,True,
valid,69,65,sipotion_1749645791964_slouch_0_62_jpg.rf.1cb9b7c8672cf0cf814850fd9564f327.jpg,4,slouch,154.67,124,258,496,127968,True,
valid,70,66,ed25f52d26067ace9581553a3c4e3778_jpg.rf.d3dfa6e83c2ea86168f8cebae0db4c5b.jpg,4,slouch,120.95,93.74,239.46,514.47,123194.986,True,
valid,71,67,images1-Copy-2-_jpg.rf.ce6ff2b9a588f026ab2d253787629b1f.jpg,1,good_posture,88.96,45.03,341.55,581.61,198648.896,True,
valid,72,68,How-to-sit-meditation-Copy-2-_jpg.rf.d1151bddc9ac6445789a020754264bb0.jpg,1,good_posture,333.64,53.03,155.15,256.13,39738.569,True,
valid,73,69,bd4c7f8bebd96b6a55b75657d73e3a08-Copy_jpg.rf.865a1346cbd03ea1c423447d34059b11.jpg,3,leaning_forward,196.27,6.63,286.13,470.45,134609.859,True,
valid,74,70,fcc0c65a43d726d5a4cea47c25adf234-Copy_jpg.rf.153b47e46395a0c49859b6d0fe7f85f7.jpg,4,slouch,78.76,142.6,354.7,351.76,124769.272,True,
valid,75,71,0c60817f7c51abb568167d5c48eb8a47-Copy_jpg.rf.fb6a5f27c3e2ff278757d7f867c2fbf0.jpg,4,slouch,39,30,398,396,157608,True,
valid,76,72,5aa27058712bce0b807380efa57177c4-Copy-2-_jpg.rf.85d5129516ca539c84d83d6f7ee05233.jpg,4,slouch,157,50,472,374,176528,True,
valid,77,73,ab7b2a592ffdd401c56928941f8da82c_jpg.rf.aa9635a406412e5820fcb4f9c3d45909.jpg,2,leaning_backward,73.74,250.43,356.87,389.57,139025.846,True,
valid,78,74,posture-284-_jpg.rf.32dad887c3d4991a016e4ef2439d213b.jpg,3,leaning_forward,95,38.89,507.78,474.6,240992.388,True,
valid,79,75,sipotion_1749660954336_leaning_forward_0_65_jpg.rf.e282dae6520a88115b991da076612400.jpg,3,leaning_forward,89.9,0.19,439.62,639.81,281273.272,True,
valid,80,76,da0f01744cef05b9d5e6cbd18c0dfcaf-Copy_jpg.rf.1a9ff1ba78cd919210701c13f0214fff.jpg,1,good_posture,54.45,19.75,257.85,485.44,125170.704,True,
valid,81,77,posture-124-_jpg.rf.3a5be28d07c87cb7240811ebc7467871.jpg,1,good_posture,18.34,102.22,473.33,467.9,221471.107,True,
valid,82,78,Uk862ZxbaFujYS424qTfsP-Copy-2-_jpg.rf.8fce0c0856dad484aed71c1d52817861.jpg,1,good_posture,163.2,1.42,241.78,355.27,85897.181,True,
valid,83,79,d76754ef2c95e08e01c86403b703364f_jpg.rf.6786807d9538c9850d2c81808a052988.jpg,2,leaning_backward,125.26,107.65,328.15,532.35,174690.652,True,
valid,84,80,1bff90c2a0f45c5ba8db4d1f057691c2-Copy_jpg.rf.ddd734b7c27b2351a50b44411559b1fe.jpg,4,slouch,34.85,0,361.19,479.05,173028.07,True,
valid,85,81,03c69ace93f40e3e724ba009796000d0_jpg.rf.acacafab75f564e99cb409520e38ebef.jpg,4,slouch,299.2,80.54,332.8,514.76,171312.128,True,
valid,86,82,sipotion_1749660928120_leaning_forward_0_61_jpg.rf.bac14b82de06a2b6a0d1d4ca302533d1.jpg,3,leaning_forward,208,116.67,348.67,515.33,179680.111,True,
valid,87,83,sipotion_1749658792534_good_posture_0_72_jpg.rf.980442380fc848cd5a8a4c52127591de.jpg,1,good_posture,192,144.67,252.67,477.33,120606.971,True,
valid,88,84,download-Copy-2-_jpg.rf.f256e926076799b28840df9f6c32fd2c.jpg,1,good_posture,93.69,50.75,345.25,573.99,198170.048,True,
valid,89,85,ac76e47ce5febbecb8ae39dd5ae21474-Copy_jpg.rf.e2ff5c67a6a31a70f98cc646e04fc3b2.jpg,3,leaning_forward,37.34,11.26,379.26,621.73,235797.32,True,
valid,90,86,sipotion_1749643405698_leaning_forward_0_40_jpg.rf.0378da516ce1a91f4ed3d0a010168e8c.jpg,2,leaning_backward,293.33,168,212,374,79288,True,
valid,91,87,581cacc03b45e71bd4c2568986682ecf-Copy_jpg.rf.b71d0fc095f2203ae1c842d71354512e.jpg,1,good_posture,268,22,217,403,87451,True,
valid,92,88,images2-Copy-2-_jpg.rf.513308aeac1aba699fb6c282f0b4a34b.jpg,1,good_posture,162.15,9.59,277.54,412.16,114390.886,True,
valid,93,89,How-to-Maintain-Neutral-Spine-Copy-2-_jpg.rf.15a63020dfcbe373e79723aa6c3dbd3d.jpg,1,good_posture,273.6,3.47,185.33,311.24,57682.109,True,
valid,94,90,78bed333dd432f0d70aae2a9e8fa7370-Copy_jpg.rf.086d4bdec6a727ce4b384ce040fda633.jpg,4,slouch,43.52,96.22,300.75,495.21,148934.408,True,
valid,95,91,a67dcb23e4c2e37037f5bde07a53af1f-Copy_jpg.rf.a9a98c11f1cb129671a9136794e65b76.jpg,1,good_posture,175,2,297,424,125928,True,
valid,96,92,posture-254-_jpg.rf.903ec44420bacd4623f79c0ba7397b21.jpg,4,slouch,186.67,37.22,297.22,502.92,149477.882,True,
valid,97,93,11376b36328b5aecfce91a930ae7dd13-Copy_jpg.rf.2c99983e2f5421754b6dffe0442124bc.jpg,4,slouch,213.04,90.57,237.32,322.9,76630.628,True,
valid,98,94,sipotion_1749648202573_good_posture_0_87_jpg.rf.a8897cb1f8afafd69f7505d9b16d9434.jpg,1,good_posture,205.33,77.33,348,523.33,182118.84,True,
valid,99,95,posture-665-_jpg.rf.5b75a03650655b9e6d9e90054ff971ea.jpg,4,slouch,86.67,9.36,425,627.86,266840.5,True,
valid,100,96,sipotion_1749658575353_slouch_0_55_jpg.rf.e7d938919df651e030ad7435eef42c9c.jpg,1,good_posture,202.67,50.67,415.33,581.33,241443.789,True,
valid,101,97,898eec2b4ad9d4dba72f74f4007e644b-Copy_jpg.rf.66840d174754f01b4a91f1692990b064.jpg,3,leaning_forward,178.36,192.35,298.77,445.2,133012.404,True,
valid,102,98,sipotion_1749658439192_slouch_0_82_jpg.rf.3c8d6b52423695101c34de965ad5e505.jpg,1,good_posture,241.33,245.33,160,273.33,43732.8,True,
valid,103,99,33d01e7a66dee25ccebf4c35e38658d0-Copy_jpg.rf.69e259c9834119892820f5428827049b.jpg,4,slouch,97.39,38.84,358.26,574.6,205856.196,True,
valid,104,100,posture-314-_jpg.rf.6acdd6bf569b3c8a2b346353c0ab4b27.jpg,2,leaning_backward,1.67,87.22,560,458.47,256743.2,True,
valid,105,101,2717706a396e68f341b88f63e445b64c5-Copy_jpg.rf.d4861e9470f49accab5203166b17b83e.jpg,1,good_posture,28.99,6.28,367.15,624.2,229175.03,True,
valid,106,102,Posture-correction-sitting-2048x1161-Copy_jpg.rf.67e379290ca6ebb646ed4638e356f2f2.jpg,4,slouch,26.04,40.97,196.88,278.21,54773.985,True,
valid,107,102,Posture-correction-sitting-2048x1161-Copy_jpg.rf.67e379290ca6ebb646ed4638e356f2f2.jpg,2,leaning_backward,210.42,52.43,218.75,265.37,58049.688,True,
valid,108,102,Posture-correction-sitting-2048x1161-Copy_jpg.rf.67e379290ca6ebb646ed4638e356f2f2.jpg,1,good_posture,433.33,28.47,193.75,298.35,57805.313,True,
valid,109,103,a32266f248f948449f9c7dceb6b5292a_jpg.rf.8954aaf396de8d1e8c25447323309c3a.jpg,3,leaning_forward,156.52,26.67,303.19,421.08,127667.245,True,
valid,110,103,a32266f248f948449f9c7dceb6b5292a_jpg.rf.8954aaf396de8d1e8c25447323309c3a.jpg,4,slouch,366.96,0,234.2,298.27,69854.834,True,
valid,111,104,1876f9487ac4a54e573bfb7a208a029e_jpg.rf.7d129606ecbc1bf0ba4abb602fd9c3ab.jpg,3,leaning_forward,13.62,32.91,370.49,559.55,207307.679,True,
valid,112,105,fbdc06057eb3328ac3789a7d5ceea517-Copy_jpg.rf.6496d864bfa725134655337591a7cbd4.jpg,4,slouch,102.51,10.89,339.71,431.99,146751.323,True,
valid,113,106,78a07089ecd665b3951e0c3545028f5c_jpg.rf.64c2ecda911a28a56b504cc53f94bf24.jpg,3,leaning_forward,109.32,47.62,343.27,309.45,106224.901,True,
valid,114,107,posture-615-_jpg.rf.8d7f6c727f84e4eb2e3cfaea5cf85d9c.jpg,1,good_posture,155,90.56,367.78,475.13,174743.311,True,
valid,115,108,59c146d54c50e3f829b9a50f72a6b7fa-Copy_jpg.rf.404a3db1277161ef57a8698d8c93ac3b.jpg,4,slouch,46.67,257.23,347.77,382.77,133115.923,True,
valid,116,109,posture-332-_jpg.rf.445755fa5fb210168933ce7db0563105.jpg,4,slouch,190.01,2.22,396.11,637.78,252631.036,True,
valid,117,110,c9491ad49cea73d453803358b2508f57-Copy_jpg.rf.4b7499a5593dc29eb4de0c2f017c8f5b.jpg,4,slouch,214,118,323,360,116280,True,
valid,118,111,posture-507-_jpg.rf.8f66d4f2053db512062e2e8a0534d1d3.jpg,1,good_posture,215,10.55,268.89,558.46,150164.309,True,
valid,119,112,posture-253-_jpg.rf.8d7b694bac7b5c2b461903d4b7b6e7e3.jpg,4,slouch,170,23.88,327.22,539.57,176558.095,True,
valid,120,113,posture-140-_jpg.rf.5b1e87412e506e146360e59438144188.jpg,2,leaning_backward,126.67,145.56,339.44,351.28,119238.483,True,
valid,121,114,952c9d489a4376391098069dde605ff4-Copy_jpg.rf.b377902d055d5021b24459a4c049db85.jpg,4,slouch,88.23,109.24,305.66,382.5,116914.95,True,
valid,122,115,posture-199-_jpg.rf.d2cef090b3d562bf0c95bc4dbe224dca.jpg,4,slouch,170,150.56,282.78,445.11,125868.206,True,
valid,123,116,81842e02a2b88474cf168d2e89fc1d30-Copy_jpg.rf.0710f97d730e30e20c2095a36106d3d2.jpg,4,slouch,75.56,0,419.56,421.33,176773.215,True,
valid,124,117,a0e4c9bc32937f24d184ab8297c010c7-Copy_jpg.rf.ca571112508e38448819b505ff10729e.jpg,2,leaning_backward,101.45,211.42,274.39,368.77,101186.8,True,
valid,125,118,d30ff00ccb4e7da517e131e7bb6911ac-Copy_jpg.rf.97156bdfdc5801f7cf64f4f1724ddfb7.jpg,4,slouch,146.38,168.6,318.36,358.07,113995.165,True,
valid,126,119,8fbf1291964b1c6f0adbbde337b9d5ef-Copy_jpg.rf.bb958d0aabbd5e1134f8f36b9442683b.jpg,2,leaning_backward,70.41,204.55,408.36,359.3,146723.748,True,
valid,127,120,sipotion_1749658310237_slouch_0_76_jpg.rf.c3e02bf96476c3a1be25d71d3b430f11.jpg,2,leaning_backward,14,200,579.33,375.33,217439.929,True,
valid,128,121,72caa2ca1fb3e5e2f073ad9eba4642a3-Copy_jpg.rf.71fc44260f35810a3406ab0f0a1a3fc7.jpg,1,good_posture,33.17,61.69,302.6,525.02,158871.052,True,
valid,129,122,93c555ce64f1fab69293e4f5631cbcce-Copy-2-_jpg.rf.3f3890cfe467aad3d0c341016c42ba77.jpg,2,leaning_backward,74.38,121.66,382.27,448.71,171528.372,True,
valid,130,123,download-1-Copy_jpg.rf.e291aa959ceaca5ddc3b31d3988b1f9b.jpg,1,good_posture,81.45,46.55,295.56,593.45,175400.082,True,
valid,131,124,fdd6e467bfcad201d3cc6ac923ae829f-Copy_jpg.rf.492d6761226bba3de7e36ed23cfde0eb.jpg,3,leaning_forward,97.83,139.5,332.97,259.84,86518.925,True,
valid,132,125,0fc32a3a4348547000601fbb1eae3e94-Copy_jpg.rf.63b4ffb54b24e037b71eec0382a8b992.jpg,3,leaning_forward,113.04,77.29,250.24,328.21,82131.27,True,
valid,133,126,sipotion_1749649871123_slouch_0_61_jpg.rf.c520a724a5d3ba60e60ae054eb4ab412.jpg,1,good_posture,170.67,187.33,254.67,410.67,104585.329,True,
valid,134,127,sipotion_1749642779298_slouch_0_86_jpg.rf.82e6cb6571934949d2bf677d36ba4c5c.jpg,1,good_posture,48,51.33,409.33,586,239867.38,True,
valid,135,128,dc363969c85546a62fa7a83449c00058-Copy_jpg.rf.4584b363d63661677a086d6266aa9c37.jpg,3,leaning_forward,87.15,0.48,280.47,543.43,152415.812,True,
valid,136,129,a9d20aa2783b0cdec9ecb2794ba293f6_jpg.rf.0295454090581e54e46da15c8ea84560.jpg,4,slouch,121.73,176.23,313.63,444.17,139305.037,True,
valid,137,130,b1a1b440cf8dde72bf0050fd51a5348a-Copy_jpg.rf.8d6e4342057f7f41ce19b690f76cfaba.jpg,1,good_posture,14,106,345,515,177675,True,
valid,138,131,posture-616-_jpg.rf.54aeb023a05db6acb203a006a6a929c6.jpg,1,good_posture,80,85.56,413.89,535.65,221700.178,True,
valid,139,132,95f300b6cdfccc43002b0b4391efcc89-Copy_jpg.rf.493800ab5305636a9c207ad2854f2166.jpg,1,good_posture,136,8.53,380.8,629.41,239679.328,True,
valid,140,133,sipotion_1749658269783_slouch_0_83_jpg.rf.7393f3c2b6ef30f8d760ffd841976a21.jpg,4,slouch,3.33,12,450,622.67,280201.5,True,
valid,141,134,sipotion_1749642772961_slouch_0_81_jpg.rf.606b5177cf7a067a95214f5804745d77.jpg,4,slouch,221.33,215.33,300.67,307.33,92404.911,True,
valid,142,134,sipotion_1749642772961_slouch_0_81_jpg.rf.606b5177cf7a067a95214f5804745d77.jpg,4,slouch,564,4.67,74,463.33,34286.42,True,
valid,143,135,posture-130-_jpg.rf.5ad6b0896214a83a060654edd34097cc.jpg,4,slouch,188.34,137.22,346.67,502.78,174298.743,True,
valid,144,136,istockphoto-527344921-612x612-Copy-2-_jpg.rf.74c9d2b0604b847700bd2b773f3424b3.jpg,1,good_posture,132.46,134.78,255.05,388.26,99025.713,True,
valid,145,137,f76cc9fd2cc3177ae5f2fbb0a6606f8d_jpg.rf.90b0297fb008e5372bd0bc01a4640712.jpg,2,leaning_backward,98.93,180.25,362.76,369.15,133912.854,True,
valid,146,138,6b5cc3d65032e3edd263f9f90e424793-Copy_jpg.rf.2eddd80d8f7e05c660ea1e715a694887.jpg,1,good_posture,152,6,470,458,215260,True,
valid,147,139,ec9c1402586471c07a8e6f58355d2787-Copy_jpg.rf.2bc01e16980d57f662365cdc34b78877.jpg,1,good_posture,263.1,20.05,247.06,469.2,115920.552,True,
valid,148,140,posture-298-_jpg.rf.10fbf93f9567e50523f157e095271794.jpg,1,good_posture,141.67,50.56,360,589.44,212198.4,True,
valid,149,141,4ad9540ec4a9101b15e87046f303f0c0-Copy-2-_jpg.rf.38d892556c06e868141008514f655623.jpg,2,leaning_backward,51.84,126.71,390.5,466.64,182222.92,True,
valid,150,142,sipotion_1749643407582_leaning_forward_0_46_jpg.rf.1e9e36d323dd76bf5402f4ec107662d7.jpg,2,leaning_backward,294,167.33,217.33,379.33,82439.789,True,
valid,151,143,d83d919d196e54927215e3e0ce4bbe73_jpg.rf.2a76505b3abf3e306b3eaf9cbd1881a7.jpg,3,leaning_forward,72.46,193.24,243.48,312.68,76131.326,True,
valid,152,144,6f6ba4bd80803fa49fef96ce7cabd1c91-Copy_jpg.rf.7aa8a09c78ebba0c1548555dc85597ca.jpg,3,leaning_forward,78.98,83.85,298.35,389.67,116258.045,True,
valid,153,145,sipotion_1749658568490_leaning_backward_0_44_jpg.rf.ee5163d16e021b829c2fe3c59a192f63.jpg,1,good_posture,214.67,35.33,405.33,604,244819.32,True,
valid,154,146,posture-293-_jpg.rf.c7734904a55dca695d9ecfa5b753e355.jpg,3,leaning_forward,15,92.22,544.44,547.78,298233.343,True,
valid,155,147,a9d891f191864702f024ae4342770987_jpg.rf.9e2d2f3ef484f5cf3280c121d17dc55d.jpg,4,slouch,107.61,30.8,189.85,383.75,72854.938,True,
valid,156,147,a9d891f191864702f024ae4342770987_jpg.rf.9e2d2f3ef484f5cf3280c121d17dc55d.jpg,1,good_posture,308.7,41.67,174.28,373.61,65112.751,True,
valid,157,148,posture-62-_jpg.rf.4d460dcf66e4fa5430cd6d4494de20e2.jpg,3,leaning_forward,118.33,223.1,340,359.12,122100.8,True,
valid,158,149,9fb929be400c5002e2f0cd0337eb266b_jpg.rf.c819eca47bb236d4813cf60b0d9b1f36.jpg,4,slouch,133.88,146.21,87.07,146.35,12742.694,True,
valid,159,149,9fb929be400c5002e2f0cd0337eb266b_jpg.rf.c819eca47bb236d4813cf60b0d9b1f36.jpg,3,leaning_forward,326.53,149.48,102.68,186.59,19159.061,True,
valid,160,149,9fb929be400c5002e2f0cd0337eb266b_jpg.rf.c819eca47bb236d4813cf60b0d9b1f36.jpg,3,leaning_forward,432.1,137.51,123.36,214.52,26463.187,True,
valid,161,150,d6a87d374f2a1d615f59eed5b6b38df4-Copy_jpg.rf.cfe76c4c6b0bf32c8d807149a6d4a338.jpg,4,slouch,116.8,86.93,294.4,432.67,127378.048,True,
valid,162,151,7b89017dc596f89add0284d36671e21d-Copy_jpg.rf.465c9cfc93c54d8232a5de3f45bdefb0.jpg,1,good_posture,44,19,316,598,188968,True,
valid,163,152,5ecd213f80f7319f47061ce6385f3d97-Copy_jpg.rf.91bfce6132fb7a08e48a5aebb6e29e3c.jpg,2,leaning_backward,37.68,223.67,379.71,330.53,125505.546,True,
valid,164,153,eb81401aa31b0635f62e053833cc7443-Copy_jpg.rf.ef555feafc6c86a26c38f09dd6b2ca7f.jpg,1,good_posture,37.68,6.28,311.11,618.41,192393.535,True,
valid,165,154,images-Copy-2-_jpg.rf.2714c13fd3f5aecb8eb37156df450263.jpg,1,good_posture,208,43,266,349,92834,True,
valid,166,155,sipotion_1749648192602_good_posture_0_91_jpg.rf.69d313a1c3e285cf4c517efc1aaef251.jpg,1,good_posture,250,67.33,329.33,534.67,176082.871,True,
valid,167,156,posture-116-_jpg.rf.5c5893301c7459c23e66e38875c6822f.jpg,1,good_posture,193.34,150.55,329.44,354.05,116638.232,True,
valid,168,157,302a01836d072e261341689ba8a2ab15_jpg.rf.f6788e42cf2979085b2f81ae555436da.jpg,2,leaning_backward,56.95,194.59,319.77,381,121832.37,True,
valid,169,158,sipotion_1749658158383_slouch_0_84_jpg.rf.8867e3bb4ae0f7302b7bfec06ae0ef1b.jpg,3,leaning_forward,145.14,55.92,340.19,584.08,198698.175,True,
valid,170,159,posture-289-_jpg.rf.ae8092ca463b4bafb10a62503eb48518.jpg,2,leaning_backward,158.33,93.89,472.22,546.11,257884.064,True,
valid,171,160,posture-250-_jpg.rf.7b303f4603a85492d978f281e8f7ba64.jpg,4,slouch,81.66,70.56,438.89,569.44,249921.522,True,
valid,172,161,544f9fc3c00c3e060cd924b74746e59c_jpg.rf.bed77ea07a2a848eb54cb50b372030eb.jpg,3,leaning_forward,63.77,68.6,308.21,355.25,109491.602,True,
valid,173,162,c1caa2f841f17368b81c38f15447b8cf-Copy_jpg.rf.8c98ee068586133ee895e75ddcf13c48.jpg,4,slouch,179.07,18.79,303.97,437.36,132944.319,True,
valid,174,163,86ef29704f2d54c6e5068ddb28d3ad1d-Copy_jpg.rf.da85e71567818de369694320fdc27bed.jpg,1,good_posture,46.38,142.51,263.77,494.73,130494.932,True,
valid,175,164,sipotion_1749658140051_leaning_forward_0_82_jpg.rf.eb9f1e90789c80521a2a3a9a124d5265.jpg,3,leaning_forward,224,156.67,357.33,482.67,172472.471,True,
valid,176,165,461894a0d79e24a7487b9a9d6bbccb05-Copy_jpg.rf.b45efa5cbd654e3a03c784944c66df01.jpg,1,good_posture,76.57,177.08,256.77,294.44,75603.359,True,
valid,177,166,c0d976a7fa3cf85a18892bae31bc1b84-Copy_jpg.rf.7fbbf5b1426603cdd6f3d6dcccd71541.jpg,1,good_posture,24.66,94.86,428.14,545.14,233396.24,True,
valid,178,167,sipotion_1749648942786_leaning_forward_0_78_jpg.rf.c69ec708e875001702504f406db0b28b.jpg,3,leaning_forward,82,40,384.67,594.67,228751.709,True,
valid,179,168,3e87da47f3303399401aa6078084fb36_jpg.rf.638ac87cf0ca8b8d14d9402ff7590ca1.jpg,2,leaning_backward,100.87,228.41,255.07,339.85,86685.539,True,
valid,180,169,proper-sitting-posture-at-desk-Copy-2-_jpg.rf.4daa4ecfea2a3fbcf50bd186cac86eee.jpg,1,good_posture,78,9,324,440,142560,True,
valid,181,170,sitting-position-for-good-posture-Copy-2-_jpg.rf.397bb8daa4f822a4ea121d8b24bcce63.jpg,1,good_posture,285.46,21.67,210.29,352.91,74213.444,True,
valid,182,171,sipotion_1749658800943_slouch_0_62_jpg.rf.dcbb7a03bd69d8cfd4bf624d2a9808b9.jpg,1,good_posture,234,160,256,443.33,113492.48,True,
valid,183,172,8a210910355fa7d37737ad36acfacf96_jpg.rf.64dc05ef32ebbcaf8a3344326c446406.jpg,3,leaning_forward,53.41,24.7,356.03,449.83,160152.975,True,
valid,184,173,sipotion_1749645303944_slouch_0_58_jpg.rf.9e856dab488170bfc5f34093afec76a7.jpg,4,slouch,85.33,82,363.33,542.67,197168.291,True,
valid,185,174,f37e2c1ed9d9aa63d998bd5a47267e67-Copy_jpg.rf.162c486239ffdb0af01af3ea1bdce381.jpg,1,good_posture,196.52,61.45,431.3,570.53,246069.589,True,
valid,186,175,22d97eb7ab5211a7dab979a1ca9e5220-Copy-2-_jpg.rf.3ef1c616191a3b6b0a21c8c449c5d0b0.jpg,4,slouch,155.63,23.1,421.82,393.11,165821.66,True,
valid,187,176,e17fb7d70c00033624fd798cf8c18c6e-Copy_jpg.rf.5f14be5ea8bf1b34f935cdc4561a4c67.jpg,4,slouch,22.52,73.87,185.67,356.81,66248.913,True,
valid,188,176,e17fb7d70c00033624fd798cf8c18c6e-Copy_jpg.rf.5f14be5ea8bf1b34f935cdc4561a4c67.jpg,1,good_posture,432.59,28.84,155.66,235.23,36615.902,True,
valid,189,177,7fecb34e90cfdd30eb3fe79164dce4c6-Copy_jpg.rf.af4974b3efd5e4e93fededacb50c978a.jpg,4,slouch,80.18,38.87,402.13,367.15,147642.029,True,
valid,190,178,134d30ead329e22fb6848eef387886b4-Copy_jpg.rf.d7e306e91ccc07e55e5d0b0a6b54f587.jpg,4,slouch,87.19,19.37,256.74,428.86,110105.516,True,
valid,191,179,da450f412176a127fba055c488836f04-Copy-2-_jpg.rf.d625a3a93d4c67ceabde1e833f2ec113.jpg,3,leaning_forward,13.92,52.75,416.81,551.42,229837.37,True,
valid,192,180,d14f05abce90fb024fe06da8ddcf723e-Copy_jpg.rf.bed6a063e5ac3bd862965fc83f0a0fb0.jpg,4,slouch,102.81,46.83,279.88,360.64,100935.923,True,
valid,193,181,c36ad258bd18ccf9a724c9cfdbfa74007_jpg.rf.53ecfd7ccf57ceea4788be993ef8438b.jpg,2,leaning_backward,71.31,87.54,432.46,524.75,226933.385,True,
valid,194,182,sipotion_1749645827036_leaning_forward_0_89_jpg.rf.569ab7f92fd686ab01c2c4701d25d8b7.jpg,3,leaning_forward,238.67,114,213.33,261.33,55749.529,True,
valid,195,183,sipotion_1749660905991_leaning_forward_0_88_jpg.rf.544e696145c41c1edf921fe5f8bf1973.jpg,3,leaning_forward,90.48,18.28,421.53,621.71,262069.416,True,
