capture_id,subject_id,label,class_id,calibration_id,lateral_side,subset
CAP000001,S001,upright,5,CAL_001,left,pilot
CAP000002,S001,upright,5,CAL_001,left,pilot
CAP000003,S001,upright,5,CAL_001,left,pilot
CAP000004,S001,upright,5,CAL_001,left,pilot
CAP000005,S001,upright,5,CAL_001,left,pilot
CAP000006,S001,leaning_forward,1,CAL_001,left,pilot
CAP000007,S001,leaning_forward,1,CAL_001,left,pilot
CAP000008,S001,leaning_forward,1,CAL_001,left,pilot
CAP000009,S001,leaning_forward,1,CAL_001,left,pilot
CAP000010,S001,leaning_forward,1,CAL_001,left,pilot
CAP000011,S001,upright,5,CAL_001,left,pilot
CAP000012,S001,upright,5,CAL_001,left,pilot
CAP000013,S001,upright,5,CAL_001,left,pilot
CAP000014,S001,upright,5,CAL_001,left,pilot
CAP000015,S001,upright,5,CAL_001,left,pilot
CAP000016,S001,leaning_forward,1,CAL_001,left,pilot
CAP000017,S001,leaning_forward,1,CAL_001,left,pilot
CAP000018,S001,leaning_forward,1,CAL_001,left,pilot
CAP000019,S001,leaning_forward,1,CAL_001,left,pilot
CAP000020,S001,leaning_forward,1,CAL_001,left,pilot
CAP000021,S001,leaning_backward,0,CAL_001,left,pilot
CAP000022,S001,leaning_backward,0,CAL_001,left,pilot
CAP000023,S001,leaning_backward,0,CAL_001,left,pilot
CAP000024,S001,leaning_backward,0,CAL_001,left,pilot
CAP000025,S001,leaning_backward,0,CAL_001,left,pilot
CAP000026,S001,leaning_left,2,CAL_001,left,pilot
CAP000027,S001,leaning_left,2,CAL_001,left,pilot
CAP000028,S001,leaning_left,2,CAL_001,left,pilot
CAP000029,S001,leaning_left,2,CAL_001,left,pilot
CAP000030,S001,leaning_left,2,CAL_001,left,pilot
CAP000031,S001,leaning_right,3,CAL_001,left,pilot
CAP000032,S001,leaning_right,3,CAL_001,left,pilot
CAP000033,S001,leaning_right,3,CAL_001,left,pilot
CAP000036,S001,slouching,4,CAL_001,left,pilot
CAP000037,S001,slouching,4,CAL_001,left,pilot
CAP000038,S001,slouching,4,CAL_001,left,pilot
CAP000039,S001,slouching,4,CAL_001,left,pilot
CAP000040,S001,slouching,4,CAL_001,left,pilot
CAP000048,S002,upright,5,CAL_001,left,pilot
CAP000049,S002,upright,5,CAL_001,left,pilot
CAP000050,S002,upright,5,CAL_001,left,pilot
CAP000051,S002,upright,5,CAL_001,left,pilot
CAP000052,S002,upright,5,CAL_001,left,pilot
CAP000053,S002,leaning_forward,1,CAL_001,left,pilot
CAP000054,S002,leaning_forward,1,CAL_001,left,pilot
CAP000055,S002,leaning_forward,1,CAL_001,left,pilot
CAP000056,S002,leaning_forward,1,CAL_001,left,pilot
CAP000057,S002,leaning_forward,1,CAL_001,left,pilot
CAP000058,S002,leaning_backward,0,CAL_001,left,pilot
CAP000059,S002,leaning_backward,0,CAL_001,left,pilot
CAP000060,S002,leaning_backward,0,CAL_001,left,pilot
CAP000061,S002,leaning_backward,0,CAL_001,left,pilot
CAP000062,S002,leaning_backward,0,CAL_001,left,pilot
CAP000063,S002,leaning_left,2,CAL_001,left,pilot
CAP000064,S002,leaning_left,2,CAL_001,left,pilot
CAP000065,S002,leaning_left,2,CAL_001,left,pilot
CAP000066,S002,leaning_left,2,CAL_001,left,pilot
CAP000067,S002,leaning_left,2,CAL_001,left,pilot
CAP000068,S002,leaning_right,3,CAL_001,left,pilot
CAP000069,S002,leaning_right,3,CAL_001,left,pilot
CAP000070,S002,leaning_right,3,CAL_001,left,pilot
CAP000071,S002,leaning_right,3,CAL_001,left,pilot
CAP000072,S002,leaning_right,3,CAL_001,left,pilot
CAP000073,S002,slouching,4,CAL_001,left,pilot
CAP000074,S002,slouching,4,CAL_001,left,pilot
CAP000075,S002,slouching,4,CAL_001,left,pilot
CAP000076,S002,slouching,4,CAL_001,left,pilot
CAP000077,S002,slouching,4,CAL_001,left,pilot
CAP000083,S003,upright,5,CAL_004,left,pilot
CAP000084,S003,upright,5,CAL_004,left,pilot
CAP000085,S003,upright,5,CAL_004,left,pilot
CAP000086,S003,upright,5,CAL_004,left,pilot
CAP000087,S003,upright,5,CAL_004,left,pilot
CAP000088,S003,leaning_forward,1,CAL_004,left,pilot
CAP000089,S003,leaning_forward,1,CAL_004,left,pilot
CAP000090,S003,leaning_forward,1,CAL_004,left,pilot
CAP000091,S003,leaning_forward,1,CAL_004,left,pilot
CAP000092,S003,leaning_forward,1,CAL_004,left,pilot
CAP000093,S003,leaning_backward,0,CAL_004,left,pilot
CAP000094,S003,leaning_backward,0,CAL_004,left,pilot
CAP000095,S003,leaning_backward,0,CAL_004,left,pilot
CAP000096,S003,leaning_backward,0,CAL_004,left,pilot
CAP000097,S003,leaning_backward,0,CAL_004,left,pilot
CAP000098,S003,leaning_left,2,CAL_004,left,pilot
CAP000099,S003,leaning_left,2,CAL_004,left,pilot
CAP000100,S003,leaning_left,2,CAL_004,left,pilot
CAP000101,S003,leaning_left,2,CAL_004,left,pilot
CAP000102,S003,leaning_left,2,CAL_004,left,pilot
CAP000103,S003,leaning_right,3,CAL_004,left,pilot
CAP000104,S003,leaning_right,3,CAL_004,left,pilot
CAP000105,S003,leaning_right,3,CAL_004,left,pilot
CAP000106,S003,leaning_right,3,CAL_004,left,pilot
CAP000107,S003,leaning_right,3,CAL_004,left,pilot
CAP000122,S004,upright,5,CAL_004,left,pilot
CAP000123,S004,upright,5,CAL_004,left,pilot
CAP000124,S004,upright,5,CAL_004,left,pilot
CAP000125,S004,upright,5,CAL_004,left,pilot
CAP000126,S004,upright,5,CAL_004,left,pilot
CAP000127,S004,leaning_forward,1,CAL_004,left,pilot
CAP000128,S004,leaning_forward,1,CAL_004,left,pilot
CAP000129,S004,leaning_forward,1,CAL_004,left,pilot
CAP000130,S004,leaning_forward,1,CAL_004,left,pilot
CAP000131,S004,leaning_forward,1,CAL_004,left,pilot
CAP000132,S004,leaning_backward,0,CAL_004,left,pilot
CAP000133,S004,leaning_backward,0,CAL_004,left,pilot
CAP000134,S004,leaning_backward,0,CAL_004,left,pilot
CAP000135,S004,leaning_backward,0,CAL_004,left,pilot
CAP000136,S004,leaning_backward,0,CAL_004,left,pilot
CAP000137,S004,leaning_left,2,CAL_004,left,pilot
CAP000138,S004,leaning_left,2,CAL_004,left,pilot
CAP000139,S004,leaning_left,2,CAL_004,left,pilot
CAP000140,S004,leaning_left,2,CAL_004,left,pilot
CAP000141,S004,leaning_left,2,CAL_004,left,pilot
CAP000142,S004,leaning_right,3,CAL_004,left,pilot
CAP000143,S004,leaning_right,3,CAL_004,left,pilot
CAP000144,S004,leaning_right,3,CAL_004,left,pilot
CAP000145,S004,leaning_right,3,CAL_004,left,pilot
CAP000146,S004,leaning_right,3,CAL_004,left,pilot
CAP000147,S004,slouching,4,CAL_004,left,pilot
CAP000148,S004,slouching,4,CAL_004,left,pilot
CAP000149,S004,slouching,4,CAL_004,left,pilot
CAP000150,S004,slouching,4,CAL_004,left,pilot
CAP000151,S004,slouching,4,CAL_004,left,pilot
CAP000157,S005,upright,5,CAL_005,right,controlled
CAP000158,S005,upright,5,CAL_005,right,controlled
CAP000159,S005,upright,5,CAL_005,right,controlled
CAP000160,S005,upright,5,CAL_005,right,controlled
CAP000161,S005,upright,5,CAL_005,right,controlled
CAP000162,S005,leaning_forward,1,CAL_005,right,controlled
CAP000163,S005,leaning_forward,1,CAL_005,right,controlled
CAP000164,S005,leaning_forward,1,CAL_005,right,controlled
CAP000165,S005,leaning_forward,1,CAL_005,right,controlled
CAP000166,S005,leaning_forward,1,CAL_005,right,controlled
CAP000167,S005,leaning_backward,0,CAL_005,right,controlled
CAP000168,S005,leaning_backward,0,CAL_005,right,controlled
CAP000169,S005,leaning_backward,0,CAL_005,right,controlled
CAP000170,S005,leaning_backward,0,CAL_005,right,controlled
CAP000171,S005,leaning_backward,0,CAL_005,right,controlled
CAP000172,S005,leaning_left,2,CAL_005,right,controlled
CAP000173,S005,leaning_left,2,CAL_005,right,controlled
CAP000174,S005,leaning_left,2,CAL_005,right,controlled
CAP000175,S005,leaning_left,2,CAL_005,right,controlled
CAP000176,S005,leaning_left,2,CAL_005,right,controlled
CAP000177,S005,leaning_right,3,CAL_005,right,controlled
CAP000178,S005,leaning_right,3,CAL_005,right,controlled
CAP000179,S005,leaning_right,3,CAL_005,right,controlled
CAP000180,S005,leaning_right,3,CAL_005,right,controlled
CAP000182,S005,slouching,4,CAL_005,right,controlled
CAP000183,S005,slouching,4,CAL_005,right,controlled
CAP000184,S005,slouching,4,CAL_005,right,controlled
CAP000185,S005,slouching,4,CAL_005,right,controlled
CAP000186,S005,slouching,4,CAL_005,right,controlled
CAP000193,S006,upright,5,CAL_005,right,controlled
CAP000194,S006,upright,5,CAL_005,right,controlled
CAP000195,S006,upright,5,CAL_005,right,controlled
CAP000196,S006,upright,5,CAL_005,right,controlled
CAP000197,S006,upright,5,CAL_005,right,controlled
CAP000198,S006,leaning_forward,1,CAL_005,right,controlled
CAP000199,S006,leaning_forward,1,CAL_005,right,controlled
CAP000200,S006,leaning_forward,1,CAL_005,right,controlled
CAP000201,S006,leaning_forward,1,CAL_005,right,controlled
CAP000202,S006,leaning_forward,1,CAL_005,right,controlled
CAP000203,S006,leaning_backward,0,CAL_005,right,controlled
CAP000204,S006,leaning_backward,0,CAL_005,right,controlled
CAP000205,S006,leaning_backward,0,CAL_005,right,controlled
CAP000206,S006,leaning_backward,0,CAL_005,right,controlled
CAP000207,S006,leaning_backward,0,CAL_005,right,controlled
CAP000208,S006,leaning_left,2,CAL_005,right,controlled
CAP000209,S006,leaning_left,2,CAL_005,right,controlled
CAP000210,S006,leaning_left,2,CAL_005,right,controlled
CAP000211,S006,leaning_left,2,CAL_005,right,controlled
CAP000212,S006,leaning_left,2,CAL_005,right,controlled
CAP000213,S006,leaning_right,3,CAL_005,right,controlled
CAP000214,S006,leaning_right,3,CAL_005,right,controlled
CAP000215,S006,leaning_right,3,CAL_005,right,controlled
CAP000216,S006,leaning_right,3,CAL_005,right,controlled
CAP000217,S006,leaning_right,3,CAL_005,right,controlled
CAP000218,S006,slouching,4,CAL_005,right,controlled
CAP000219,S006,slouching,4,CAL_005,right,controlled
CAP000221,S006,slouching,4,CAL_005,right,controlled
CAP000222,S006,slouching,4,CAL_005,right,controlled
CAP000379,S011,upright,5,CAL_009,right,controlled
CAP000381,S011,upright,5,CAL_009,right,controlled
CAP000382,S011,upright,5,CAL_009,right,controlled
CAP000383,S011,upright,5,CAL_009,right,controlled
CAP000384,S011,leaning_forward,1,CAL_009,right,controlled
CAP000388,S011,leaning_forward,1,CAL_009,right,controlled
CAP000389,S011,leaning_backward,0,CAL_009,right,controlled
CAP000390,S011,leaning_backward,0,CAL_009,right,controlled
CAP000391,S011,leaning_backward,0,CAL_009,right,controlled
CAP000392,S011,leaning_backward,0,CAL_009,right,controlled
CAP000393,S011,leaning_backward,0,CAL_009,right,controlled
CAP000394,S011,leaning_left,2,CAL_009,right,controlled
CAP000395,S011,leaning_left,2,CAL_009,right,controlled
CAP000396,S011,leaning_left,2,CAL_009,right,controlled
CAP000397,S011,leaning_left,2,CAL_009,right,controlled
CAP000398,S011,leaning_left,2,CAL_009,right,controlled
CAP000404,S011,slouching,4,CAL_009,right,controlled
CAP000405,S011,slouching,4,CAL_009,right,controlled
CAP000406,S011,slouching,4,CAL_009,right,controlled
CAP000407,S011,slouching,4,CAL_009,right,controlled
CAP000408,S011,slouching,4,CAL_009,right,controlled
CAP000416,S012,upright,5,CAL_009,right,controlled
CAP000417,S012,upright,5,CAL_009,right,controlled
CAP000418,S012,upright,5,CAL_009,right,controlled
CAP000419,S012,upright,5,CAL_009,right,controlled
CAP000420,S012,upright,5,CAL_009,right,controlled
CAP000421,S012,leaning_forward,1,CAL_009,right,controlled
CAP000422,S012,leaning_forward,1,CAL_009,right,controlled
CAP000423,S012,leaning_forward,1,CAL_009,right,controlled
CAP000424,S012,leaning_forward,1,CAL_009,right,controlled
CAP000425,S012,leaning_forward,1,CAL_009,right,controlled
CAP000436,S012,leaning_right,3,CAL_009,right,controlled
CAP000437,S012,leaning_right,3,CAL_009,right,controlled
CAP000438,S012,leaning_right,3,CAL_009,right,controlled
CAP000439,S012,leaning_right,3,CAL_009,right,controlled
CAP000440,S012,leaning_right,3,CAL_009,right,controlled
CAP000441,S012,slouching,4,CAL_009,right,controlled
CAP000442,S012,slouching,4,CAL_009,right,controlled
CAP000443,S012,slouching,4,CAL_009,right,controlled
CAP000444,S012,slouching,4,CAL_009,right,controlled
CAP000445,S012,slouching,4,CAL_009,right,controlled
CAP000453,S013,upright,5,CAL_009,right,controlled
CAP000454,S013,upright,5,CAL_009,right,controlled
CAP000455,S013,upright,5,CAL_009,right,controlled
CAP000456,S013,upright,5,CAL_009,right,controlled
CAP000457,S013,upright,5,CAL_009,right,controlled
CAP000458,S013,leaning_forward,1,CAL_009,right,controlled
CAP000459,S013,leaning_forward,1,CAL_009,right,controlled
CAP000460,S013,leaning_forward,1,CAL_009,right,controlled
CAP000461,S013,leaning_forward,1,CAL_009,right,controlled
CAP000462,S013,leaning_forward,1,CAL_009,right,controlled
CAP000463,S013,leaning_backward,0,CAL_009,right,controlled
CAP000464,S013,leaning_backward,0,CAL_009,right,controlled
CAP000465,S013,leaning_backward,0,CAL_009,right,controlled
CAP000466,S013,leaning_backward,0,CAL_009,right,controlled
CAP000467,S013,leaning_left,2,CAL_009,right,controlled
CAP000468,S013,leaning_left,2,CAL_009,right,controlled
CAP000469,S013,leaning_left,2,CAL_009,right,controlled
CAP000470,S013,leaning_left,2,CAL_009,right,controlled
CAP000471,S013,leaning_left,2,CAL_009,right,controlled
CAP000472,S013,leaning_right,3,CAL_009,right,controlled
CAP000473,S013,leaning_right,3,CAL_009,right,controlled
CAP000474,S013,leaning_right,3,CAL_009,right,controlled
CAP000475,S013,leaning_right,3,CAL_009,right,controlled
CAP000476,S013,leaning_right,3,CAL_009,right,controlled
CAP000477,S013,slouching,4,CAL_009,right,controlled
CAP000478,S013,slouching,4,CAL_009,right,controlled
CAP000479,S013,slouching,4,CAL_009,right,controlled
CAP000480,S013,slouching,4,CAL_009,right,controlled
CAP000481,S013,slouching,4,CAL_009,right,controlled
CAP000488,S014,upright,5,CAL_009,right,controlled
CAP000489,S014,upright,5,CAL_009,right,controlled
CAP000490,S014,upright,5,CAL_009,right,controlled
CAP000491,S014,upright,5,CAL_009,right,controlled
CAP000492,S014,upright,5,CAL_009,right,controlled
CAP000493,S014,leaning_forward,1,CAL_009,right,controlled
CAP000494,S014,leaning_forward,1,CAL_009,right,controlled
CAP000495,S014,leaning_forward,1,CAL_009,right,controlled
CAP000496,S014,leaning_forward,1,CAL_009,right,controlled
CAP000502,S014,leaning_left,2,CAL_009,right,controlled
CAP000503,S014,leaning_left,2,CAL_009,right,controlled
CAP000504,S014,leaning_left,2,CAL_009,right,controlled
CAP000505,S014,leaning_left,2,CAL_009,right,controlled
CAP000506,S014,leaning_left,2,CAL_009,right,controlled
CAP000507,S014,leaning_right,3,CAL_009,right,controlled
CAP000508,S014,leaning_right,3,CAL_009,right,controlled
CAP000509,S014,leaning_right,3,CAL_009,right,controlled
CAP000510,S014,leaning_right,3,CAL_009,right,controlled
CAP000511,S014,slouching,4,CAL_009,right,controlled
CAP000512,S014,slouching,4,CAL_009,right,controlled
CAP000513,S014,slouching,4,CAL_009,right,controlled
CAP000528,S015,leaning_forward,1,CAL_009,right,controlled
CAP000529,S015,leaning_forward,1,CAL_009,right,controlled
CAP000530,S015,leaning_forward,1,CAL_009,right,controlled
CAP000531,S015,leaning_forward,1,CAL_009,right,controlled
CAP000532,S015,leaning_forward,1,CAL_009,right,controlled
CAP000545,S015,leaning_right,3,CAL_009,right,controlled
CAP000546,S015,leaning_right,3,CAL_009,right,controlled
CAP000547,S015,leaning_right,3,CAL_009,right,controlled
CAP000583,S016,leaning_right,3,CAL_009,right,controlled
CAP000585,S016,leaning_right,3,CAL_009,right,controlled
CAP000597,S017,upright,5,CAL_009,right,controlled
CAP000598,S017,upright,5,CAL_009,right,controlled
CAP000599,S017,upright,5,CAL_009,right,controlled
CAP000600,S017,upright,5,CAL_009,right,controlled
CAP000601,S017,upright,5,CAL_009,right,controlled
CAP000603,S017,leaning_forward,1,CAL_009,right,controlled
CAP000604,S017,leaning_forward,1,CAL_009,right,controlled
CAP000605,S017,leaning_forward,1,CAL_009,right,controlled
CAP000606,S017,leaning_forward,1,CAL_009,right,controlled
CAP000607,S017,leaning_backward,0,CAL_009,right,controlled
CAP000608,S017,leaning_backward,0,CAL_009,right,controlled
CAP000609,S017,leaning_backward,0,CAL_009,right,controlled
CAP000610,S017,leaning_backward,0,CAL_009,right,controlled
CAP000611,S017,leaning_backward,0,CAL_009,right,controlled
CAP000612,S017,leaning_left,2,CAL_009,right,controlled
CAP000613,S017,leaning_left,2,CAL_009,right,controlled
CAP000614,S017,leaning_left,2,CAL_009,right,controlled
CAP000615,S017,leaning_left,2,CAL_009,right,controlled
CAP000616,S017,leaning_left,2,CAL_009,right,controlled
CAP000622,S017,slouching,4,CAL_009,right,controlled
CAP000623,S017,slouching,4,CAL_009,right,controlled
CAP000624,S017,slouching,4,CAL_009,right,controlled
CAP000625,S017,slouching,4,CAL_009,right,controlled
CAP000626,S017,slouching,4,CAL_009,right,controlled
CAP000633,S018,upright,5,CAL_009,right,controlled
CAP000634,S018,upright,5,CAL_009,right,controlled
CAP000635,S018,upright,5,CAL_009,right,controlled
CAP000636,S018,upright,5,CAL_009,right,controlled
CAP000637,S018,upright,5,CAL_009,right,controlled
CAP000638,S018,leaning_forward,1,CAL_009,right,controlled
CAP000639,S018,leaning_forward,1,CAL_009,right,controlled
CAP000640,S018,leaning_forward,1,CAL_009,right,controlled
CAP000641,S018,leaning_forward,1,CAL_009,right,controlled
CAP000642,S018,leaning_forward,1,CAL_009,right,controlled
CAP000643,S018,leaning_backward,0,CAL_009,right,controlled
CAP000644,S018,leaning_backward,0,CAL_009,right,controlled
CAP000645,S018,leaning_backward,0,CAL_009,right,controlled
CAP000646,S018,leaning_backward,0,CAL_009,right,controlled
CAP000647,S018,leaning_backward,0,CAL_009,right,controlled
CAP000648,S018,leaning_left,2,CAL_009,right,controlled
CAP000649,S018,leaning_left,2,CAL_009,right,controlled
CAP000650,S018,leaning_left,2,CAL_009,right,controlled
CAP000651,S018,leaning_left,2,CAL_009,right,controlled
CAP000652,S018,leaning_left,2,CAL_009,right,controlled
CAP000653,S018,leaning_right,3,CAL_009,right,controlled
CAP000654,S018,leaning_right,3,CAL_009,right,controlled
CAP000655,S018,leaning_right,3,CAL_009,right,controlled
CAP000656,S018,leaning_right,3,CAL_009,right,controlled
CAP000657,S018,leaning_right,3,CAL_009,right,controlled
CAP000658,S018,slouching,4,CAL_009,right,controlled
CAP000659,S018,slouching,4,CAL_009,right,controlled
CAP000660,S018,slouching,4,CAL_009,right,controlled
CAP000661,S018,slouching,4,CAL_009,right,controlled
CAP000662,S018,slouching,4,CAL_009,right,controlled
CAP000669,S019,upright,5,CAL_009,right,controlled
CAP000670,S019,upright,5,CAL_009,right,controlled
CAP000671,S019,upright,5,CAL_009,right,controlled
CAP000672,S019,upright,5,CAL_009,right,controlled
CAP000673,S019,upright,5,CAL_009,right,controlled
CAP000742,S021,upright,5,CAL_009,right,controlled
CAP000743,S021,upright,5,CAL_009,right,controlled
CAP000744,S021,upright,5,CAL_009,right,controlled
CAP000745,S021,upright,5,CAL_009,right,controlled
CAP000746,S021,upright,5,CAL_009,right,controlled
CAP000747,S021,leaning_forward,1,CAL_009,right,controlled
CAP000748,S021,leaning_forward,1,CAL_009,right,controlled
CAP000749,S021,leaning_forward,1,CAL_009,right,controlled
CAP000750,S021,leaning_forward,1,CAL_009,right,controlled
CAP000751,S021,leaning_forward,1,CAL_009,right,controlled
CAP000752,S021,leaning_backward,0,CAL_009,right,controlled
CAP000753,S021,leaning_backward,0,CAL_009,right,controlled
CAP000754,S021,leaning_backward,0,CAL_009,right,controlled
CAP000755,S021,leaning_backward,0,CAL_009,right,controlled
CAP000756,S021,leaning_backward,0,CAL_009,right,controlled
CAP000757,S021,leaning_left,2,CAL_009,right,controlled
CAP000758,S021,leaning_left,2,CAL_009,right,controlled
CAP000760,S021,leaning_left,2,CAL_009,right,controlled
CAP000761,S021,leaning_left,2,CAL_009,right,controlled
CAP000762,S021,leaning_right,3,CAL_009,right,controlled
CAP000763,S021,leaning_right,3,CAL_009,right,controlled
CAP000764,S021,leaning_right,3,CAL_009,right,controlled
CAP000765,S021,leaning_right,3,CAL_009,right,controlled
CAP000766,S021,leaning_right,3,CAL_009,right,controlled
CAP000767,S021,slouching,4,CAL_009,right,controlled
CAP000768,S021,slouching,4,CAL_009,right,controlled
CAP000769,S021,slouching,4,CAL_009,right,controlled
CAP000779,S022,upright,5,CAL_009,right,controlled
CAP000781,S022,upright,5,CAL_009,right,controlled
CAP000783,S022,upright,5,CAL_009,right,controlled
CAP000804,S022,slouching,4,CAL_009,right,controlled
CAP000805,S022,slouching,4,CAL_009,right,controlled
CAP000806,S022,slouching,4,CAL_009,right,controlled
CAP000807,S022,slouching,4,CAL_009,right,controlled
CAP000808,S022,slouching,4,CAL_009,right,controlled
CAP000852,S024,upright,5,CAL_011,right,controlled
CAP000853,S024,upright,5,CAL_011,right,controlled
CAP000854,S024,upright,5,CAL_011,right,controlled
CAP000855,S024,upright,5,CAL_011,right,controlled
CAP000856,S024,upright,5,CAL_011,right,controlled
CAP000857,S024,leaning_forward,1,CAL_011,right,controlled
CAP000858,S024,leaning_forward,1,CAL_011,right,controlled
CAP000859,S024,leaning_forward,1,CAL_011,right,controlled
CAP000860,S024,leaning_forward,1,CAL_011,right,controlled
CAP000861,S024,leaning_forward,1,CAL_011,right,controlled
CAP000862,S024,leaning_backward,0,CAL_011,right,controlled
CAP000863,S024,leaning_backward,0,CAL_011,right,controlled
CAP000864,S024,leaning_backward,0,CAL_011,right,controlled
CAP000865,S024,leaning_backward,0,CAL_011,right,controlled
CAP000867,S024,leaning_left,2,CAL_011,right,controlled
CAP000868,S024,leaning_left,2,CAL_011,right,controlled
CAP000869,S024,leaning_left,2,CAL_011,right,controlled
CAP000870,S024,leaning_right,3,CAL_011,right,controlled
CAP000871,S024,leaning_right,3,CAL_011,right,controlled
CAP000872,S024,leaning_right,3,CAL_011,right,controlled
CAP000873,S024,leaning_right,3,CAL_011,right,controlled
CAP000874,S024,leaning_right,3,CAL_011,right,controlled
CAP000875,S024,slouching,4,CAL_011,right,controlled
CAP000876,S024,slouching,4,CAL_011,right,controlled
CAP000877,S024,slouching,4,CAL_011,right,controlled
CAP000878,S024,slouching,4,CAL_011,right,controlled
CAP000879,S024,slouching,4,CAL_011,right,controlled
