image_id,split,class_name,nd_group,original_split
bad_posture_20241021_142856_png.rf.d63238b8aa0715cda8e88f5ecaef0e2f.jpg,train,Bad,ND_GROUP_0001,train
good_posture_20241013_222712_png.rf.d4260da6ca2e54e87b93742653249b2b.jpg,train,Good,ND_GROUP_0008,train
bad_posture_20241013_225750_png.rf.daa920390fdfc539db263e20cfef43ef.jpg,train,Bad,ND_GROUP_0000,train
bad_posture_20241021_142448_png.rf.d33dd9f9f893e9afb7e761de880c9371.jpg,train,Bad,ND_GROUP_0001,train
bad_posture_20241013_225714_png.rf.d2c1738f716f13eb44311e3ea1d89477.jpg,test,Bad,ND_GROUP_0002,train
image_20241008_203730_jpg.rf.db22bb8d251335e4b0098ff677b77b70.jpg,valid,Bad,ND_GROUP_0048,train
good_posture_20241021_141536_png.rf.d3f0e943b02c7be763e6cf54d93d567f.jpg,train,Good,ND_GROUP_0003,train
good_posture_20241013_225734_png.rf.d9808e2e835c5aa353fe9631a6258afb.jpg,test,Good,ND_GROUP_0059,train
good_posture_20241021_141341_png.rf.d8f8602154db4e80d92f4cd2f119a846.jpg,train,Good,ND_GROUP_0003,train
bad_posture_20241021_143008_png.rf.d9c1ef0798864f8bfa499de7693cc403.jpg,train,Bad,ND_GROUP_0001,train
good_posture_20241021_142342_png.rf.d7977438f1a429a0c4f3e34cd03074e1.jpg,train,Good,ND_GROUP_0001,train
good_posture_20241021_144124_png.rf.d1fc5160ed82325c329aaaf90ef09fd4.jpg,train,Good,ND_GROUP_0046,train
bad_posture_20241021_142856_png.rf.d4683811d3b2e345171fee3e044ee2f0.jpg,train,Bad,ND_GROUP_0001,train
image_20241008_200913_jpg.rf.d5692304206ef908694a131f59cd4ce7.jpg,test,Bad,ND_GROUP_0004,train
good_posture_20241013_225742_png.rf.d33f51690b5f0b8d693c2cd787bf8808.jpg,valid,Good,ND_GROUP_0005,train
good_posture_20241021_180607_png.rf.d0e2520a5d55463255fdbfe0196973f3.jpg,train,Good,ND_GROUP_0006,train
bad_posture_20241021_180513_png.rf.d84928495a9e069e0b719fb4b2f83f4e.jpg,train,Bad,ND_GROUP_0060,train
good_posture_20241021_141454_png.rf.d7da762e5bde110e2e736c424fdbbd03.jpg,train,Good,ND_GROUP_0003,train
bad_posture_20241021_143227_png.rf.d47fb2984e45e06df89cca454d075518.jpg,train,Bad,ND_GROUP_0001,train
good_posture_20241021_142318_png.rf.d9232b17db88f20ba4907f59d38abb25.jpg,train,Good,ND_GROUP_0046,train
good_posture_20241021_142330_png.rf.d4be117b0eb5892d616618a89a77bf6f.jpg,train,Good,ND_GROUP_0001,train
image_20241007_215802_jpg.rf.dbdb54ba63ed92b744009950b4bdbff8.jpg,valid,Good,ND_GROUP_0007,train
bad_posture_20241021_144100_png.rf.d6f4e4bdff8b3b8caac4a51b8ef9f50c.jpg,train,Bad,ND_GROUP_0001,train
bad_posture_20241021_143948_png.rf.d48d2917df4c400c127a1435cc580624.jpg,train,Bad,ND_GROUP_0001,train
good_posture_20241021_141630_png.rf.d6b3a72f5d321b47ddcd7ae9b33ab2af.jpg,train,Good,ND_GROUP_0003,train
image_20241009_224730_jpg.rf.dc5962d0a6506d889d394912c37c2831.jpg,test,Good,ND_GROUP_0061,train
image_20241009_224235_jpg.rf.dcb0c6c6bf6276f47836883b24387513.jpg,train,Bad,ND_GROUP_0042,train
image_20241009_143702_jpg.rf.dd4731183ae5628a64ed6244dbb55b48.jpg,valid,Bad,ND_GROUP_0054,train
good_posture_20241013_222757_png.rf.dde627f4ad54320fb1a7f1f6755e0fb3.jpg,train,Good,ND_GROUP_0008,train
bad_posture_20241021_143008_png.rf.e4219080ea89fe4c65fce8c779f2a3f4.jpg,train,Bad,ND_GROUP_0001,train
good_posture_20241021_142153_png.rf.e06a2ffac509cb1cc9c1a852ace0cdb6.jpg,train,Good,ND_GROUP_0001,train
bad_posture_20241021_142555_png.rf.e313463ebdee7eea418ec43162fcd683.jpg,train,Bad,ND_GROUP_0001,train
good_posture_20241013_225737_png.rf.e1c15d7f07506d6650761e065d27409d.jpg,valid,Good,ND_GROUP_0009,train
image_20241008_201334_jpg.rf.e742353a85cfddcbe8cb5bd96c8db275.jpg,valid,Good,ND_GROUP_0034,train
good_posture_20241012_174139_png.rf.e820667afa93896a51f53c1dfc11f41d.jpg,train,Good,ND_GROUP_0010,train
bad_posture_20241013_222600_png.rf.e3bbbd81cbad152f54f470ee95ffdd17.jpg,train,Bad,ND_GROUP_0058,train
good_posture_20241021_180549_png.rf.df4763572605f1adce89580b52af8c75.jpg,train,Good,ND_GROUP_0006,train
bad_posture_20241021_143245_png.rf.e182e517d8fbba0a6f1da3597693b1b9.jpg,train,Bad,ND_GROUP_0001,train
image_20241008_205601_jpg.rf.dfbb727b39a24d63a7339b8458c76403.jpg,test,Good,ND_GROUP_0011,train
image_20241007_215802_jpg.rf.e5a92a843b04789f63bab3bca2dfcbfb.jpg,valid,Good,ND_GROUP_0007,train
image_20241009_225822_jpg.rf.de5e20aaab1341db95b6df0ffb16cd6d.jpg,train,Bad,ND_GROUP_0012,train
bad_posture_20241021_180437_png.rf.dc6b37401fc09622a7a83ca31f0d00e7.jpg,train,Bad,ND_GROUP_0013,train
good_posture_20241021_142205_png.rf.e6b1271d5b97553fd11b79e8f6a7fd46.jpg,train,Good,ND_GROUP_0001,train
bad_posture_20241021_143853_png.rf.e3d52257219aede77d89bfbcd6f43220.jpg,train,Bad,ND_GROUP_0001,train
image_20241008_210224_jpg.rf.de71181b87b246d9e5938dd0950cf09e.jpg,test,Bad,ND_GROUP_0014,train
bad_posture_20241012_173243_png.rf.e7f0383f72da060d1eef964fc5aa463e.jpg,test,Bad,ND_GROUP_0015,train
image_20241008_205202_jpg.rf.e1740bbe1c03691d901528cd9ef4dce9.jpg,valid,Good,ND_GROUP_0016,train
bad_posture_20241013_222740_png.rf.e8c8ca5209b2a23b87dcf419aaac4a21.jpg,train,Bad,ND_GROUP_0008,train
bad_posture_20241021_142555_png.rf.e556ca0952c2259fb392b373fdc479ba.jpg,train,Bad,ND_GROUP_0001,train
bad_posture_20241013_221218_png.rf.e5217e924397ca5e2727880291313b91.jpg,train,Bad,ND_GROUP_0032,train
image_20241008_200801_jpg.rf.de40fa9292fbeb3b79a1e2390e71ce3a.jpg,train,Good,ND_GROUP_0017,train
bad_posture_20241021_144118_png.rf.ece80e777476ee0de4a99a37680eabf6.jpg,train,Good,ND_GROUP_0046,train
bad_posture_20241012_173121_png.rf.ec6ba94e66b786a035b8fbe653a089b3.jpg,train,Bad,ND_GROUP_0018,train
bad_posture_20241021_143641_png.rf.ea6c252145d940577205cc91e4374c22.jpg,train,Bad,ND_GROUP_0001,train
good_posture_20241021_142159_png.rf.f1fa4579559fd4ecb7a6ad8061547111.jpg,train,Good,ND_GROUP_0001,train
bad_posture_20241021_145052_png.rf.ea493141ec32fb18b7bc3c7616db058a.jpg,train,Bad,ND_GROUP_0001,train
good_posture_20241021_142330_png.rf.ee893cf99d03ac67f71b40b3ec608328.jpg,train,Good,ND_GROUP_0001,train
image_20241007_210150_jpg.rf.eb00cdb45a29b5c2aae969e153b0fc51.jpg,train,Good,ND_GROUP_0019,train
bad_posture_20241021_143139_png.rf.ea1a53ed56f0282bc1fe25bad848457e.jpg,valid,Bad,ND_GROUP_0062,train
bad_posture_20241012_174037_png.rf.ed42a931d35ac793968ad39d77fa992c.jpg,test,Bad,ND_GROUP_0020,train
image_20241008_202735_jpg.rf.edb3da9c33fff3ad166ea9b6bd3cb8e4.jpg,test,Bad,ND_GROUP_0021,train
bad_posture_20241021_144100_png.rf.ebf008e461617492a59e7075a6cc2814.jpg,train,Bad,ND_GROUP_0001,train
good_posture_20241021_142336_png.rf.e9c0605e1ef61453fc5b498a093e9d24.jpg,train,Good,ND_GROUP_0001,train
bad_posture_20241021_180437_png.rf.f2c5e87510d565cc280af6904f62a1ae.jpg,train,Bad,ND_GROUP_0013,train
good_posture_20241013_222655_png.rf.eea38fe9371bd3278e00ee729b402653.jpg,train,Bad,ND_GROUP_0058,train
bad_posture_20241021_144550_png.rf.f05717560cb461708608bc9e06788860.jpg,train,Bad,ND_GROUP_0001,train
bad_posture_20241021_143020_png.rf.f307ba23ff4a17822ff5b64783c8b96f.jpg,train,Bad,ND_GROUP_0001,train
bad_posture_20241021_142713_png.rf.efe8c12388966a59518e2a570cceacdb.jpg,train,Bad,ND_GROUP_0001,train
image_20241008_202338_jpg.rf.ef4b87637bf07005a97394f1410d5ded.jpg,test,Good,ND_GROUP_0063,train
bad_posture_20241021_144538_png.rf.edc0c0e5bfdc28b873284fa499e2446c.jpg,train,Bad,ND_GROUP_0001,train
bad_posture_20241013_221208_png.rf.f2ec5da19278a24514ce20a5ff9f9dfd.jpg,valid,Bad,ND_GROUP_0022,train
bad_posture_20241021_143853_png.rf.ef3747494971fc058e8d7513c463fe7f.jpg,train,Bad,ND_GROUP_0001,train
bad_posture_20241021_145052_png.rf.f389bc74390fb91c7ae0927c87de0b5f.jpg,train,Bad,ND_GROUP_0001,train
image_20241009_225721_jpg.rf.f33f6061f5485d84fd9e01babde47069.jpg,valid,Bad,ND_GROUP_0064,train
good_posture_20241012_174331_png.rf.f2b9fe1d473a7dfe004f8525003bdbd5.jpg,train,Good,ND_GROUP_0010,train
bad_posture_20241013_215714_png.rf.f349c9621eb7217e238cc5e6b23a2a74.jpg,valid,Bad,ND_GROUP_0023,train
bad_posture_20241021_143504_png.rf.e937beb5ee8b56583aae19e685e5943b.jpg,train,Bad,ND_GROUP_0001,train
image_20241008_210538_jpg.rf.f3cb2123ff63eacbdb6ed49eb42b6fe0.jpg,test,Bad,ND_GROUP_0024,train
image_20241007_193153_jpg.rf.f3fef5e7170671e81482e38e394a237b.jpg,valid,Good,ND_GROUP_0025,train
good_posture_20241021_142053_png.rf.f92853fe64ced1e2dc89a574b320af0e.jpg,train,Good,ND_GROUP_0003,train
image_20241009_142917_jpg.rf.fb0a0b469f692507e6e27313cc8813dd.jpg,train,Bad,ND_GROUP_0026,train
good_posture_20241013_225721_png.rf.fc829bf0c43f345124e0cf4c649013ab.jpg,valid,Good,ND_GROUP_0009,train
bad_posture_20241012_174240_png.rf.f80f91fed4f49cab3b62493a0a0be712.jpg,valid,Bad,ND_GROUP_0027,train
good_posture_20241021_141707_png.rf.f9f21b893af868635c0e9345f8a9ce06.jpg,train,Bad,ND_GROUP_0001,train
bad_posture_20241021_143817_png.rf.fce9931214aba09f752c25071ec4fed4.jpg,train,Bad,ND_GROUP_0001,train
good_posture_20241012_174341_png.rf.fcb36e161afe196f2d337ac81f7a0eb8.jpg,train,Good,ND_GROUP_0010,train
image_20241007_225038_jpg.rf.f4383e7779f57cf16eb99203ee85bc6c.jpg,train,Bad,ND_GROUP_0028,train
image_20241007_230212_jpg.rf.f5fa1be50ad414568d876054634dbf1e.jpg,test,Bad,ND_GROUP_0029,train
bad_posture_20241013_222753_png.rf.f4479323bacdba1c4bebfd64ffb274f1.jpg,train,Bad,ND_GROUP_0008,train
good_posture_20241021_141454_png.rf.fbc52ca1393f47f07c04a4c8b628f2cf.jpg,train,Good,ND_GROUP_0003,train
good_posture_20241013_222724_png.rf.fb6d8a669da29eded4d85eeeb3430dd0.jpg,train,Good,ND_GROUP_0008,train
bad_posture_20241013_221410_png.rf.f7d3de0ebaa9d1fab842b5a3fa34b488.jpg,train,Bad,ND_GROUP_0058,train
good_posture_20241013_222741_png.rf.ff1ac68a3734ace377a3933d70f66edf.jpg,train,Good,ND_GROUP_0008,train
bad_posture_20241013_222753_png.rf.f6f12156a10a5dfda824997b58722b2d.jpg,train,Bad,ND_GROUP_0008,train
bad_posture_20241012_173243_png.rf.f8c08381facf73050fe1ed988bce0d77.jpg,test,Bad,ND_GROUP_0015,train
good_posture_20241012_174331_png.rf.fc8417ffb2dfb41dcbbdce5e0fc421d5.jpg,train,Good,ND_GROUP_0010,train
bad_posture_20241013_225803_png.rf.fe9f632c24aa7899ce995c70c476f485.jpg,train,Bad,ND_GROUP_0000,train
good_posture_20241021_141548_png.rf.fe437b70d46340ecf1f31223f4a0c8b5.jpg,train,Good,ND_GROUP_0003,train
bad_posture_20241012_172310_png.rf.ffebb843d5de7bda8fcbbd234c98db30.jpg,test,Bad,ND_GROUP_0015,train
good_posture_20241012_172239_png.rf.fe1d25262987db371a4c9db72053e1f6.jpg,test,Bad,ND_GROUP_0030,train
good_posture_20241013_222738_png.rf.008882c9aa85b771e709a46d49a626f6.jpg,train,Good,ND_GROUP_0008,train
bad_posture_20241013_225746_png.rf.00bca5ddd713327a77a4fe56abaebbc8.jpg,train,Bad,ND_GROUP_0000,train
good_posture_20241013_225734_png.rf.01f5a532b2236e18e40d1c0277df1503.jpg,test,Good,ND_GROUP_0059,train
image_20241009_152252_jpg.rf.05159dd80bce18fabafd910e692d3745.jpg,valid,Bad,ND_GROUP_0031,train
image_20241008_202917_jpg.rf.09f2be5d2de5c7782811ea081e9fe7c9.jpg,test,Bad,ND_GROUP_0021,train
image_20241007_191348_jpg.rf.01a829bb16fb5df9a298fb34ba31f9cb.jpg,train,Good,ND_GROUP_0065,train
image_20241007_192901_jpg.rf.0ccc4f843148404a65a2e5e59e33d16f.jpg,valid,Good,ND_GROUP_0025,train
bad_posture_20241013_215926_png.rf.02e19c1d7c62f92e49e71042bae02010.jpg,train,Bad,ND_GROUP_0032,train
bad_posture_20241021_142111_png.rf.02367bda57a66d8c96143c384d8c8406.jpg,valid,Bad,ND_GROUP_0033,train
image_20241008_201334_jpg.rf.075a491404808971616b7108b4091284.jpg,valid,Good,ND_GROUP_0034,train
bad_posture_20241021_144036_png.rf.0a11af034bde8ffdf878ab957fecd65f.jpg,train,Bad,ND_GROUP_0001,train
good_posture_20241021_141707_png.rf.08e8ffb733b628d90daed863558dc6b8.jpg,train,Bad,ND_GROUP_0001,train
good_posture_20241013_222757_png.rf.09fcb8e4234c74ec91d3bd18ad5bd278.jpg,train,Good,ND_GROUP_0008,train
bad_posture_20241021_144143_png.rf.07364ba117e900cedaad8b00ca4c4274.jpg,train,Bad,ND_GROUP_0001,train
image_20241007_225757_jpg.rf.03fa76ef2445df7f6bb3c4508e8420a3.jpg,train,Bad,ND_GROUP_0035,train
bad_posture_20241021_142530_png.rf.0ca8e6860f91ad4ad288ca9d197b1bc0.jpg,train,Bad,ND_GROUP_0001,train
bad_posture_20241021_143735_png.rf.0926faead1e11c2672d213274767c0bc.jpg,train,Bad,ND_GROUP_0001,train
bad_posture_20241012_172726_png.rf.0bce91947d14834930406f05ad33a94e.jpg,valid,Bad,ND_GROUP_0047,train
bad_posture_20241021_141436_png.rf.0d5bccb27fcb3b7ab2190c664bd47ce4.jpg,valid,Bad,ND_GROUP_0033,train
bad_posture_20241013_215926_png.rf.02b6e6f8710d6ab2ce880049cfed4044.jpg,train,Bad,ND_GROUP_0032,train
good_posture_20241012_172219_png.rf.07ff56c17fc6b6d4c0604b4d7baa0db5.jpg,test,Bad,ND_GROUP_0030,train
good_posture_20241013_222750_png.rf.04fb6ba4e51294084790a147927b549e.jpg,train,Good,ND_GROUP_0008,train
good_posture_20241013_222728_png.rf.07307dbb63313f0c7bf4b3ceb5fad78b.jpg,train,Good,ND_GROUP_0008,train
image_20241007_220813_jpg.rf.0a46d8f558d03313da9a96c4b7185dbc.jpg,test,Bad,ND_GROUP_0066,train
good_posture_20241012_174401_png.rf.0f6e06ae18bddb1336e4398fb49f112e.jpg,train,Good,ND_GROUP_0010,train
bad_posture_20241021_144048_png.rf.00f192433451b129f2ea7e14573658ba.jpg,train,Bad,ND_GROUP_0001,train
image_20241008_205202_jpg.rf.0e051db1f64b7dca8dcda6cc66626d24.jpg,valid,Good,ND_GROUP_0016,train
good_posture_20241012_172239_png.rf.0d5fa05915d80dbafeb38b33ad8c5f89.jpg,test,Bad,ND_GROUP_0030,train
image_20241007_225757_jpg.rf.0dc88205859cfb224908421a6f02d85d.jpg,train,Bad,ND_GROUP_0035,train
bad_posture_20241013_221410_png.rf.1462324397bad87281de1223a4700ed6.jpg,train,Bad,ND_GROUP_0058,train
bad_posture_20241021_144000_png.rf.10bc47d5edcc1de0db39070028a7cbba.jpg,train,Bad,ND_GROUP_0001,train
good_posture_20241021_141536_png.rf.10abc6f80a2023fd6d396fb5fa39faf9.jpg,train,Good,ND_GROUP_0003,train
good_posture_20241021_141317_png.rf.143d3b61858157968900a8c13538eb10.jpg,train,Bad,ND_GROUP_0001,train
bad_posture_20241021_142034_png.rf.181e8501eed44959acc31aa8d5908166.jpg,train,Bad,ND_GROUP_0001,train
image_20241009_225822_jpg.rf.15a942561d1fa6bedcd6ad1c9b655a66.jpg,train,Bad,ND_GROUP_0012,train
good_posture_20241013_222757_png.rf.158e2a81acd9080355e0d3173cfd7631.jpg,train,Good,ND_GROUP_0008,train
good_posture_20241013_225741_png.rf.0f6e0805ceb97255223dda717c90e691.jpg,valid,Good,ND_GROUP_0005,train
good_posture_20241021_144124_png.rf.169b43b20680f8bbc6869083d8de0cd3.jpg,train,Good,ND_GROUP_0046,train
bad_posture_20241021_143133_png.rf.16101387826b56802447a8f38ed5e229.jpg,train,Bad,ND_GROUP_0001,train
image_20241007_191654_jpg.rf.1627e2a68f784d8fb2b62b5e8be48aed.jpg,train,Good,ND_GROUP_0036,train
bad_posture_20241021_143936_png.rf.1216115a3da476143740b03d217626a6.jpg,train,Bad,ND_GROUP_0001,train
bad_posture_20241021_143653_png.rf.1977af11028def8eef9ff6e90049b904.jpg,train,Bad,ND_GROUP_0001,train
bad_posture_20241013_222737_png.rf.16831ea30539ddc385c1c572a58e6475.jpg,train,Bad,ND_GROUP_0008,train
bad_posture_20241013_225750_png.rf.1917a0638ba149579efc519fa34ae05a.jpg,train,Bad,ND_GROUP_0000,train
good_posture_20241021_180318_png.rf.133186cd108deb8f2e3271a55afa1523.jpg,train,Good,ND_GROUP_0006,train
image_20241007_192602_jpg.rf.17e4312f1fba8ad360a73924cd5e39be.jpg,valid,Bad,ND_GROUP_0037,train
bad_posture_20241021_142536_png.rf.17b90531204f27f95a49d3779d44106a.jpg,train,Bad,ND_GROUP_0001,train
bad_posture_20241013_222747_png.rf.175039e33f542453b4ea0793f8d709b2.jpg,train,Bad,ND_GROUP_0008,train
bad_posture_20241021_143534_png.rf.16ed6c5211c54ad0d2d33615f9a4342e.jpg,train,Bad,ND_GROUP_0001,train
bad_posture_20241013_220642_png.rf.1823a120268980c62c40582e0092cfd4.jpg,train,Bad,ND_GROUP_0032,train
bad_posture_20241013_221208_png.rf.19b785cf3ba5b3ec4709c27478822249.jpg,valid,Bad,ND_GROUP_0022,train
image_20241007_192901_jpg.rf.13f21c0f954fddf069479ae625bbbf36.jpg,valid,Good,ND_GROUP_0025,train
bad_posture_20241021_145052_png.rf.0f9b2d7246a66c661c9deea38013f491.jpg,train,Bad,ND_GROUP_0001,train
image_20241010_173545_jpg.rf.119c8f401094e3f32dffe5e09a54b9f1.jpg,train,Bad,ND_GROUP_0055,train
good_posture_20241012_174311_png.rf.1de863b5332aecad0ffbfab24d506262.jpg,train,Good,ND_GROUP_0010,train
bad_posture_20241021_142034_png.rf.1c19934f2746708b9a534d1869da23b5.jpg,train,Bad,ND_GROUP_0001,train
good_posture_20241021_180318_png.rf.1e0e835cd147d84e8e7df14277dd743a.jpg,train,Good,ND_GROUP_0006,train
bad_posture_20241021_142022_png.rf.1b3fca639b24d05d49a29631c1a44353.jpg,train,Bad,ND_GROUP_0001,train
bad_posture_20241013_220309_png.rf.1e1557ba92be5f96b43b28d38123ac08.jpg,train,Bad,ND_GROUP_0032,train
bad_posture_20241021_143239_png.rf.1e9edcb64c798c52c94b24839d8f4bd6.jpg,train,Bad,ND_GROUP_0001,train
bad_posture_20241021_143504_png.rf.1ec56cdae4c4fe28484358762066f289.jpg,train,Bad,ND_GROUP_0001,train
bad_posture_20241021_143227_png.rf.2151dd927af9a4d88c5bcca89b0c2353.jpg,train,Bad,ND_GROUP_0001,train
bad_posture_20241021_144426_png.rf.26f9741e4294bbd8fab76349f737be3d.jpg,train,Bad,ND_GROUP_0001,train
good_posture_20241021_142336_png.rf.224fcb237b3cc6e8117d2e95fb857ed0.jpg,train,Good,ND_GROUP_0001,train
good_posture_20241021_141958_png.rf.21821f098d55042152ebb5a6091b441a.jpg,train,Good,ND_GROUP_0003,train
image_20241007_214451_jpg.rf.202678c11a54a756d9d229c7becd5dc9.jpg,train,Good,ND_GROUP_0019,train
bad_posture_20241021_143629_png.rf.21ed1ffca310c55664a27a02d4897437.jpg,train,Bad,ND_GROUP_0001,train
bad_posture_20241021_143747_png.rf.1bacd9310f30a4ec29b84dd12e691db8.jpg,train,Bad,ND_GROUP_0001,train
bad_posture_20241021_143853_png.rf.1ad5d0c0859170939c230423288e4802.jpg,train,Bad,ND_GROUP_0001,train
bad_posture_20241013_220642_png.rf.26f8f633b7ae6c3f2449bd3c010e925f.jpg,train,Bad,ND_GROUP_0032,train
bad_posture_20241012_174037_png.rf.27645d09380e2859d26c39b2054c5861.jpg,test,Bad,ND_GROUP_0020,train
bad_posture_20241012_172807_png.rf.24ee6b515389b83e08aa80e3d30293e3.jpg,train,Bad,ND_GROUP_0038,train
bad_posture_20241021_142418_png.rf.298ec47e47279138eb987d4ca7748061.jpg,train,Bad,ND_GROUP_0001,train
bad_posture_20241012_174240_png.rf.26eb808ca24854c41b152bff88b36a6d.jpg,valid,Bad,ND_GROUP_0027,train
bad_posture_20241021_142123_png.rf.2915ef0b695521b14e64d7d46a3dc2aa.jpg,test,Bad,ND_GROUP_0039,train
image_20241007_191348_jpg.rf.1f93aa497ec954dd6acd9bed32482134.jpg,train,Good,ND_GROUP_0065,train
good_posture_20241013_222738_png.rf.29a0f3857680447eeb2d8ee58e2ed27a.jpg,train,Good,ND_GROUP_0008,train
bad_posture_20241012_173222_png.rf.2a74e0757872dfa17534eb32b9b9070c.jpg,test,Bad,ND_GROUP_0040,train
image_20241008_210224_jpg.rf.286656b6f4925d76da38f6a54104e0b0.jpg,test,Bad,ND_GROUP_0014,train
good_posture_20241021_141713_png.rf.2a6b10c430ef8db6685e310b31fcbf11.jpg,train,Bad,ND_GROUP_0001,train
image_20241009_142917_jpg.rf.2ea2b3f5f7e7dfa2df4b0158f8072614.jpg,train,Bad,ND_GROUP_0026,train
good_posture_20241013_225738_png.rf.2d1e4913b095c6c59009f39c339495c9.jpg,valid,Good,ND_GROUP_0009,train
image_20241009_225721_jpg.rf.267e65374993f552a87320148960acbc.jpg,valid,Bad,ND_GROUP_0064,train
bad_posture_20241021_141737_png.rf.297eb92485c979df3b2568df663656cb.jpg,train,Bad,ND_GROUP_0041,train
good_posture_20241013_222655_png.rf.2d94bc32518db6f59bf8ede47e414792.jpg,train,Bad,ND_GROUP_0058,train
image_20241007_220813_jpg.rf.2b3e6a64495f4de4c995a8f6e240750d.jpg,test,Bad,ND_GROUP_0066,train
bad_posture_20241021_145122_png.rf.2ece5bfdc76a246a46f889795dc9640c.jpg,train,Bad,ND_GROUP_0001,train
image_20241007_215802_jpg.rf.2fae486f260ef252dca3638666183304.jpg,valid,Good,ND_GROUP_0007,train
bad_posture_20241021_142601_png.rf.2ef6f87c60bd017e1ce417e612156416.jpg,train,Bad,ND_GROUP_0001,train
bad_posture_20241021_143817_png.rf.30073a36a17282f03ed8ce181862afba.jpg,train,Bad,ND_GROUP_0001,train
bad_posture_20241012_174037_png.rf.32059e1c7a9cb1eb1a875644bac16dd9.jpg,test,Bad,ND_GROUP_0020,train
bad_posture_20241021_144407_png.rf.31a56fd9d4d898212f675c88639d68df.jpg,train,Bad,ND_GROUP_0001,train
good_posture_20241013_222638_png.rf.32c28bcc9ec05e5c169bcaf9558bb899.jpg,train,Bad,ND_GROUP_0058,train
good_posture_20241021_141630_png.rf.33f7a760d5db4e5381b0eddf65b94d42.jpg,train,Good,ND_GROUP_0003,train
bad_posture_20241021_141737_png.rf.33a26ef127c90265de90fa9e3aaabcf3.jpg,train,Bad,ND_GROUP_0041,train
image_20241009_224235_jpg.rf.2d2c0a23f69b0dcf93a0bbf3be5ea7a0.jpg,train,Bad,ND_GROUP_0042,train
bad_posture_20241013_222736_png.rf.33f9145d1e68fb8731feb77dff09f27c.jpg,train,Bad,ND_GROUP_0008,train
good_posture_20241012_174351_png.rf.2e30b27f031e99e702f180d255d86044.jpg,train,Good,ND_GROUP_0010,train
bad_posture_20241021_143616_png.rf.332dc9cabecffe9e3e4f5a10edf4c98a.jpg,train,Bad,ND_GROUP_0001,train
bad_posture_20241021_141725_png.rf.2f5d2755b7b58cdab695a3b597766de2.jpg,train,Bad,ND_GROUP_0001,train
good_posture_20241012_174351_png.rf.3047769fc04c650c20a7c3be12bfa694.jpg,train,Good,ND_GROUP_0010,train
image_20241007_230643_jpg.rf.3635a6fbd002709241fc250ea92ad142.jpg,train,Bad,ND_GROUP_0043,train
bad_posture_20241012_172807_png.rf.29f57464ac586b6e93ae29230fbbc1db.jpg,train,Bad,ND_GROUP_0038,train
bad_posture_20241012_172107_png.rf.32fa87db9887c89def7ec63fecbb7968.jpg,test,Bad,ND_GROUP_0030,train
image_20241007_192602_jpg.rf.3425c8783abe8a0b0d6cbe29a8184dfe.jpg,valid,Bad,ND_GROUP_0037,train
bad_posture_20241013_225714_png.rf.3210b84c449ff501406d17a5aa244415.jpg,test,Bad,ND_GROUP_0002,train
good_posture_20241021_141636_png.rf.32c564f884f7666e633d31bcf5e35843.jpg,train,Good,ND_GROUP_0003,train
image_20241007_230212_jpg.rf.38a12739416503ae6c83c534b2d84c11.jpg,test,Bad,ND_GROUP_0029,train
bad_posture_20241012_173222_png.rf.37f9d34cf8ee49f6058c758b40fcdcff.jpg,test,Bad,ND_GROUP_0040,train
image_20241007_222646_jpg.rf.36753081069edfad4aa003115328f6d1.jpg,valid,Good,ND_GROUP_0044,train
good_posture_20241013_222712_png.rf.3731d4225d69436f21124bea42e47d9e.jpg,train,Good,ND_GROUP_0008,train
bad_posture_20241021_141755_png.rf.3486647c4a4c92ceafe97a60bf4b8222.jpg,test,Bad,ND_GROUP_0039,train
bad_posture_20241012_174240_png.rf.327bb600c93faad947fa8cd167cfb456.jpg,valid,Bad,ND_GROUP_0027,train
image_20241007_191348_jpg.rf.38ce18118d987080490c0f8a28ca1102.jpg,train,Good,ND_GROUP_0065,train
image_20241008_201104_jpg.rf.38fea24d8a74207f7e5f9c269d42f0c5.jpg,test,Bad,ND_GROUP_0021,train
bad_posture_20241021_143653_png.rf.38ecbc3672dfa92fef4f0c74d4971574.jpg,train,Bad,ND_GROUP_0001,train
good_posture_20241013_222741_png.rf.3965b00d5d1cbce84957ffe611485af4.jpg,train,Good,ND_GROUP_0008,train
bad_posture_20241021_144638_png.rf.3c1f2ba9178a59285da3cbeb8154e7a5.jpg,train,Bad,ND_GROUP_0001,train
bad_posture_20241021_142123_png.rf.3935e954e723b14204ade1e76de90d28.jpg,test,Bad,ND_GROUP_0039,train
bad_posture_20241021_142530_png.rf.3a694c19a94333d4a65bf6ce44ffddc8.jpg,train,Bad,ND_GROUP_0001,train
bad_posture_20241021_142111_png.rf.3bf68ce6dd612e0a0178a814ee471d3e.jpg,valid,Bad,ND_GROUP_0033,train
image_20241009_142917_jpg.rf.3e7f8fb19edc4be36f10d4bbd3e8f2ce.jpg,train,Bad,ND_GROUP_0026,train
image_20241007_230212_jpg.rf.3e2f978c1810e70df074d912a716d08a.jpg,test,Bad,ND_GROUP_0029,train
image_20241008_205601_jpg.rf.3c259c2652b28c600755443c50c0a336.jpg,test,Good,ND_GROUP_0011,train
bad_posture_20241021_144550_png.rf.3f64bacc0e064f11a89913b59cd9b5d6.jpg,train,Bad,ND_GROUP_0001,train
bad_posture_20241021_142406_png.rf.38d1dd24d4964d9ebfcdc3446a5b0acb.jpg,train,Bad,ND_GROUP_0001,train
bad_posture_20241021_145335_png.rf.435f0b82fd832565cbf6ee1e2a9f5b84.jpg,train,Bad,ND_GROUP_0001,train
bad_posture_20241021_145211_png.rf.43ef51223cb60a15dcaa94bc3d2f6daf.jpg,train,Bad,ND_GROUP_0001,train
bad_posture_20241021_143924_png.rf.3d6e2e2bcc99dda3cebcf3c029447012.jpg,train,Bad,ND_GROUP_0001,train
bad_posture_20241021_143948_png.rf.3f8e32747c7b5a6af3f5b45aef4dd8bc.jpg,train,Bad,ND_GROUP_0001,train
image_20241008_200649_jpg.rf.42792422e5ed0f570f959b6cb7d76779.jpg,train,Good,ND_GROUP_0045,train
good_posture_20241021_141636_png.rf.40c0cf5ae5241fff3bfc3d1eac885786.jpg,train,Good,ND_GROUP_0003,train
image_20241008_201334_jpg.rf.400d290f0ab9dbf2bf39aa94aae3e964.jpg,valid,Good,ND_GROUP_0034,train
good_posture_20241013_225743_png.rf.3b812ccf74f235b49209ce40410ccd4d.jpg,valid,Good,ND_GROUP_0005,train
bad_posture_20241021_142448_png.rf.3d1d4eaf6f4bcf9693c12ec03f558b6c.jpg,train,Bad,ND_GROUP_0001,train
bad_posture_20241021_141725_png.rf.413be557d70af63d6167cb7aafd54cc6.jpg,train,Bad,ND_GROUP_0001,train
good_posture_20241012_174341_png.rf.3ff07b605a1398058f9ff2a54572a31a.jpg,train,Good,ND_GROUP_0010,train
bad_posture_20241021_145134_png.rf.39ef3cc31258fb61e2ec3c7790d72e77.jpg,train,Bad,ND_GROUP_0001,train
bad_posture_20241021_142601_png.rf.37ffa45d5fc89944a645eb1a0a1d8757.jpg,train,Bad,ND_GROUP_0001,train
bad_posture_20241021_143705_png.rf.443355501ea968ca5a43241a8ffa22c2.jpg,train,Bad,ND_GROUP_0001,train
bad_posture_20241021_180513_png.rf.40db3268c827839853278b39eb8bc96f.jpg,train,Bad,ND_GROUP_0060,train
good_posture_20241013_222638_png.rf.44f12601fc184bab83639a4eeedfcc7e.jpg,train,Bad,ND_GROUP_0058,train
image_20241008_201104_jpg.rf.451575ce4c9e1338b56ca9e927507e1d.jpg,test,Bad,ND_GROUP_0021,train
bad_posture_20241021_144118_png.rf.45fd4518616a023f1bf4ff52c81a7b2f.jpg,train,Good,ND_GROUP_0046,train
bad_posture_20241012_173222_png.rf.45f3af8f3bc40181e99426f39d41ca21.jpg,test,Bad,ND_GROUP_0040,train
bad_posture_20241013_225714_png.rf.443b5909f523c9ee7a4810ef024ed433.jpg,test,Bad,ND_GROUP_0002,train
image_20241009_152252_jpg.rf.46f6c82023b018890e463115dcdd5733.jpg,valid,Bad,ND_GROUP_0031,train
good_posture_20241021_142755_png.rf.44e116974e67cbfd8d381eeae5c3b9bf.jpg,train,Good,ND_GROUP_0046,train
bad_posture_20241012_172726_png.rf.4444747c5424449649beb55da4e0a1d2.jpg,valid,Bad,ND_GROUP_0047,train
good_posture_20241021_142330_png.rf.45f44a5ce97e9ae414b99bf0f7d294f7.jpg,train,Good,ND_GROUP_0001,train
bad_posture_20241021_143653_png.rf.47a601d44514682ce563d73814eb1c55.jpg,train,Bad,ND_GROUP_0001,train
image_20241008_203730_jpg.rf.49ba9d7f6ad83b2be111590e76f4f391.jpg,valid,Bad,ND_GROUP_0048,train
image_20241007_222736_jpg.rf.4a80cc5abd1055b3c8b1d475972c2093.jpg,test,Bad,ND_GROUP_0051,train
bad_posture_20241021_142856_png.rf.49044eb99b48026de58a4d6de343be2c.jpg,train,Bad,ND_GROUP_0001,train
image_20241009_224659_jpg.rf.455cdd67f9795c08ba1be20a12d4cda4.jpg,train,Good,ND_GROUP_0049,train
image_20241007_214451_jpg.rf.4c57b5c34d81a150fec002d5150059c1.jpg,train,Good,ND_GROUP_0019,train
bad_posture_20241013_221128_png.rf.4614d89c343542e5a722b26a16b6f2e0.jpg,valid,Bad,ND_GROUP_0050,train
bad_posture_20241021_143534_png.rf.4d1e01ad50bd8647799c72dac25cb570.jpg,train,Bad,ND_GROUP_0001,train
image_20241007_222736_jpg.rf.4c36390a9cb9d070de7da6dd0cb7eca9.jpg,test,Bad,ND_GROUP_0051,train
good_posture_20241021_142205_png.rf.4b4460e0a4bbe41d8a8ccb5464f43fa8.jpg,train,Good,ND_GROUP_0001,train
bad_posture_20241021_143616_png.rf.4d4f84aa93e3559c5bc143d31a6137c3.jpg,train,Bad,ND_GROUP_0001,train
bad_posture_20241013_221410_png.rf.510f8559bc222475e7db1b83ef672964.jpg,train,Bad,ND_GROUP_0058,train
good_posture_20241013_222721_png.rf.4a46a1fabe1d7a7bb8653a2e66d5c66a.jpg,train,Good,ND_GROUP_0008,train
good_posture_20241021_142223_png.rf.516d63215380864b7c20ba229f3a7eb4.jpg,train,Good,ND_GROUP_0046,train
good_posture_20241021_142336_png.rf.4ba02b00727131e88ad643249f0ea804.jpg,train,Good,ND_GROUP_0001,train
bad_posture_20241021_145555_png.rf.4aa979b00eea7b0d6c07c7b119897c74.jpg,train,Bad,ND_GROUP_0001,train
good_posture_20241013_222750_png.rf.4ef90e53e27b6d11907e1347da058ecd.jpg,train,Good,ND_GROUP_0008,train
bad_posture_20241021_144048_png.rf.516b88b5e1de56614ad3f5de8ea27668.jpg,train,Bad,ND_GROUP_0001,train
good_posture_20241013_222710_png.rf.4cc366f4c8eb868e12e7f89bbc453c45.jpg,train,Good,ND_GROUP_0008,train
bad_posture_20241021_145122_png.rf.4b252421de3caaec047094d88f869e0b.jpg,train,Bad,ND_GROUP_0001,train
bad_posture_20241021_144100_png.rf.4d04a646cabc534f056cba47c67a12a9.jpg,train,Bad,ND_GROUP_0001,train
bad_posture_20241021_143747_png.rf.5262fcbd048d2bc8ffc9369ab8f72686.jpg,train,Bad,ND_GROUP_0001,train
bad_posture_20241021_144000_png.rf.4fedd1b61395d6e05ce01e40238cc886.jpg,train,Bad,ND_GROUP_0001,train
bad_posture_20241013_225746_png.rf.52f4fc9c9c985068481194616632bef9.jpg,train,Bad,ND_GROUP_0000,train
good_posture_20241013_225738_png.rf.49dde5bf40504ae348c3d05d4a75d82f.jpg,valid,Good,ND_GROUP_0009,train
bad_posture_20241021_145335_png.rf.521e2285ad314459480aa08f152379c3.jpg,train,Bad,ND_GROUP_0001,train
bad_posture_20241021_143020_png.rf.51bd6b7c7983855b05cdcdccaf456370.jpg,train,Bad,ND_GROUP_0001,train
image_20241009_135224_jpg.rf.5501dcaa0a41a41a9e5dd65b70a671bb.jpg,test,Good,ND_GROUP_0052,train
good_posture_20241021_141707_png.rf.52c4ae2019f1a34b9f61654abcb6b3d0.jpg,train,Bad,ND_GROUP_0001,train
good_posture_20241021_142342_png.rf.4fdad88c2fe0431dc2ef26c8f0b27587.jpg,train,Good,ND_GROUP_0001,train
good_posture_20241012_174311_png.rf.50aa111915d5696ae52a9a9f4fdea858.jpg,train,Good,ND_GROUP_0010,train
good_posture_20241021_142153_png.rf.53ff9cef124a7c432308ec8797d6b7e9.jpg,train,Good,ND_GROUP_0001,train
image_20241009_225721_jpg.rf.5236c77f62c8492e23c7e1beb59dbf4f.jpg,valid,Bad,ND_GROUP_0064,train
good_posture_20241021_141649_png.rf.55228561beba275e28e11a82e618a08a.jpg,train,Good,ND_GROUP_0003,train
bad_posture_20241021_180513_png.rf.554e806fdbaf4244392d7b4959e6d1a7.jpg,train,Bad,ND_GROUP_0060,train
good_posture_20241021_180555_png.rf.571494939c14ef7f2e2a3a20e01ef43a.jpg,train,Good,ND_GROUP_0006,train
bad_posture_20241021_143245_png.rf.5444765c2b95f70b79738dbd52068113.jpg,train,Bad,ND_GROUP_0001,train
good_posture_20241021_180549_png.rf.55ad771bf0e6b6a29d4a0185a09ddb9d.jpg,train,Good,ND_GROUP_0006,train
good_posture_20241021_141958_png.rf.55da3a2ce06cbec85597d828547b8dba.jpg,train,Good,ND_GROUP_0003,train
good_posture_20241013_222732_png.rf.593e5b73ee082fa508f3b041265236af.jpg,train,Good,ND_GROUP_0008,train
good_posture_20241021_141335_png.rf.529c2f79c2e3de57f14d4634ac9b841d.jpg,train,Good,ND_GROUP_0003,train
bad_posture_20241012_173040_png.rf.5a625be41364d000b584793957654a32.jpg,train,Bad,ND_GROUP_0038,train
good_posture_20241021_142159_png.rf.5a1152d976abbafa61d09e6bead31579.jpg,train,Good,ND_GROUP_0001,train
bad_posture_20241012_172807_png.rf.5c14c298dfada9c74703a7d383131e14.jpg,train,Bad,ND_GROUP_0038,train
good_posture_20241021_180312_png.rf.5cb65bcda8dd67d68094b757c67d9553.jpg,train,Good,ND_GROUP_0006,train
good_posture_20241012_174401_png.rf.550aa8e214ee50aee8aff425ebff79ff.jpg,train,Good,ND_GROUP_0010,train
bad_posture_20241013_220329_png.rf.5c5271e230a21472e624992741635b28.jpg,train,Bad,ND_GROUP_0032,train
bad_posture_20241012_172107_png.rf.60103f979a2b233515d7e6b699b97b95.jpg,test,Bad,ND_GROUP_0030,train
image_20241008_202735_jpg.rf.5f402ec511205630b53ae6b1021d2e18.jpg,test,Bad,ND_GROUP_0021,train
good_posture_20241021_180549_png.rf.5d1e28c84ced36cab22c2e986b16380c.jpg,train,Good,ND_GROUP_0006,train
bad_posture_20241021_142536_png.rf.5f76ec6d5c76b42cbac61a7bbfb3da77.jpg,train,Bad,ND_GROUP_0001,train
bad_posture_20241012_173040_png.rf.5d6e0d54e52876cadafaa4203399786c.jpg,train,Bad,ND_GROUP_0038,train
bad_posture_20241013_215714_png.rf.61485122e412febf1c3fe18bee58aa9c.jpg,valid,Bad,ND_GROUP_0023,train
bad_posture_20241021_141737_png.rf.6306ca9f641b1006206b9780812b47e5.jpg,train,Bad,ND_GROUP_0041,train
good_posture_20241012_174311_png.rf.5e4e2e6420b9e00113316e95dbc4fff1.jpg,train,Good,ND_GROUP_0010,train
good_posture_20241021_141624_png.rf.5cb6ce0a45f72bf778b064662ec74007.jpg,train,Good,ND_GROUP_0003,train
image_20241007_214451_jpg.rf.64209af8177995b45e898b7c76f09ba9.jpg,train,Good,ND_GROUP_0019,train
bad_posture_20241021_143245_png.rf.6435d4f113fb77b9e049c95ca74e0486.jpg,train,Bad,ND_GROUP_0001,train
bad_posture_20241013_220329_png.rf.5f40e71c2621db7d27e479d0d0aa1d31.jpg,train,Bad,ND_GROUP_0032,train
bad_posture_20241013_220037_png.rf.64d618dae3a200e4532e264c4840e7a2.jpg,test,Bad,ND_GROUP_0053,train
good_posture_20241012_174321_png.rf.5f4746ac40af223d1a9ef233f4130e10.jpg,train,Good,ND_GROUP_0010,train
image_20241008_210538_jpg.rf.61c23e5cc2177c674d00cdb1ae173569.jpg,test,Bad,ND_GROUP_0024,train
good_posture_20241013_225742_png.rf.6430fcfab1acf9edf6291ff79575fc6d.jpg,valid,Good,ND_GROUP_0005,train
image_20241009_224659_jpg.rf.5a48d40426c04c843c9628b70fc55f1a.jpg,train,Good,ND_GROUP_0049,train
bad_posture_20241012_172310_png.rf.65d35caf1021a314b6188990a8f926d9.jpg,test,Bad,ND_GROUP_0015,train
bad_posture_20241013_221218_png.rf.5401eaed6ea732be35b6ec74913afd54.jpg,train,Bad,ND_GROUP_0032,train
bad_posture_20241021_141755_png.rf.65a2e58d31958a39d23d16c8ceab9ae6.jpg,test,Bad,ND_GROUP_0039,train
bad_posture_20241013_221128_png.rf.64b10ef13174ecba5f0f719dad089d86.jpg,valid,Bad,ND_GROUP_0050,train
good_posture_20241021_180607_png.rf.6739ab1edb782b8dfe90e7251b927491.jpg,train,Good,ND_GROUP_0006,train
bad_posture_20241021_141436_png.rf.65e7c4c15eb2c23a561ccdd39fbfcb93.jpg,valid,Bad,ND_GROUP_0033,train
good_posture_20241021_142755_png.rf.64e169efe292b0d92226c1b95eee3d45.jpg,train,Good,ND_GROUP_0046,train
good_posture_20241021_142755_png.rf.66cd3b00eb8c2d26c3a0dc04927b4bc9.jpg,train,Good,ND_GROUP_0046,train
bad_posture_20241021_142601_png.rf.6589eeec635e63a58b1c6dbcf4e740e1.jpg,train,Bad,ND_GROUP_0001,train
good_posture_20241013_225741_png.rf.6941bcbb04993866436d3312ea1aa44f.jpg,valid,Good,ND_GROUP_0005,train
bad_posture_20241021_143817_png.rf.6764145f0dab336544ad024f14901db1.jpg,train,Bad,ND_GROUP_0001,train
bad_posture_20241021_143239_png.rf.68ff3dabef8ffa88deaec22dee2cf2d5.jpg,train,Bad,ND_GROUP_0001,train
image_20241008_203730_jpg.rf.6b6062891c1d98f37417e6c159a73b81.jpg,valid,Bad,ND_GROUP_0048,train
bad_posture_20241021_142123_png.rf.70ce01198ac54f6f1294bc55f7054c38.jpg,test,Bad,ND_GROUP_0039,train
bad_posture_20241012_172310_png.rf.7062f60fe56b920ecc719d3f3b83862a.jpg,test,Bad,ND_GROUP_0015,train
good_posture_20241021_142318_png.rf.6a1f27ab2a247590de810e827ee6b731.jpg,train,Good,ND_GROUP_0046,train
bad_posture_20241021_144638_png.rf.6ed2a45f820cb156bc418731a9f11d0d.jpg,train,Bad,ND_GROUP_0001,train
bad_posture_20241021_143008_png.rf.6cd9b1e6f3b75c8246be9c8880822b6b.jpg,train,Bad,ND_GROUP_0001,train
good_posture_20241012_172057_png.rf.71b7627c08bdb8d2fe852d499e0c9cff.jpg,test,Bad,ND_GROUP_0030,train
good_posture_20241013_222638_png.rf.696d0c1fed86072e02257c39016c2528.jpg,train,Bad,ND_GROUP_0058,train
good_posture_20241021_141542_png.rf.674e053d01aacf3117aed4bfa338fe05.jpg,train,Good,ND_GROUP_0003,train
bad_posture_20241021_142914_png.rf.6f9b9047c25e931496da93ffa18e5752.jpg,train,Bad,ND_GROUP_0001,train
image_20241008_202917_jpg.rf.6ef80c65011a334d84e3469a03e88036.jpg,test,Bad,ND_GROUP_0021,train
bad_posture_20241013_222740_png.rf.6ee53ef53b06a6c43df4ace82be23d7a.jpg,train,Bad,ND_GROUP_0008,train
image_20241009_143702_jpg.rf.71a50439f29c4ffcc7e0511d8a2c0de9.jpg,valid,Bad,ND_GROUP_0054,train
bad_posture_20241021_144407_png.rf.6b070a07b32d4d8424a75b3eca4176c0.jpg,train,Bad,ND_GROUP_0001,train
good_posture_20241013_225743_png.rf.6c388dc051c17698b210c6cfc763413e.jpg,valid,Good,ND_GROUP_0005,train
bad_posture_20241021_143139_png.rf.6d21c903edefbb5159ae78a9f01b3269.jpg,valid,Bad,ND_GROUP_0062,train
bad_posture_20241021_145211_png.rf.6c0a085f979a3d09d8dc8bcd28a4ee9d.jpg,train,Bad,ND_GROUP_0001,train
good_posture_20241013_222750_png.rf.6bf1375bbcf78b64e80849c2db4d63c9.jpg,train,Good,ND_GROUP_0008,train
good_posture_20241021_141713_png.rf.6c89ea9fbde0debbc90169020fd15f02.jpg,train,Bad,ND_GROUP_0001,train
good_posture_20241021_142153_png.rf.6b8b9daa24766b0fd7dfe081ba5c504c.jpg,train,Good,ND_GROUP_0001,train
good_posture_20241012_174331_png.rf.69218c897265290334bcd3e8e236c690.jpg,train,Good,ND_GROUP_0010,train
bad_posture_20241012_172726_png.rf.6f7eed2cd768313d4443c71399348e49.jpg,valid,Bad,ND_GROUP_0047,train
bad_posture_20241021_144143_png.rf.71e440995484c622c1fd840aec7bb841.jpg,train,Bad,ND_GROUP_0001,train
bad_posture_20241021_142111_png.rf.71eb50bb399a72995b18a75eea2b6792.jpg,valid,Bad,ND_GROUP_0033,train
bad_posture_20241013_220329_png.rf.7391747e35777b9cccc99d03692c3c7b.jpg,train,Bad,ND_GROUP_0032,train
bad_posture_20241021_145122_png.rf.760013fe9c2eeb4d5f703d6590cc7671.jpg,train,Bad,ND_GROUP_0001,train
bad_posture_20241021_145134_png.rf.78072d79cfba79b3449ee462a531f36c.jpg,train,Bad,ND_GROUP_0001,train
good_posture_20241021_141317_png.rf.77704611f833f0d7dbf7605448d54924.jpg,train,Bad,ND_GROUP_0001,train
good_posture_20241013_225734_png.rf.78b82102bae51ef864317a1cc846fb0d.jpg,test,Good,ND_GROUP_0059,train
bad_posture_20241021_144036_png.rf.71c800aaccc03f2287eff9ed7d86c867.jpg,train,Bad,ND_GROUP_0001,train
bad_posture_20241021_143924_png.rf.7407a4ef46d060a76172d18a47aef81c.jpg,train,Bad,ND_GROUP_0001,train
bad_posture_20241013_221128_png.rf.759122f47838c06d9e88472ffd56d0da.jpg,valid,Bad,ND_GROUP_0050,train
bad_posture_20241013_222600_png.rf.763b02ea322cdbe107e1a4f76e08a272.jpg,train,Bad,ND_GROUP_0058,train
good_posture_20241021_141317_png.rf.74badd80ae03fafb0c84215a63bf501f.jpg,train,Bad,ND_GROUP_0001,train
good_posture_20241021_141649_png.rf.78d8401f4668f337aefdded3207aa1a2.jpg,train,Good,ND_GROUP_0003,train
bad_posture_20241021_141755_png.rf.77281eb66e0a303481e338fcbb50b18d.jpg,test,Bad,ND_GROUP_0039,train
bad_posture_20241021_142418_png.rf.77bdb020915a6f13a95e0d60558be3bf.jpg,train,Bad,ND_GROUP_0001,train
bad_posture_20241021_180437_png.rf.733d0fa44df28d50eab6bf25d4bb8627.jpg,train,Bad,ND_GROUP_0013,train
good_posture_20241021_142223_png.rf.793ed03aa3d467da6073664b3895b884.jpg,train,Good,ND_GROUP_0046,train
bad_posture_20241021_143747_png.rf.780456714bcdce33dffa26ed74c81696.jpg,train,Bad,ND_GROUP_0001,train
image_20241007_230643_jpg.rf.75048b5d0ac48caaf18479242b6ba6cb.jpg,train,Bad,ND_GROUP_0043,train
image_20241008_202917_jpg.rf.789046235e1e117ee7023035c3d2b0ad.jpg,test,Bad,ND_GROUP_0021,train
image_20241007_230643_jpg.rf.7c12ab5f5b0666f535cfa8439b32ce10.jpg,train,Bad,ND_GROUP_0043,train
good_posture_20241013_222732_png.rf.7b06fe602f93f4e02b9a1afa3a2bae98.jpg,train,Good,ND_GROUP_0008,train
bad_posture_20241021_142536_png.rf.77bc1f619145f0f2651c4ba4cb72ed83.jpg,train,Bad,ND_GROUP_0001,train
image_20241007_191654_jpg.rf.75329e0160a1967e9f641fd993435eff.jpg,train,Good,ND_GROUP_0036,train
good_posture_20241012_172239_png.rf.7c176ae9790f83cc55532fe9cec2eba9.jpg,test,Bad,ND_GROUP_0030,train
bad_posture_20241013_215714_png.rf.743c06dcd0ee0068aa36835d30f8a981.jpg,valid,Bad,ND_GROUP_0023,train
bad_posture_20241021_144000_png.rf.7607af798e516b125b6c30696e008b3d.jpg,train,Bad,ND_GROUP_0001,train
image_20241007_192602_jpg.rf.7c86836745671731c35e28b26cec54ab.jpg,valid,Bad,ND_GROUP_0037,train
bad_posture_20241021_142034_png.rf.7c3f7dce02b6e9844fb06e787615aa42.jpg,train,Bad,ND_GROUP_0001,train
good_posture_20241021_141958_png.rf.7d683a5556ed27e1e91cdecb2bfe0a34.jpg,train,Good,ND_GROUP_0003,train
good_posture_20241012_174401_png.rf.7d395a14338e8b9b211b52055ba66434.jpg,train,Good,ND_GROUP_0010,train
good_posture_20241013_222738_png.rf.802542d1e3ce772121b5f1a8143e063c.jpg,train,Good,ND_GROUP_0008,train
bad_posture_20241021_143504_png.rf.7dd987a7a58246fcf4b641c634f34873.jpg,train,Bad,ND_GROUP_0001,train
image_20241010_173545_jpg.rf.84cabeeeae008f6fd995e00701a0ef6b.jpg,train,Bad,ND_GROUP_0055,train
good_posture_20241021_141341_png.rf.8325f57b29ea50c2c3e67a858acf3515.jpg,train,Good,ND_GROUP_0003,train
bad_posture_20241013_222600_png.rf.7e73545ae43cce7684fc53739713ba62.jpg,train,Bad,ND_GROUP_0058,train
bad_posture_20241021_142713_png.rf.87157b3020aee9f4282845be342a2fc5.jpg,train,Bad,ND_GROUP_0001,train
bad_posture_20241021_143705_png.rf.7f47dd181b955ea5e84725676554a67b.jpg,train,Bad,ND_GROUP_0001,train
bad_posture_20241013_222753_png.rf.88af96fc0629eff51c94b24160be93d4.jpg,train,Bad,ND_GROUP_0008,train
good_posture_20241013_225737_png.rf.81ca6efab9eb150c00a5ce58cfe1e158.jpg,valid,Good,ND_GROUP_0009,train
good_posture_20241012_172057_png.rf.7d5c37f992746962648f3100e54f7ed9.jpg,test,Bad,ND_GROUP_0030,train
bad_posture_20241021_141448_png.rf.8819c1af78fe753ddaa6b78b4a03c483.jpg,valid,Bad,ND_GROUP_0033,train
good_posture_20241021_180607_png.rf.82c94bce337c0f8f94135ed87e3fb330.jpg,train,Good,ND_GROUP_0006,train
good_posture_20241021_142342_png.rf.86dbd23c7dcfe98d6434d1d919b75be5.jpg,train,Good,ND_GROUP_0001,train
bad_posture_20241021_143948_png.rf.8a78740d6419c7e478c725d3e032b326.jpg,train,Bad,ND_GROUP_0001,train
bad_posture_20241021_143133_png.rf.7f5408add9ab7433fd1fac7213b0347b.jpg,train,Bad,ND_GROUP_0001,train
good_posture_20241013_222741_png.rf.886bce7ad7e6447aef32e54682b92ea5.jpg,train,Good,ND_GROUP_0008,train
bad_posture_20241013_221208_png.rf.8b01f77b9bf904b9fbf7435f4771859c.jpg,valid,Bad,ND_GROUP_0022,train
image_20241008_202338_jpg.rf.880f1dbc0ae468e6e5bb84aee35cd653.jpg,test,Good,ND_GROUP_0063,train
image_20241007_225038_jpg.rf.7c94c95bfb81aee6c1384a266a0b7c7c.jpg,train,Bad,ND_GROUP_0028,train
bad_posture_20241013_222754_png.rf.847dd82db5d401a756d0bcce048ea83a.jpg,train,Bad,ND_GROUP_0008,train
good_posture_20241021_141630_png.rf.854284226e2e4d012111a9a31f0c0b07.jpg,train,Good,ND_GROUP_0003,train
image_20241007_225757_jpg.rf.7f4da08ca691354b06ca62313ddaf9a3.jpg,train,Bad,ND_GROUP_0035,train
good_posture_20241013_222721_png.rf.86ce085ca542c141df3cc00fd51b62f0.jpg,train,Good,ND_GROUP_0008,train
image_20241008_200913_jpg.rf.8c784481f51810b72c844bc0572f08bb.jpg,test,Bad,ND_GROUP_0004,train
bad_posture_20241013_220642_png.rf.8c77797e06bf42d612b3efbfc31be99b.jpg,train,Bad,ND_GROUP_0032,train
image_20241008_202338_jpg.rf.8bbea81c544f57a5d87e782a69b95aa6.jpg,test,Good,ND_GROUP_0063,train
good_posture_20241013_225737_png.rf.8c0f09f957e00bf40bda0bb61ce633b3.jpg,valid,Good,ND_GROUP_0009,train
good_posture_20241021_142318_png.rf.8c8b7dc1d00e13f8e3f47d7a615e838f.jpg,train,Good,ND_GROUP_0046,train
image_20241009_135224_jpg.rf.9347e3e6f465d22ec07415e2d23c7d01.jpg,test,Good,ND_GROUP_0052,train
bad_posture_20241021_143735_png.rf.928b5ee96f406558dc8346336dd341c3.jpg,train,Bad,ND_GROUP_0001,train
good_posture_20241021_180318_png.rf.8fcae1e5e845a5ef98c375d3e9f956a3.jpg,train,Good,ND_GROUP_0006,train
bad_posture_20241021_145211_png.rf.8ff52e566f058c3103bb3bbcc314b289.jpg,train,Bad,ND_GROUP_0001,train
image_20241008_210224_jpg.rf.90dbedb9732abf7ac91506b6d094d2cd.jpg,test,Bad,ND_GROUP_0014,train
image_20241009_143702_jpg.rf.8d37312188e202c0b36067c3776fa086.jpg,valid,Bad,ND_GROUP_0054,train
good_posture_20241013_225721_png.rf.909f3d00f43f47ec1f2cd75a2fcc0c2e.jpg,valid,Good,ND_GROUP_0009,train
image_20241010_173545_jpg.rf.8c9d2ff1e3c858c97f0fff32ca07dde5.jpg,train,Bad,ND_GROUP_0055,train
good_posture_20241021_180312_png.rf.8f76e7a4e744eeb16671143f26b51e7f.jpg,train,Good,ND_GROUP_0006,train
bad_posture_20241012_173020_png.rf.8d79b500ec4c19c51b9b7b5a30aecae0.jpg,test,Bad,ND_GROUP_0056,train
image_20241007_214540_jpg.rf.8d780431f2350ebc24db83907fed2779.jpg,valid,Bad,ND_GROUP_0057,train
bad_posture_20241013_225803_png.rf.90e4071704885311db2d15cd3b0f28c4.jpg,train,Bad,ND_GROUP_0000,train
bad_posture_20241012_173121_png.rf.8cc4198c1a6e5345fd7f90aee1623be7.jpg,train,Bad,ND_GROUP_0018,train
good_posture_20241021_141548_png.rf.93d88491c98c64539eb18a672ca602bd.jpg,train,Good,ND_GROUP_0003,train
bad_posture_20241021_145555_png.rf.936915797edffea36afe4ec4d2611c62.jpg,train,Bad,ND_GROUP_0001,train
bad_posture_20241021_143020_png.rf.9367a38629df1415fdfaf035b30dc30c.jpg,train,Bad,ND_GROUP_0001,train
bad_posture_20241021_142406_png.rf.8f1717b359d80c1269b5277da17e8190.jpg,train,Bad,ND_GROUP_0001,train
bad_posture_20241021_142713_png.rf.93fb445a76b73a44d59993e1f14e4b4d.jpg,train,Bad,ND_GROUP_0001,train
bad_posture_20241021_143139_png.rf.9529c920c84e0db94d20a880c14e2987.jpg,valid,Bad,ND_GROUP_0062,train
good_posture_20241021_141636_png.rf.940d97c7c5bd1ce3c28d23aa13568763.jpg,train,Good,ND_GROUP_0003,train
bad_posture_20241021_141436_png.rf.93c725a830ed17c3381e4aaceae353d6.jpg,valid,Bad,ND_GROUP_0033,train
image_20241008_200801_jpg.rf.9323fb7b0bfb9d85a2b52d2100a08e86.jpg,train,Good,ND_GROUP_0017,train
good_posture_20241012_172057_png.rf.8cf09a1c15886ad2d8ab28a0ab3026db.jpg,test,Bad,ND_GROUP_0030,train
good_posture_20241013_222728_png.rf.96eb01cc4f14a64928ac2c7c47df0157.jpg,train,Good,ND_GROUP_0008,train
bad_posture_20241013_220037_png.rf.9835fc37db994151b55e3851f630b9db.jpg,test,Bad,ND_GROUP_0053,train
good_posture_20241013_225742_png.rf.9887319a4ab3e806cd152ec90be0ae8b.jpg,valid,Good,ND_GROUP_0005,train
good_posture_20241013_225743_png.rf.94df5776b8bc24155e9d24025cd7dcd8.jpg,valid,Good,ND_GROUP_0005,train
good_posture_20241013_222724_png.rf.8f952983e191f904b9dfd08b0fdce4e0.jpg,train,Good,ND_GROUP_0008,train
good_posture_20241021_144124_png.rf.97ce31bc7e76c2d5ba79338e624810cb.jpg,train,Good,ND_GROUP_0046,train
good_posture_20241012_174351_png.rf.96ab7848341ad28a70bef1ded07aa28d.jpg,train,Good,ND_GROUP_0010,train
bad_posture_20241021_144550_png.rf.9ac4bec871831e02235fa7b4f9905b5e.jpg,train,Bad,ND_GROUP_0001,train
bad_posture_20241021_143705_png.rf.9ac72a6d98a120402f3eeac7c75acb33.jpg,train,Bad,ND_GROUP_0001,train
bad_posture_20241013_222747_png.rf.99f0e8ad63d232855edb266940a98f61.jpg,train,Bad,ND_GROUP_0008,train
bad_posture_20241021_141725_png.rf.98af94cf0bc0e1d47018166ebd0c2b1e.jpg,train,Bad,ND_GROUP_0001,train
good_posture_20241012_174321_png.rf.9b8c5ab17e52b9b0576f2e6a3114bf1e.jpg,train,Good,ND_GROUP_0010,train
bad_posture_20241021_144036_png.rf.9a5b608e3a60fe77f594a55763063d91.jpg,train,Bad,ND_GROUP_0001,train
good_posture_20241021_141713_png.rf.9aa2010af11962bbcbb24beb7d3d3036.jpg,train,Bad,ND_GROUP_0001,train
good_posture_20241021_141649_png.rf.9b8ef55b31b631f8f70e6df62df84bae.jpg,train,Good,ND_GROUP_0003,train
image_20241007_193153_jpg.rf.9b6f97eadf424763cb1837b9fb155af6.jpg,valid,Good,ND_GROUP_0025,train
image_20241008_210538_jpg.rf.9a90f5af36655da794b76a54b01341c1.jpg,test,Bad,ND_GROUP_0024,train
good_posture_20241021_142205_png.rf.9aaa7242582014b4ba40b8b04a0515f0.jpg,train,Good,ND_GROUP_0001,train
image_20241009_152252_jpg.rf.9d0242b8961e63682fce304db0d4e2c8.jpg,valid,Bad,ND_GROUP_0031,train
good_posture_20241013_222728_png.rf.9d58f269b9834e43da282c68a8030068.jpg,train,Good,ND_GROUP_0008,train
bad_posture_20241012_173243_png.rf.9514d78593da1b63f8217780275a8077.jpg,test,Bad,ND_GROUP_0015,train
image_20241007_214540_jpg.rf.a1f83c44d5d1a94827726f6809d9a972.jpg,valid,Bad,ND_GROUP_0057,train
good_posture_20241013_222710_png.rf.a0e3b19d5ab3ee04cfead95d3c79d3bd.jpg,train,Good,ND_GROUP_0008,train
bad_posture_20241021_145555_png.rf.9a5ba5f8b4b955e842b48abb50b34540.jpg,train,Bad,ND_GROUP_0001,train
image_20241008_200649_jpg.rf.9e6b4dd5b91d05745eb70e64230d7592.jpg,train,Good,ND_GROUP_0045,train
image_20241008_205601_jpg.rf.9e1430db2a6e98fbed4a14888f0eb406.jpg,test,Good,ND_GROUP_0011,train
image_20241007_210150_jpg.rf.a12c9c67ba2ccd79acc31a35aa0b5d96.jpg,train,Good,ND_GROUP_0019,train
image_20241007_222646_jpg.rf.a176c976ce3d11211ac67e44a9cbb0e5.jpg,valid,Good,ND_GROUP_0044,train
bad_posture_20241013_215926_png.rf.a1a1505841e8c51aac1eee9856087134.jpg,train,Bad,ND_GROUP_0032,train
bad_posture_20241012_173020_png.rf.9f087317150b4d7d282c643688138b40.jpg,test,Bad,ND_GROUP_0056,train
bad_posture_20241021_142555_png.rf.9c8b62b77387faa9882f3e2cc7944ce3.jpg,train,Bad,ND_GROUP_0001,train
good_posture_20241021_141542_png.rf.a23c5c4d5569be20ab94a15e481b928e.jpg,train,Good,ND_GROUP_0003,train
image_20241009_224235_jpg.rf.a3000c49ad1e06daab36ff2daaccea2e.jpg,train,Bad,ND_GROUP_0042,train
image_20241008_200649_jpg.rf.a2d59a3f094447ce23872df0097d6b3b.jpg,train,Good,ND_GROUP_0045,train
image_20241007_195632_jpg.rf.a24a2d49268a653c6d4b22aa5aada499.jpg,train,Bad,ND_GROUP_0067,train
bad_posture_20241013_222754_png.rf.a50ea15a5154d867e1996043910f090f.jpg,train,Bad,ND_GROUP_0008,train
bad_posture_20241012_172107_png.rf.a79ddce07fa48982c5a016108152febb.jpg,test,Bad,ND_GROUP_0030,train
image_20241007_222646_jpg.rf.a72df40e3c45cae57eb1e7076b1e841f.jpg,valid,Good,ND_GROUP_0044,train
good_posture_20241021_180312_png.rf.a893536a353e2c9f6b08e833fb0d5677.jpg,train,Good,ND_GROUP_0006,train
good_posture_20241021_141624_png.rf.a53e51e739d1fe721c858d334a9906bb.jpg,train,Good,ND_GROUP_0003,train
good_posture_20241013_225741_png.rf.a69f8700aebefc4893551646084d3814.jpg,valid,Good,ND_GROUP_0005,train
bad_posture_20241021_142418_png.rf.ab00940f4ea6f60537aba85322730ecb.jpg,train,Bad,ND_GROUP_0001,train
bad_posture_20241021_143641_png.rf.a8941ee26f1e13a679c8adead79bb323.jpg,train,Bad,ND_GROUP_0001,train
good_posture_20241021_141542_png.rf.a6f95c5f9fc9c09ec5d68f72ad3b7b86.jpg,train,Good,ND_GROUP_0003,train
bad_posture_20241021_145335_png.rf.aadd597d1b2b7e920dab866370d4f8cf.jpg,train,Bad,ND_GROUP_0001,train
good_posture_20241021_141335_png.rf.a81dc77a07c0966d51bf41ecf229425a.jpg,train,Good,ND_GROUP_0003,train
bad_posture_20241021_142022_png.rf.a4bc63b1587abeffae3cbba632a599f9.jpg,train,Bad,ND_GROUP_0001,train
bad_posture_20241021_141406_png.rf.a8db8e2abe0e70f840b1da8e45ba6aa5.jpg,train,Bad,ND_GROUP_0001,train
image_20241007_210150_jpg.rf.a9c93b3915bb9a04f30dec09b051e79e.jpg,train,Good,ND_GROUP_0019,train
good_posture_20241021_141548_png.rf.a972d9d11869fd5a0b45643a00b53dae.jpg,train,Good,ND_GROUP_0003,train
bad_posture_20241021_143641_png.rf.a94810840302b3f19ec114826a7f7472.jpg,train,Bad,ND_GROUP_0001,train
good_posture_20241021_141624_png.rf.a7d5937ee7191318d69b5ae2d82b77d8.jpg,train,Good,ND_GROUP_0003,train
bad_posture_20241013_220309_png.rf.a6c64954914caacad5047d05941d018d.jpg,train,Bad,ND_GROUP_0032,train
good_posture_20241013_225738_png.rf.ac158a0554f2be5d2e167894b04b1633.jpg,valid,Good,ND_GROUP_0009,train
image_20241009_225822_jpg.rf.9c5084f5a453bb8f46f3503a6de6db60.jpg,train,Bad,ND_GROUP_0012,train
bad_posture_20241021_141448_png.rf.a8b32782ad7871e5db7fae46571dd32e.jpg,valid,Bad,ND_GROUP_0033,train
image_20241007_220813_jpg.rf.aca8104a756549a3752bcc2c8ed250f6.jpg,test,Bad,ND_GROUP_0066,train
good_posture_20241013_222655_png.rf.a4d29e82da2c880dd6cbdd2a561f72ee.jpg,train,Bad,ND_GROUP_0058,train
image_20241007_195632_jpg.rf.acf91e79bb69930057b4cc0572ca5ce1.jpg,train,Bad,ND_GROUP_0067,train
bad_posture_20241021_145134_png.rf.ad24bf3c5bfb5390fce524578666ea24.jpg,train,Bad,ND_GROUP_0001,train
bad_posture_20241021_143936_png.rf.b50ed89046f9e9ddfa1a8d5c8e128c14.jpg,train,Bad,ND_GROUP_0001,train
good_posture_20241013_222724_png.rf.aeb9fdcd36427d1335113a3f815ede49.jpg,train,Good,ND_GROUP_0008,train
image_20241008_201104_jpg.rf.abb14ce6d851978dd9d9292780ea7065.jpg,test,Bad,ND_GROUP_0021,train
good_posture_20241021_142053_png.rf.adff34018faf8aaae6899bf7ea5f4286.jpg,train,Good,ND_GROUP_0003,train
image_20241009_135224_jpg.rf.b08a0b7700c4e373b0200ad3992cebc1.jpg,test,Good,ND_GROUP_0052,train
bad_posture_20241021_143227_png.rf.adeaf8264e282d84706f8d445203ec0a.jpg,train,Bad,ND_GROUP_0001,train
bad_posture_20241013_221218_png.rf.b30876059c36c13c339c01a473f2c4f9.jpg,train,Bad,ND_GROUP_0032,train
bad_posture_20241021_144048_png.rf.ae24d4c911f2acdb01b2cc3387d5000f.jpg,train,Bad,ND_GROUP_0001,train
bad_posture_20241021_144143_png.rf.ae1684eef8b013ba25d7291af27da0b6.jpg,train,Bad,ND_GROUP_0001,train
good_posture_20241021_142053_png.rf.b09026b7069f9ebf8a2131fb83f6b063.jpg,train,Good,ND_GROUP_0003,train
good_posture_20241021_141454_png.rf.afd47e33757f5d3b130ecf172e4a66ab.jpg,train,Good,ND_GROUP_0003,train
bad_posture_20241021_143133_png.rf.af9db85147607d4b10f3712c71d58039.jpg,train,Bad,ND_GROUP_0001,train
good_posture_20241021_142159_png.rf.afa82e59e2ccb8a5b2ed7b77860d6209.jpg,train,Good,ND_GROUP_0001,train
bad_posture_20241013_225803_png.rf.b43e09286fc59b59da0d276d9d1c42b5.jpg,train,Bad,ND_GROUP_0000,train
bad_posture_20241021_144426_png.rf.b44c62a97c2086643ed84de5ea76bb25.jpg,train,Bad,ND_GROUP_0001,train
bad_posture_20241021_144118_png.rf.b14216f513c7128abd20bd48b5de171a.jpg,train,Good,ND_GROUP_0046,train
bad_posture_20241021_141448_png.rf.ae98b99ea614404ef5d0952be0b9f26a.jpg,valid,Bad,ND_GROUP_0033,train
bad_posture_20241013_222740_png.rf.b0f6f4e85b37023fb40a93d9a3814ce1.jpg,train,Bad,ND_GROUP_0008,train
bad_posture_20241013_225746_png.rf.af6cf87a571b0899dafa2c21e9b2e0c0.jpg,train,Bad,ND_GROUP_0000,train
bad_posture_20241021_144426_png.rf.b53e667d5ba19866b36c6cbbf7e2c168.jpg,train,Bad,ND_GROUP_0001,train
bad_posture_20241013_222736_png.rf.b35e2e26f41879d410a98af3ee4fde87.jpg,train,Bad,ND_GROUP_0008,train
image_20241007_191654_jpg.rf.b3bd593f850ebb1f7e32dd1a0724de90.jpg,train,Good,ND_GROUP_0036,train
image_20241007_214540_jpg.rf.b5772911865973d960f00a2ca302e018.jpg,valid,Bad,ND_GROUP_0057,train
good_posture_20241012_174139_png.rf.b5e5d92a320ba968f26b83e45e2744c9.jpg,train,Good,ND_GROUP_0010,train
image_20241009_224659_jpg.rf.b43731e000ee52edf5ffc536f30ab1a3.jpg,train,Good,ND_GROUP_0049,train
bad_posture_20241013_220037_png.rf.b2aa7d6094b092cc374cc9d275846c8b.jpg,test,Bad,ND_GROUP_0053,train
bad_posture_20241013_222737_png.rf.b7497c224be569c828ad608fd3e48eb5.jpg,train,Bad,ND_GROUP_0008,train
bad_posture_20241021_142530_png.rf.b57d7592ed96d1f9d5e5217437c7247e.jpg,train,Bad,ND_GROUP_0001,train
image_20241008_200801_jpg.rf.bf513bb0899a66f1db4646e816d58a9b.jpg,train,Good,ND_GROUP_0017,train
bad_posture_20241012_173121_png.rf.b7ab18538e71d40cf924212907a37cde.jpg,train,Bad,ND_GROUP_0018,train
bad_posture_20241013_222747_png.rf.b8815d4b6ef6d8e14966e8bce519ad12.jpg,train,Bad,ND_GROUP_0008,train
good_posture_20241012_172219_png.rf.bde0d3917a64c528baf7bf44bb3385d8.jpg,test,Bad,ND_GROUP_0030,train
image_20241008_202735_jpg.rf.b8bffc35f47175d750f3ec19d2f65f4a.jpg,test,Bad,ND_GROUP_0021,train
bad_posture_20241021_143629_png.rf.bff3d42020972939182f4b03f511b209.jpg,train,Bad,ND_GROUP_0001,train
image_20241007_193153_jpg.rf.bf2a7e5b22627441b6a6280df5775ea9.jpg,valid,Good,ND_GROUP_0025,train
good_posture_20241013_222721_png.rf.bed95269cdad25613c2a8ce954682a0a.jpg,train,Good,ND_GROUP_0008,train
bad_posture_20241013_225750_png.rf.bd985a489f256be69ec509a31abba520.jpg,train,Bad,ND_GROUP_0000,train
bad_posture_20241021_144538_png.rf.bfbed52151fd1c44add981b2a4a0dd69.jpg,train,Bad,ND_GROUP_0001,train
good_posture_20241021_180555_png.rf.c0d1ec6f612e72dcef30e3206d8c3586.jpg,train,Good,ND_GROUP_0006,train
bad_posture_20241021_143936_png.rf.b81734fab3e22e3234fe90010b67aa9a.jpg,train,Bad,ND_GROUP_0001,train
good_posture_20241012_172219_png.rf.bbdb49cf00efd11423a25f041d6f2426.jpg,test,Bad,ND_GROUP_0030,train
bad_posture_20241021_142406_png.rf.bec5c17241cd52b8d2d835a3f3b8eec8.jpg,train,Bad,ND_GROUP_0001,train
good_posture_20241012_174321_png.rf.bea0be0ba4fdf85408db7fd03d1a8ead.jpg,train,Good,ND_GROUP_0010,train
good_posture_20241021_180555_png.rf.bcaa833584baaf4aaf01fb0cc8374198.jpg,train,Good,ND_GROUP_0006,train
good_posture_20241013_222710_png.rf.be5c5027c9fc00b647b84a5ae59da915.jpg,train,Good,ND_GROUP_0008,train
image_20241009_224730_jpg.rf.bb78f4848611573c3293c059c0303dd2.jpg,test,Good,ND_GROUP_0061,train
bad_posture_20241013_220309_png.rf.c0ffe42a728a9081be9cb2b5630679d6.jpg,train,Bad,ND_GROUP_0032,train
good_posture_20241021_141341_png.rf.c10194d8d89ee9d39e1d6ca6b1674537.jpg,train,Good,ND_GROUP_0003,train
image_20241009_224730_jpg.rf.c4fa4b23cf4391163afd6b91e83be053.jpg,test,Good,ND_GROUP_0061,train
image_20241007_222736_jpg.rf.c1b39a1a532b52aa9defa91af729071b.jpg,test,Bad,ND_GROUP_0051,train
image_20241008_205202_jpg.rf.bd23a72ecfbb02f709b9070904d65adf.jpg,valid,Good,ND_GROUP_0016,train
good_posture_20241021_142223_png.rf.bf1ec2e043c5851942d24a3c593bade4.jpg,train,Good,ND_GROUP_0046,train
good_posture_20241013_222732_png.rf.c3a61f68349b32f542dcb1dfc8506431.jpg,train,Good,ND_GROUP_0008,train
image_20241008_200913_jpg.rf.c258486a82aa25849047baa06c626243.jpg,test,Bad,ND_GROUP_0004,train
bad_posture_20241013_222737_png.rf.c5dbb74662f0ea3c0185fc597adbbfe9.jpg,train,Bad,ND_GROUP_0008,train
bad_posture_20241021_143735_png.rf.c6259c8e8a59d437d91a58e43af0dc98.jpg,train,Bad,ND_GROUP_0001,train
good_posture_20241013_222712_png.rf.bc6a8460e3e138921b384e37a3e39f9c.jpg,train,Good,ND_GROUP_0008,train
bad_posture_20241021_142448_png.rf.c818b0307f5a61935ad0f5608486c37c.jpg,train,Bad,ND_GROUP_0001,train
bad_posture_20241021_142914_png.rf.c5028d66fa259939010103883e9ae1b0.jpg,train,Bad,ND_GROUP_0001,train
bad_posture_20241013_222754_png.rf.c9117d9014735cde9b3dc3e784877604.jpg,train,Bad,ND_GROUP_0008,train
good_posture_20241021_141536_png.rf.c256605213a1a1e1e56d26c9b5c424f5.jpg,train,Good,ND_GROUP_0003,train
image_20241007_192901_jpg.rf.c8b848728515bd0020dcbac01a4effc7.jpg,valid,Good,ND_GROUP_0025,train
bad_posture_20241012_173020_png.rf.c9cd7cebd6e0a385ea620ae714c69037.jpg,test,Bad,ND_GROUP_0056,train
bad_posture_20241021_144407_png.rf.c10b78f5dfd573e3110a950ce185c8da.jpg,train,Bad,ND_GROUP_0001,train
good_posture_20241012_174341_png.rf.c9e5a014001e295a89f1c5d072a78d73.jpg,train,Good,ND_GROUP_0010,train
bad_posture_20241021_143924_png.rf.cb7c62652f314e93470d977d93898dd3.jpg,train,Bad,ND_GROUP_0001,train
bad_posture_20241021_143629_png.rf.c92b5b6218b7650b0fa9ba70e3de0099.jpg,train,Bad,ND_GROUP_0001,train
bad_posture_20241021_141406_png.rf.cbb23cb216e4fa8f6f951c9f8b39675b.jpg,train,Bad,ND_GROUP_0001,train
bad_posture_20241021_144538_png.rf.ca3aa8a4935d005c1e0461c8edc34bfd.jpg,train,Bad,ND_GROUP_0001,train
good_posture_20241021_141335_png.rf.ce1e579991c7bd2bf0e527d3cbd3d1bd.jpg,train,Good,ND_GROUP_0003,train
good_posture_20241012_174139_png.rf.ccb88f8ae777633e30ec6f350378d704.jpg,train,Good,ND_GROUP_0010,train
good_posture_20241013_225721_png.rf.c950a5e7f17e52f2023f72421f5453f3.jpg,valid,Good,ND_GROUP_0009,train
bad_posture_20241021_143616_png.rf.cf3a1b2c340b95b554321163b185102f.jpg,train,Bad,ND_GROUP_0001,train
bad_posture_20241021_141406_png.rf.c77ce0bb6370f3e45b0dd4b8e6eec7ff.jpg,train,Bad,ND_GROUP_0001,train
image_20241007_225038_jpg.rf.cf7c74c6b1d4cc8f34fd4eea18cab53a.jpg,train,Bad,ND_GROUP_0028,train
bad_posture_20241012_173040_png.rf.cd4113a3939a3d2f84fd7b7e6e7db8c4.jpg,train,Bad,ND_GROUP_0038,train
bad_posture_20241021_142022_png.rf.c860daa9a0b79c7d7aab3f022268e4e8.jpg,train,Bad,ND_GROUP_0001,train
bad_posture_20241021_144638_png.rf.d0207b0fd4925756fc38c00fc7b1961d.jpg,train,Bad,ND_GROUP_0001,train
image_20241007_195632_jpg.rf.cef0060d2914f6050906e604b054ea82.jpg,train,Bad,ND_GROUP_0067,train
bad_posture_20241013_222736_png.rf.cea7cc18e9303b2f06e8e3a7201005a1.jpg,train,Bad,ND_GROUP_0008,train
bad_posture_20241021_143534_png.rf.d031547cd93c3b95ce4d2a700ee820ba.jpg,train,Bad,ND_GROUP_0001,train
bad_posture_20241021_142914_png.rf.cf95d953afb2dfc1055642d279d9fb3e.jpg,train,Bad,ND_GROUP_0001,train
bad_posture_20241021_143239_png.rf.cecce2ea79229b096efe3df9e9d15010.jpg,train,Bad,ND_GROUP_0001,train
bad_posture_20241021_141940_png.rf.0cc1ca7337195ba5ff65c89742bba619.jpg,train,Bad,ND_GROUP_0001,valid
good_posture_20241013_222654_png.rf.01b75b5b10d5ac421515108d868dd143.jpg,train,Bad,ND_GROUP_0058,valid
bad_posture_20241021_145323_png.rf.15d2fb6fd4594f860816f07d5efc5f43.jpg,train,Bad,ND_GROUP_0001,valid
bad_posture_20241012_172300_png.rf.387e7a4e13bcab82718a4c6ed9acdaa8.jpg,test,Bad,ND_GROUP_0015,valid
bad_posture_20241021_144438_png.rf.010cd2106346a202376b80bd3ce760aa.jpg,train,Bad,ND_GROUP_0001,valid
bad_posture_20241012_172208_png.rf.48229f7be52ada812710ba974db248e5.jpg,test,Bad,ND_GROUP_0030,valid
good_posture_20241012_172138_png.rf.1d652aa910b07b18122b879cd348ef29.jpg,test,Bad,ND_GROUP_0030,valid
bad_posture_20241013_215755_png.rf.450ed4f1ca4e141e7a77f52ffc54b2ec.jpg,valid,Bad,ND_GROUP_0023,valid
image_20241010_170628_jpg.rf.2a8e3cdd0428bc0925a3098a95fcc635.jpg,valid,Bad,SINGLE_image_20241010_170628_jpg.rf.2a8e3cdd0428bc0925a3098a95fcc635.jpg,valid
bad_posture_20241021_143257_png.rf.447218d738f6546dd3846920e8ea8f08.jpg,train,Bad,ND_GROUP_0001,valid
good_posture_20241013_225725_png.rf.38030f14b5f0ebc56a35aab0c1ac2905.jpg,valid,Good,ND_GROUP_0009,valid
image_20241010_174356_jpg.rf.60ecdeac21e5b834c066cc886fe9b376.jpg,valid,Good,ND_GROUP_0068,valid
good_posture_20241021_142311_png.rf.3c7fc28eb44e459ce853a84161985351.jpg,train,Good,ND_GROUP_0046,valid
image_20241007_231315_jpg.rf.89555976eb263ab74acd7d306b62ded6.jpg,test,Bad,SINGLE_image_20241007_231315_jpg.rf.89555976eb263ab74acd7d306b62ded6.jpg,valid
good_posture_20241012_172046_png.rf.7ddc8484e31bf697521f85b1bc4d55f1.jpg,test,Bad,ND_GROUP_0030,valid
bad_posture_20241021_145040_png.rf.71b6d30627c45e7acfa0d71c480e6220.jpg,train,Bad,ND_GROUP_0001,valid
bad_posture_20241021_143050_png.rf.858b889323198ba4bcb818e3f6ff0574.jpg,train,Bad,ND_GROUP_0001,valid
good_posture_20241021_141323_png.rf.7304f802a86cff7d35edde55c845c300.jpg,train,Good,ND_GROUP_0001,valid
bad_posture_20241012_172818_png.rf.518b6ff6909df2778da2aa8c2210ddb8.jpg,test,Bad,ND_GROUP_0015,valid
good_posture_20241021_180406_png.rf.494909663881dee3c1624c12f28e234b.jpg,train,Bad,SINGLE_good_posture_20241021_180406_png.rf.494909663881dee3c1624c12f28e234b.jpg,valid
image_20241007_231554_jpg.rf.1544e56815fe48dcf75556066ea3c1e8.jpg,valid,Bad,SINGLE_image_20241007_231554_jpg.rf.1544e56815fe48dcf75556066ea3c1e8.jpg,valid
image_20241007_220021_jpg.rf.23403cfe04b08ffa7fbebea64866d9f8.jpg,test,Good,SINGLE_image_20241007_220021_jpg.rf.23403cfe04b08ffa7fbebea64866d9f8.jpg,valid
good_posture_20241021_141612_png.rf.8e59f42a0a7416c410ff1a2a0b7058a6.jpg,train,Good,ND_GROUP_0003,valid
bad_posture_20241013_221249_png.rf.6b10d66913e6989b0f94edcf4b4c4102.jpg,train,Bad,SINGLE_bad_posture_20241013_221249_png.rf.6b10d66913e6989b0f94edcf4b4c4102.jpg,valid
good_posture_20241021_142010_png.rf.8f12abe2470a4c3f37a02c14c0ccf11b.jpg,train,Good,ND_GROUP_0003,valid
bad_posture_20241013_220400_png.rf.3095fdf360fe071832dfce60f022ec9c.jpg,train,Bad,ND_GROUP_0032,valid
bad_posture_20241013_215654_png.rf.6e717746e4f46e40b16f82e187327edd.jpg,valid,Bad,ND_GROUP_0023,valid
bad_posture_20241013_221510_png.rf.94892aac33e34758cf7e8b9312a66b98.jpg,train,Bad,ND_GROUP_0058,valid
bad_posture_20241021_143900_png.rf.4bf5b029065b09fb7af0c88c91e7951f.jpg,train,Bad,ND_GROUP_0001,valid
bad_posture_20241021_142524_png.rf.1f868d88e5bbf819cbc94844a28a4b7d.jpg,train,Bad,ND_GROUP_0001,valid
good_posture_20241013_222734_png.rf.c882b3e33ab8c95e4a8d58d07af8a314.jpg,train,Bad,ND_GROUP_0008,valid
good_posture_20241021_142348_png.rf.99f90638448057ed522ec0303ce0d466.jpg,train,Good,ND_GROUP_0001,valid
image_20241009_140300_jpg.rf.cc7c0564c0e46216616797e358c20f17.jpg,valid,Bad,SINGLE_image_20241009_140300_jpg.rf.cc7c0564c0e46216616797e358c20f17.jpg,valid
image_20241007_225532_jpg.rf.a3689cb0f2aee673f9d0c13103bf39b2.jpg,test,Bad,SINGLE_image_20241007_225532_jpg.rf.a3689cb0f2aee673f9d0c13103bf39b2.jpg,valid
good_posture_20241012_172340_png.rf.c583c2f7309d94e907e8b5ea22f12105.jpg,test,Good,SINGLE_good_posture_20241012_172340_png.rf.c583c2f7309d94e907e8b5ea22f12105.jpg,valid
good_posture_20241013_222745_png.rf.bd4339b7b02b56c60da1834998296a75.jpg,train,Good,ND_GROUP_0008,valid
bad_posture_20241012_172401_png.rf.a6e630dcf18c66ac1a45aa702144c62a.jpg,valid,Bad,SINGLE_bad_posture_20241012_172401_png.rf.a6e630dcf18c66ac1a45aa702144c62a.jpg,valid
bad_posture_20241013_220652_png.rf.b08260eef00a04a4d105a5f8f3fede45.jpg,train,Bad,ND_GROUP_0032,valid
bad_posture_20241021_141928_png.rf.af0d07ebed3fe6a325e0f1ef209f63b4.jpg,valid,Bad,ND_GROUP_0033,valid
bad_posture_20241021_141412_png.rf.d6e50f481e495a7558b2b4b2275f52e7.jpg,valid,Bad,SINGLE_bad_posture_20241021_141412_png.rf.d6e50f481e495a7558b2b4b2275f52e7.jpg,valid
bad_posture_20241021_180449_png.rf.f5b1011174080e0d888acebc1b29a6d5.jpg,train,Bad,ND_GROUP_0060,valid
good_posture_20241013_225739_png.rf.e4c5481075e5e649548b013cf633be49.jpg,valid,Good,ND_GROUP_0009,valid
bad_posture_20241021_142424_png.rf.eaafe3abc338f75e9f65caca5da9b359.jpg,train,Bad,ND_GROUP_0001,valid
good_posture_20241013_222743_png.rf.f5da25a3abd019a0ff4cbbbd784f5649.jpg,train,Good,ND_GROUP_0008,valid
bad_posture_20241021_144502_png.rf.f41ef58c38e6ef2d09c8323e98a115ff.jpg,train,Bad,ND_GROUP_0001,valid
image_20241007_191607_jpg.rf.95551df22ad262109e71cdb282c80c1b.jpg,valid,Good,SINGLE_image_20241007_191607_jpg.rf.95551df22ad262109e71cdb282c80c1b.jpg,valid
bad_posture_20241012_173404_png.rf.e3b50a195c4c628563bc2f6b8d60a82b.jpg,train,Bad,ND_GROUP_0038,valid
image_20241007_191516_jpg.rf.f830cfbb09055b26c628088163fee7a7.jpg,test,Good,SINGLE_image_20241007_191516_jpg.rf.f830cfbb09055b26c628088163fee7a7.jpg,valid
image_20241010_175016_jpg.rf.cc04d2a7d11f55af49754df630c26227.jpg,valid,Good,ND_GROUP_0068,valid
image_20241007_192301_jpg.rf.fa66c9b3bc5dce6eddbcd80cff3b46ab.jpg,test,Bad,SINGLE_image_20241007_192301_jpg.rf.fa66c9b3bc5dce6eddbcd80cff3b46ab.jpg,valid
good_posture_20241021_143309_png.rf.fa2a4fada518ad47cf4a1988645aca7d.jpg,train,Good,SINGLE_good_posture_20241021_143309_png.rf.fa2a4fada518ad47cf4a1988645aca7d.jpg,valid
bad_posture_20241012_173454_png.rf.bdbfce623dcbdf2e900b7ccfc6a18ebc.jpg,train,Bad,ND_GROUP_0038,valid
image_20241009_231522_jpg.rf.d8beb48d1faa1f7f8f8dc02f5e4df92c.jpg,test,Bad,SINGLE_image_20241009_231522_jpg.rf.d8beb48d1faa1f7f8f8dc02f5e4df92c.jpg,valid
good_posture_20241021_180543_png.rf.fd3550ecd26422c9a2146b47da422983.jpg,test,Good,SINGLE_good_posture_20241021_180543_png.rf.fd3550ecd26422c9a2146b47da422983.jpg,valid
image_20241008_201603_jpg.rf.9ffe399688ff92d24c345a09b96129f6.jpg,train,Good,SINGLE_image_20241008_201603_jpg.rf.9ffe399688ff92d24c345a09b96129f6.jpg,valid
image_20241010_170701_jpg.rf.49fdc76dca86b56ced0aaeb90d08d15c.jpg,valid,Bad,SINGLE_image_20241010_170701_jpg.rf.49fdc76dca86b56ced0aaeb90d08d15c.jpg,test
good_posture_20241013_222709_png.rf.386ecd5c794be23aae3e99047f519f92.jpg,train,Good,ND_GROUP_0008,test
bad_posture_20241021_144934_png.rf.1681bacbb1c8a2a85bebce05970e8df7.jpg,valid,Bad,SINGLE_bad_posture_20241021_144934_png.rf.1681bacbb1c8a2a85bebce05970e8df7.jpg,test
image_20241007_210806_jpg.rf.4ceb030c1b5cc5636214465aaaabda90.jpg,test,Good,SINGLE_image_20241007_210806_jpg.rf.4ceb030c1b5cc5636214465aaaabda90.jpg,test
image_20241007_225721_jpg.rf.ec0e896adc125d807a5b6672333205ef.jpg,train,Bad,SINGLE_image_20241007_225721_jpg.rf.ec0e896adc125d807a5b6672333205ef.jpg,test
bad_posture_20241021_142354_png.rf.910bcb6597e9df7893db256e36faa67d.jpg,train,Bad,ND_GROUP_0001,test
bad_posture_20241021_145524_png.rf.9b06e38e78350843b6ef4344258ab5fb.jpg,train,Bad,ND_GROUP_0001,test
bad_posture_20241021_142701_png.rf.671d36bfb00dce753d083e2a6d0f8a37.jpg,train,Bad,ND_GROUP_0001,test
bad_posture_20241021_144526_png.rf.14bcfa158ef2885700810367bf39be4a.jpg,train,Bad,ND_GROUP_0001,test
image_20241008_200500_jpg.rf.a3e1abe37c7047be08fd3db08c3982c7.jpg,train,Good,ND_GROUP_0045,test
bad_posture_20241013_222749_png.rf.1a6f8d4d825c94003cd061a799ceaaa9.jpg,train,Bad,ND_GROUP_0008,test
image_20241008_200613_jpg.rf.531a35da0b7cda2b9dfc66866d3c6fb3.jpg,valid,Good,ND_GROUP_0034,test
bad_posture_20241021_145205_png.rf.f14d47aa70fa3f230e09d869e2c344a7.jpg,train,Bad,ND_GROUP_0001,test
bad_posture_20241021_143452_png.rf.d349c06e3ff26ad1e62826b0276ed52a.jpg,train,Bad,SINGLE_bad_posture_20241021_143452_png.rf.d349c06e3ff26ad1e62826b0276ed52a.jpg,test
bad_posture_20241012_174220_png.rf.9ddba68fb2504d13324bdff2612f9126.jpg,train,Bad,ND_GROUP_0010,test
good_posture_20241012_174159_png.rf.0d2d05bc40b1e26ce482756ee7891799.jpg,train,Good,ND_GROUP_0010,test
image_20241010_170835_jpg.rf.c0e054dabafb7192e9e79e142bc33cde.jpg,test,Good,SINGLE_image_20241010_170835_jpg.rf.c0e054dabafb7192e9e79e142bc33cde.jpg,test
image_20241007_193055_jpg.rf.f0149ffe4facc6c0a86b206f8d572fd3.jpg,valid,Good,ND_GROUP_0025,test
image_20241008_210940_jpg.rf.2aec852a508796ec39b3f6fbf6230067.jpg,test,Bad,ND_GROUP_0004,test
good_posture_20241021_141554_png.rf.619fa86d083a2092f85ed3146c8c3dd9.jpg,train,Good,ND_GROUP_0003,test
bad_posture_20241012_174058_png.rf.09ed9018c8ed440c95ea4b529de4e4e1.jpg,test,Bad,ND_GROUP_0020,test
bad_posture_20241021_142117_png.rf.de94348d74c4109ef0128fc64e610d88.jpg,test,Bad,ND_GROUP_0039,test
good_posture_20241012_174128_png.rf.7b70d5ce397ba6d0f6c73a6ffe55b575.jpg,train,Good,ND_GROUP_0010,test
bad_posture_20241013_225802_png.rf.34dd19fba4a0606a0af4f1ef545c1d26.jpg,train,Bad,ND_GROUP_0000,test
bad_posture_20241013_220804_png.rf.d26014a7fa46be0769b8bb1977083fb0.jpg,train,Bad,ND_GROUP_0032,test
image_20241007_191052_jpg.rf.fb41f9fa31c02b6115588cc204762ff8.jpg,train,Bad,SINGLE_image_20241007_191052_jpg.rf.fb41f9fa31c02b6115588cc204762ff8.jpg,test
good_posture_20241021_141329_png.rf.ff15b6917f26885a4a837bf0afd5b7e9.jpg,train,Good,ND_GROUP_0003,test
