image_id,split,nd_group,original_split,num_annotations,is_dark
0138e93a957e274905ea6c2ed2d4042d_jpg.rf.601de128185a0d950a6067ad646f88c8.jpg,train,SINGLE_0138e93a957e274905ea6c2ed2d4042d_jpg.rf.601de128185a0d950a6067ad646f88c8.jpg,train,10,False
01b17ea7357cadd6243eed9d48ea58b4_jpg.rf.c37de5a02dd949a6c86b89d654466d1c.jpg,train,SINGLE_01b17ea7357cadd6243eed9d48ea58b4_jpg.rf.c37de5a02dd949a6c86b89d654466d1c.jpg,train,1,False
0274eea195802ee11fe9cb42d744a3a5-Copy_jpg.rf.c92ebb2bbd2526dcb66083afc4d57378.jpg,valid,SINGLE_0274eea195802ee11fe9cb42d744a3a5-Copy_jpg.rf.c92ebb2bbd2526dcb66083afc4d57378.jpg,test,1,False
036894bc9625960d01fc04bcf5d663b6_jpg.rf.50bf05257130edb096b8696be46d0af0.jpg,train,SINGLE_036894bc9625960d01fc04bcf5d663b6_jpg.rf.50bf05257130edb096b8696be46d0af0.jpg,train,1,False
038d8139e2ed9526260fd48f2089435d_jpg.rf.b8c055f5ffdcd0dc2e1f01bfd0f6a818.jpg,train,SINGLE_038d8139e2ed9526260fd48f2089435d_jpg.rf.b8c055f5ffdcd0dc2e1f01bfd0f6a818.jpg,valid,1,False
03c40be672e90af46fb59496c8034b57-Copy-2-_jpg.rf.b1c852f6b38cfa74ecc8c7d934917622.jpg,valid,SINGLE_03c40be672e90af46fb59496c8034b57-Copy-2-_jpg.rf.b1c852f6b38cfa74ecc8c7d934917622.jpg,valid,1,False
03c69ace93f40e3e724ba009796000d0_jpg.rf.acacafab75f564e99cb409520e38ebef.jpg,train,SINGLE_03c69ace93f40e3e724ba009796000d0_jpg.rf.acacafab75f564e99cb409520e38ebef.jpg,valid,1,False
03fd679809fc70b36daa038971206388_jpg.rf.83d0514e701009e74ea2628483d290f5.jpg,train,SINGLE_03fd679809fc70b36daa038971206388_jpg.rf.83d0514e701009e74ea2628483d290f5.jpg,train,1,False
044d4a352fdddb2cea89f8d96f2d0774-Copy_jpg.rf.20b025133f2be8c931963fa0261588ee.jpg,train,SINGLE_044d4a352fdddb2cea89f8d96f2d0774-Copy_jpg.rf.20b025133f2be8c931963fa0261588ee.jpg,train,1,False
07682242a71b0f05da9a31a4f5a473f7_jpg.rf.47164d522c552bca44190e5b5b1afce2.jpg,train,SINGLE_07682242a71b0f05da9a31a4f5a473f7_jpg.rf.47164d522c552bca44190e5b5b1afce2.jpg,test,7,False
07c82ef97039dc0302cb5dfd1f4cb413_jpg.rf.d97c4c03daec059b46ff8cdad7f1b4dc.jpg,train,SINGLE_07c82ef97039dc0302cb5dfd1f4cb413_jpg.rf.d97c4c03daec059b46ff8cdad7f1b4dc.jpg,train,1,False
07da296c0d7ed298ef1adc0a1ad22a47_jpg.rf.e9a1e17deaa92800e1f4cb8499f7776e.jpg,test,SINGLE_07da296c0d7ed298ef1adc0a1ad22a47_jpg.rf.e9a1e17deaa92800e1f4cb8499f7776e.jpg,test,1,False
08dc77d43e6397ad35d0c0ac48a08dc5_jpg.rf.07cabfd761ce6fac3c3c61e1c87dd9ac.jpg,train,SINGLE_08dc77d43e6397ad35d0c0ac48a08dc5_jpg.rf.07cabfd761ce6fac3c3c61e1c87dd9ac.jpg,train,1,False
09301a2b43d56f479527a3bb7a3a677f-Copy_jpg.rf.337e41395bf7a48cb9a36b3809fb9ed4.jpg,test,SINGLE_09301a2b43d56f479527a3bb7a3a677f-Copy_jpg.rf.337e41395bf7a48cb9a36b3809fb9ed4.jpg,train,1,False
09e09f885afa44118ab87bd5665c62f0-Copy_jpg.rf.bd8efccdf939bd5a0caac32851a03d9b.jpg,valid,SINGLE_09e09f885afa44118ab87bd5665c62f0-Copy_jpg.rf.bd8efccdf939bd5a0caac32851a03d9b.jpg,train,1,False
0bfdcb63e31ef0f0a836d1b3a166edfb_jpg.rf.d30f5e6a0d51cd113a60a0cf1d866da5.jpg,train,SINGLE_0bfdcb63e31ef0f0a836d1b3a166edfb_jpg.rf.d30f5e6a0d51cd113a60a0cf1d866da5.jpg,train,3,False
0c60817f7c51abb568167d5c48eb8a47-Copy_jpg.rf.fb6a5f27c3e2ff278757d7f867c2fbf0.jpg,train,ND_0019,valid,1,False
0ca729bb0533a56046bef7fc90a5e528-Copy_jpg.rf.7a774761abe2cd8883801e26694120b1.jpg,train,SINGLE_0ca729bb0533a56046bef7fc90a5e528-Copy_jpg.rf.7a774761abe2cd8883801e26694120b1.jpg,test,1,False
0d3c7ea98ef00e38def853945a9bad57_jpg.rf.781cde90d112ed38c52994ab877d899b.jpg,train,SINGLE_0d3c7ea98ef00e38def853945a9bad57_jpg.rf.781cde90d112ed38c52994ab877d899b.jpg,train,1,False
0ef52a85265746d1683f9486e96ce923-Copy_jpg.rf.594fc007a1d16dba7e26a5d1ef710ef4.jpg,train,SINGLE_0ef52a85265746d1683f9486e96ce923-Copy_jpg.rf.594fc007a1d16dba7e26a5d1ef710ef4.jpg,valid,1,False
0fc32a3a4348547000601fbb1eae3e94-Copy_jpg.rf.63b4ffb54b24e037b71eec0382a8b992.jpg,train,SINGLE_0fc32a3a4348547000601fbb1eae3e94-Copy_jpg.rf.63b4ffb54b24e037b71eec0382a8b992.jpg,valid,1,False
109063978371b3373c43d70e2241077e-Copy_jpg.rf.019fb8817278bf229b8ef229c0ca5873.jpg,train,SINGLE_109063978371b3373c43d70e2241077e-Copy_jpg.rf.019fb8817278bf229b8ef229c0ca5873.jpg,test,1,False
11376b36328b5aecfce91a930ae7dd13-Copy_jpg.rf.2c99983e2f5421754b6dffe0442124bc.jpg,train,SINGLE_11376b36328b5aecfce91a930ae7dd13-Copy_jpg.rf.2c99983e2f5421754b6dffe0442124bc.jpg,valid,1,False
12409ad7deb10d5ed474ba47e6738b4a_jpg.rf.3b1702d63ad0a9dcb2d79ff5c68e155d.jpg,train,SINGLE_12409ad7deb10d5ed474ba47e6738b4a_jpg.rf.3b1702d63ad0a9dcb2d79ff5c68e155d.jpg,train,1,False
12549cd180196f34b4527ceb4f8eab15_jpg.rf.7d67896ccdd692205b5ce7a42339a3e6.jpg,train,SINGLE_12549cd180196f34b4527ceb4f8eab15_jpg.rf.7d67896ccdd692205b5ce7a42339a3e6.jpg,train,1,False
12faae8bd575b49b06841c73067a3a3a_jpg.rf.24ad561eb360bf7dcb71307ec43c2a6d.jpg,valid,SINGLE_12faae8bd575b49b06841c73067a3a3a_jpg.rf.24ad561eb360bf7dcb71307ec43c2a6d.jpg,valid,1,False
134d30ead329e22fb6848eef387886b4-Copy_jpg.rf.d7e306e91ccc07e55e5d0b0a6b54f587.jpg,train,SINGLE_134d30ead329e22fb6848eef387886b4-Copy_jpg.rf.d7e306e91ccc07e55e5d0b0a6b54f587.jpg,valid,1,False
150b0302549c4eff4b7a3417d5160012-Copy_jpg.rf.a7fe66aae04d9b3b1d1a39d104f6fd72.jpg,test,SINGLE_150b0302549c4eff4b7a3417d5160012-Copy_jpg.rf.a7fe66aae04d9b3b1d1a39d104f6fd72.jpg,test,0,False
164beb21e641c2e24c5a1f6f62587bc1_jpg.rf.c1fe4efbb833abc0060ad38c537226f9.jpg,test,SINGLE_164beb21e641c2e24c5a1f6f62587bc1_jpg.rf.c1fe4efbb833abc0060ad38c537226f9.jpg,train,2,False
166d1b2cb6e2ca4c6f50f57d9d936e19-Copy-2-_jpg.rf.2856ed8934c641e99153a8fd082a8824.jpg,valid,SINGLE_166d1b2cb6e2ca4c6f50f57d9d936e19-Copy-2-_jpg.rf.2856ed8934c641e99153a8fd082a8824.jpg,test,1,False
16a88fe94b0ee27f4819c63b2df6ee41_jpg.rf.78a12d5088c47bfd1bcf52afa2917c83.jpg,valid,SINGLE_16a88fe94b0ee27f4819c63b2df6ee41_jpg.rf.78a12d5088c47bfd1bcf52afa2917c83.jpg,train,2,False
1876f9487ac4a54e573bfb7a208a029e_jpg.rf.7d129606ecbc1bf0ba4abb602fd9c3ab.jpg,train,SINGLE_1876f9487ac4a54e573bfb7a208a029e_jpg.rf.7d129606ecbc1bf0ba4abb602fd9c3ab.jpg,valid,1,False
18dbb46aabd5f4894e58e4134de6e8c5-Copy-2-_jpg.rf.4a958c4ee4c1d3ea7a2b3c709dee2fdb.jpg,valid,SINGLE_18dbb46aabd5f4894e58e4134de6e8c5-Copy-2-_jpg.rf.4a958c4ee4c1d3ea7a2b3c709dee2fdb.jpg,test,1,False
1b8ec72febb3253935e1efa77f4f8c30_jpg.rf.4193e12df68d9068fc1f6670adedd23f.jpg,valid,SINGLE_1b8ec72febb3253935e1efa77f4f8c30_jpg.rf.4193e12df68d9068fc1f6670adedd23f.jpg,train,1,False
1bff90c2a0f45c5ba8db4d1f057691c2-Copy_jpg.rf.ddd734b7c27b2351a50b44411559b1fe.jpg,test,SINGLE_1bff90c2a0f45c5ba8db4d1f057691c2-Copy_jpg.rf.ddd734b7c27b2351a50b44411559b1fe.jpg,valid,1,False
1dbfaeae7a5f83ec3a42df89e3956a0d-Copy_jpg.rf.a192f1b99e4c3fba3f149792e62b1000.jpg,test,SINGLE_1dbfaeae7a5f83ec3a42df89e3956a0d-Copy_jpg.rf.a192f1b99e4c3fba3f149792e62b1000.jpg,test,1,False
1e077cbdaf6bf7432f615de9c900f1f6_jpg.rf.0234ea9151cc51112d6ae00b7d5f8380.jpg,train,SINGLE_1e077cbdaf6bf7432f615de9c900f1f6_jpg.rf.0234ea9151cc51112d6ae00b7d5f8380.jpg,train,1,False
1f538c6c7b2ed936f7519ab26ec0607d-Copy_jpg.rf.b7f49616455ba7836070e0d64b36f556.jpg,train,SINGLE_1f538c6c7b2ed936f7519ab26ec0607d-Copy_jpg.rf.b7f49616455ba7836070e0d64b36f556.jpg,valid,1,False
20391302a3fa71cfe6c528a9ce6608e8-Copy_jpg.rf.4229c39779dccf994e8f9bf213255362.jpg,train,SINGLE_20391302a3fa71cfe6c528a9ce6608e8-Copy_jpg.rf.4229c39779dccf994e8f9bf213255362.jpg,train,1,False
20f8b04e8c35f11d763dfd70082e1e27-Copy-2-_jpg.rf.3f6a5e6a42df5f1b50b03c1df56aad77.jpg,train,SINGLE_20f8b04e8c35f11d763dfd70082e1e27-Copy-2-_jpg.rf.3f6a5e6a42df5f1b50b03c1df56aad77.jpg,test,1,False
21821f3caee00e219a0312ce4934fb83-Copy-2-_jpg.rf.d9c678339fc98f1183eb71ee5a9a561f.jpg,train,SINGLE_21821f3caee00e219a0312ce4934fb83-Copy-2-_jpg.rf.d9c678339fc98f1183eb71ee5a9a561f.jpg,train,1,False
22d97eb7ab5211a7dab979a1ca9e5220-Copy-2-_jpg.rf.3ef1c616191a3b6b0a21c8c449c5d0b0.jpg,test,SINGLE_22d97eb7ab5211a7dab979a1ca9e5220-Copy-2-_jpg.rf.3ef1c616191a3b6b0a21c8c449c5d0b0.jpg,valid,1,False
2433a50aeeb63b52d760b867a3b6e3a0-1-_jpg.rf.7f9fd6a7fe026846cc38a2e6a4cdd986.jpg,train,SINGLE_2433a50aeeb63b52d760b867a3b6e3a0-1-_jpg.rf.7f9fd6a7fe026846cc38a2e6a4cdd986.jpg,train,1,False
25df132587629fa4d6480745ef7c96d6_jpg.rf.51d7f3baca40e113ac71eba3618927a2.jpg,test,SINGLE_25df132587629fa4d6480745ef7c96d6_jpg.rf.51d7f3baca40e113ac71eba3618927a2.jpg,valid,1,False
269e71cd36f6371d09d8d86ea33cc736-Copy_jpg.rf.2691763d89271f473ab22d686e812812.jpg,valid,SINGLE_269e71cd36f6371d09d8d86ea33cc736-Copy_jpg.rf.2691763d89271f473ab22d686e812812.jpg,test,1,False
2717706a396e68f341b88f63e445b64c5-Copy_jpg.rf.d4861e9470f49accab5203166b17b83e.jpg,train,SINGLE_2717706a396e68f341b88f63e445b64c5-Copy_jpg.rf.d4861e9470f49accab5203166b17b83e.jpg,valid,1,False
296e69b197fcd623a2a449d15685e610_jpg.rf.616d9fb2aa7bb3b73b0ac9cf3b67dc3b.jpg,test,SINGLE_296e69b197fcd623a2a449d15685e610_jpg.rf.616d9fb2aa7bb3b73b0ac9cf3b67dc3b.jpg,train,3,False
2c5219f9f7b315e1843c637ecb0311b3-Copy_jpg.rf.8925fe83a2fc7fe8044dbc0cf2bcba38.jpg,test,SINGLE_2c5219f9f7b315e1843c637ecb0311b3-Copy_jpg.rf.8925fe83a2fc7fe8044dbc0cf2bcba38.jpg,test,2,False
2d9d6695b9738eff81cbab92e7e48700-Copy_jpg.rf.2bd12894bf06a8f86dc6ef73d61099ed.jpg,valid,SINGLE_2d9d6695b9738eff81cbab92e7e48700-Copy_jpg.rf.2bd12894bf06a8f86dc6ef73d61099ed.jpg,train,1,False
2f733fdf5255897ece4bf1ce6269e318-Copy_jpg.rf.5fae10780b4b821e4300daf9d40bff69.jpg,train,SINGLE_2f733fdf5255897ece4bf1ce6269e318-Copy_jpg.rf.5fae10780b4b821e4300daf9d40bff69.jpg,valid,1,False
2fd36c70e229800db9a2de27e2f1f0eb_jpg.rf.a81d1ca16a5ae39c4bcc5028dd3f2801.jpg,train,SINGLE_2fd36c70e229800db9a2de27e2f1f0eb_jpg.rf.a81d1ca16a5ae39c4bcc5028dd3f2801.jpg,train,1,False
302a01836d072e261341689ba8a2ab15_jpg.rf.f6788e42cf2979085b2f81ae555436da.jpg,test,SINGLE_302a01836d072e261341689ba8a2ab15_jpg.rf.f6788e42cf2979085b2f81ae555436da.jpg,valid,1,False
308f25d389f7166c6c2f7878b53c9dd0-Copy_jpg.rf.7424cf94f4054490de4cbabbdf7b48a9.jpg,train,SINGLE_308f25d389f7166c6c2f7878b53c9dd0-Copy_jpg.rf.7424cf94f4054490de4cbabbdf7b48a9.jpg,test,1,False
30a4b35a96c093fefda959d40f799386_jpg.rf.b326fedb0c5907a74d9fc5b9ccf45095.jpg,train,SINGLE_30a4b35a96c093fefda959d40f799386_jpg.rf.b326fedb0c5907a74d9fc5b9ccf45095.jpg,test,2,False
334cbc1795755361563740d1b9c2ba02_jpg.rf.a6a7a4dda70cec7a7518a465ef2dcdd6.jpg,train,SINGLE_334cbc1795755361563740d1b9c2ba02_jpg.rf.a6a7a4dda70cec7a7518a465ef2dcdd6.jpg,train,1,False
33d01e7a66dee25ccebf4c35e38658d0-Copy_jpg.rf.69e259c9834119892820f5428827049b.jpg,train,SINGLE_33d01e7a66dee25ccebf4c35e38658d0-Copy_jpg.rf.69e259c9834119892820f5428827049b.jpg,valid,1,False
353ff20c38ac089148b3d6307d0470f5_jpg.rf.7e92ed4fdf18512aad3d6343516a1d30.jpg,test,SINGLE_353ff20c38ac089148b3d6307d0470f5_jpg.rf.7e92ed4fdf18512aad3d6343516a1d30.jpg,train,1,False
384a130b2bbe3f8efd1c030c8575ae32_jpg.rf.38185fd4398fa15e2e6152489b962976.jpg,train,SINGLE_384a130b2bbe3f8efd1c030c8575ae32_jpg.rf.38185fd4398fa15e2e6152489b962976.jpg,test,3,False
3a3fd2e7590db30a55c2487fcf1a5347-Copy_jpg.rf.d3b920287e63a611858ae2f131ea15d5.jpg,valid,SINGLE_3a3fd2e7590db30a55c2487fcf1a5347-Copy_jpg.rf.d3b920287e63a611858ae2f131ea15d5.jpg,test,1,False
3ae0a216bf8c89853fc98afed0124740-Copy_jpg.rf.311635dcce6f67ef5f37de57bf9fe253.jpg,train,SINGLE_3ae0a216bf8c89853fc98afed0124740-Copy_jpg.rf.311635dcce6f67ef5f37de57bf9fe253.jpg,train,1,False
3cdae28d0a450e822ac4b9f2e9659c47_jpg.rf.2f7fefa22971dc006b04908f77933764.jpg,valid,SINGLE_3cdae28d0a450e822ac4b9f2e9659c47_jpg.rf.2f7fefa22971dc006b04908f77933764.jpg,train,2,False
3e17076a8652c07631177b9017a1bbc9-Copy-2-_jpg.rf.48140237148989c9937c4a4044805a2e.jpg,train,SINGLE_3e17076a8652c07631177b9017a1bbc9-Copy-2-_jpg.rf.48140237148989c9937c4a4044805a2e.jpg,valid,1,False
3e568046de584d919cf9c86e3db0f5a2-Copy_jpg.rf.8da6000a8084237f2851d67db1e92f39.jpg,valid,SINGLE_3e568046de584d919cf9c86e3db0f5a2-Copy_jpg.rf.8da6000a8084237f2851d67db1e92f39.jpg,valid,2,False
3e87da47f3303399401aa6078084fb36_jpg.rf.638ac87cf0ca8b8d14d9402ff7590ca1.jpg,train,SINGLE_3e87da47f3303399401aa6078084fb36_jpg.rf.638ac87cf0ca8b8d14d9402ff7590ca1.jpg,valid,1,False
40f380863d2e98f3399367e1a96c77f1-Copy-2-_jpg.rf.a26a141903b297825a4bc6d8ba9a0eeb.jpg,train,SINGLE_40f380863d2e98f3399367e1a96c77f1-Copy-2-_jpg.rf.a26a141903b297825a4bc6d8ba9a0eeb.jpg,valid,1,False
41026b9c0d71c6d97dc50ebe4a2b207b-Copy_jpg.rf.311d1b3fc1de66dd306c3c5b021d9402.jpg,train,SINGLE_41026b9c0d71c6d97dc50ebe4a2b207b-Copy_jpg.rf.311d1b3fc1de66dd306c3c5b021d9402.jpg,train,1,False
41c32da2204db972afe8d411e3afac90-Copy_jpg.rf.03632fe1d828a018a86fab50f48c298f.jpg,train,SINGLE_41c32da2204db972afe8d411e3afac90-Copy_jpg.rf.03632fe1d828a018a86fab50f48c298f.jpg,valid,1,False
42a2e2f9936efee584a8097f31c5aabe_jpg.rf.006c7f0ad56fb2fdd8109ac75c42a41d.jpg,valid,SINGLE_42a2e2f9936efee584a8097f31c5aabe_jpg.rf.006c7f0ad56fb2fdd8109ac75c42a41d.jpg,test,1,False
432b48ccf28d7fcc0f22e6ba64125813_jpg.rf.3a05b66b5666c452a6a8dfa7f816bf4e.jpg,valid,SINGLE_432b48ccf28d7fcc0f22e6ba64125813_jpg.rf.3a05b66b5666c452a6a8dfa7f816bf4e.jpg,test,1,False
43b535f4216a408236b1b9d7f6c1fea2_jpg.rf.a4b006a5b103bfee161629366e04e484.jpg,valid,SINGLE_43b535f4216a408236b1b9d7f6c1fea2_jpg.rf.a4b006a5b103bfee161629366e04e484.jpg,test,1,False
444cf0f06077401c805cc3972c0a3c0b_jpg.rf.84bfa71a93944fa4a111412ba226737e.jpg,train,SINGLE_444cf0f06077401c805cc3972c0a3c0b_jpg.rf.84bfa71a93944fa4a111412ba226737e.jpg,test,1,False
44c10348f8facd7ff005860e80f2f05c-Copy_jpg.rf.530010485ae6e7bda03c472ced85c862.jpg,train,SINGLE_44c10348f8facd7ff005860e80f2f05c-Copy_jpg.rf.530010485ae6e7bda03c472ced85c862.jpg,valid,1,False
4538140074cd3b191dbfe2bd8dcad832_jpg.rf.2e834b3da4dc1244fcd5cd024074a5f8.jpg,train,SINGLE_4538140074cd3b191dbfe2bd8dcad832_jpg.rf.2e834b3da4dc1244fcd5cd024074a5f8.jpg,test,1,False
461894a0d79e24a7487b9a9d6bbccb05-Copy_jpg.rf.b45efa5cbd654e3a03c784944c66df01.jpg,train,SINGLE_461894a0d79e24a7487b9a9d6bbccb05-Copy_jpg.rf.b45efa5cbd654e3a03c784944c66df01.jpg,valid,1,False
4848a99da0ac7a1cc1de96e29bf8f00b_jpg.rf.58bcbe87f2f91b922614a8080517a94a.jpg,test,SINGLE_4848a99da0ac7a1cc1de96e29bf8f00b_jpg.rf.58bcbe87f2f91b922614a8080517a94a.jpg,train,1,False
48ddae6c1833765180cf4a91f937114c_jpg.rf.016d0edf96f5644b422bddb625e42b77.jpg,train,SINGLE_48ddae6c1833765180cf4a91f937114c_jpg.rf.016d0edf96f5644b422bddb625e42b77.jpg,train,1,False
4ad9540ec4a9101b15e87046f303f0c0-Copy-2-_jpg.rf.38d892556c06e868141008514f655623.jpg,test,SINGLE_4ad9540ec4a9101b15e87046f303f0c0-Copy-2-_jpg.rf.38d892556c06e868141008514f655623.jpg,valid,1,False
4bf01322111c82958983446eb5005404_jpg.rf.3ff3cb499dd1d3ece26d9d3a65419cf8.jpg,valid,SINGLE_4bf01322111c82958983446eb5005404_jpg.rf.3ff3cb499dd1d3ece26d9d3a65419cf8.jpg,train,6,False
4bf7a1f74bd8a456fecc108fe136dcea_jpg.rf.e0181a963af50ca0e7511833cf094e95.jpg,train,SINGLE_4bf7a1f74bd8a456fecc108fe136dcea_jpg.rf.e0181a963af50ca0e7511833cf094e95.jpg,train,1,False
4c84606a0be3a00dcd0c5afa33e8e379-Copy_jpg.rf.4abb6266a233f40df4c9bb97f0b58d4b.jpg,train,SINGLE_4c84606a0be3a00dcd0c5afa33e8e379-Copy_jpg.rf.4abb6266a233f40df4c9bb97f0b58d4b.jpg,test,1,False
4e2fd288916df75caab1737d5a197716_jpg.rf.7435f8d95fb3c9a20c2be840f86f70a6.jpg,train,SINGLE_4e2fd288916df75caab1737d5a197716_jpg.rf.7435f8d95fb3c9a20c2be840f86f70a6.jpg,train,1,False
4edf682b2586f97d3036b834179bb71e_jpg.rf.15dbfe28a107ad6766366a65a5d70021.jpg,train,SINGLE_4edf682b2586f97d3036b834179bb71e_jpg.rf.15dbfe28a107ad6766366a65a5d70021.jpg,train,1,False
50c40c54fd6d704689e7e611cae50592_jpg.rf.171442f68411b1d96881f4530a026afb.jpg,train,SINGLE_50c40c54fd6d704689e7e611cae50592_jpg.rf.171442f68411b1d96881f4530a026afb.jpg,valid,2,False
512b65bb04bded5177b2a62a6c59a04c_jpg.rf.dab27cbe2dd392e6b197c6ba0af59d8d.jpg,train,SINGLE_512b65bb04bded5177b2a62a6c59a04c_jpg.rf.dab27cbe2dd392e6b197c6ba0af59d8d.jpg,valid,1,False
52fec01b15da043b9dfe7441feda1d21_jpg.rf.d2928be2941262d2059a37e96af05c42.jpg,train,SINGLE_52fec01b15da043b9dfe7441feda1d21_jpg.rf.d2928be2941262d2059a37e96af05c42.jpg,train,5,False
5337e518499bc811621e435c8ff6ec8d_jpg.rf.9006e1a7eeacb21b21a063402b9c52d8.jpg,train,SINGLE_5337e518499bc811621e435c8ff6ec8d_jpg.rf.9006e1a7eeacb21b21a063402b9c52d8.jpg,test,1,False
53791f6ddfc3b182f97ee0f2cf649948_jpg.rf.16fa2f898ce8c640b62bc3783a618596.jpg,valid,SINGLE_53791f6ddfc3b182f97ee0f2cf649948_jpg.rf.16fa2f898ce8c640b62bc3783a618596.jpg,train,1,False
544f9fc3c00c3e060cd924b74746e59c_jpg.rf.bed77ea07a2a848eb54cb50b372030eb.jpg,test,SINGLE_544f9fc3c00c3e060cd924b74746e59c_jpg.rf.bed77ea07a2a848eb54cb50b372030eb.jpg,valid,1,False
54d5623444aa28a035629077f1e3ec07-Copy-2-_jpg.rf.d47437caa93a10d596c532b727522781.jpg,valid,SINGLE_54d5623444aa28a035629077f1e3ec07-Copy-2-_jpg.rf.d47437caa93a10d596c532b727522781.jpg,test,1,False
55632de40c58a115989eac19fd4a0434-Copy_jpg.rf.4df1d597a86ca75ccd80c18862107ccf.jpg,train,SINGLE_55632de40c58a115989eac19fd4a0434-Copy_jpg.rf.4df1d597a86ca75ccd80c18862107ccf.jpg,test,1,False
5678fa20200e3d80dc15d6db3090e4a1_jpg.rf.51c2cf195b6093f974f286d7be153990.jpg,valid,SINGLE_5678fa20200e3d80dc15d6db3090e4a1_jpg.rf.51c2cf195b6093f974f286d7be153990.jpg,train,1,False
5737d2dcd9c475179bdc79a15d69ae5c_jpg.rf.50458a6be3a35559941779f926ad0ec5.jpg,train,SINGLE_5737d2dcd9c475179bdc79a15d69ae5c_jpg.rf.50458a6be3a35559941779f926ad0ec5.jpg,train,1,False
581cacc03b45e71bd4c2568986682ecf-Copy_jpg.rf.b71d0fc095f2203ae1c842d71354512e.jpg,train,SINGLE_581cacc03b45e71bd4c2568986682ecf-Copy_jpg.rf.b71d0fc095f2203ae1c842d71354512e.jpg,valid,1,False
58559f1cee11500edb770caa7200494c-Copy-2-_jpg.rf.cb997c5c2f5ea7a7b0eb70d18ed33cd1.jpg,train,SINGLE_58559f1cee11500edb770caa7200494c-Copy-2-_jpg.rf.cb997c5c2f5ea7a7b0eb70d18ed33cd1.jpg,valid,1,False
59c146d54c50e3f829b9a50f72a6b7fa-Copy_jpg.rf.404a3db1277161ef57a8698d8c93ac3b.jpg,train,SINGLE_59c146d54c50e3f829b9a50f72a6b7fa-Copy_jpg.rf.404a3db1277161ef57a8698d8c93ac3b.jpg,valid,1,False
59d2fde6e6d87a1538a49e6fa55f75a2-Copy_jpg.rf.356c60f1b7d51387bce4c7cf7cde9b1d.jpg,valid,SINGLE_59d2fde6e6d87a1538a49e6fa55f75a2-Copy_jpg.rf.356c60f1b7d51387bce4c7cf7cde9b1d.jpg,test,1,False
5aa27058712bce0b807380efa57177c4-Copy-2-_jpg.rf.85d5129516ca539c84d83d6f7ee05233.jpg,train,SINGLE_5aa27058712bce0b807380efa57177c4-Copy-2-_jpg.rf.85d5129516ca539c84d83d6f7ee05233.jpg,valid,1,False
5e99dbc09d506693908b448404ddd720_jpg.rf.a26574dfa400ac5def5f9dc13fc3ebcb.jpg,train,SINGLE_5e99dbc09d506693908b448404ddd720_jpg.rf.a26574dfa400ac5def5f9dc13fc3ebcb.jpg,train,1,False
5ecd213f80f7319f47061ce6385f3d97-Copy_jpg.rf.91bfce6132fb7a08e48a5aebb6e29e3c.jpg,test,SINGLE_5ecd213f80f7319f47061ce6385f3d97-Copy_jpg.rf.91bfce6132fb7a08e48a5aebb6e29e3c.jpg,valid,1,False
61a1e85af5b11c3a1a2549d5dca58295-Copy_jpg.rf.b37c756971a2d9d441b81d1cae1128f5.jpg,train,SINGLE_61a1e85af5b11c3a1a2549d5dca58295-Copy_jpg.rf.b37c756971a2d9d441b81d1cae1128f5.jpg,valid,1,False
62da6af058cd30c332ac28dc90ed0623_jpg.rf.52841a069c88fc40eeeef4d1047ed6d2.jpg,train,SINGLE_62da6af058cd30c332ac28dc90ed0623_jpg.rf.52841a069c88fc40eeeef4d1047ed6d2.jpg,test,1,False
642810152cca1b37a584fac07693a363_jpg.rf.44a6b80d928650d62dba3aa4d211823c.jpg,train,SINGLE_642810152cca1b37a584fac07693a363_jpg.rf.44a6b80d928650d62dba3aa4d211823c.jpg,train,2,False
64728be89f9d6d4acac08119e5c062e6-Copy_jpg.rf.81f241fee3221ef58efed46562a368b0.jpg,train,SINGLE_64728be89f9d6d4acac08119e5c062e6-Copy_jpg.rf.81f241fee3221ef58efed46562a368b0.jpg,valid,1,False
65012d0639e0f9159e97dfab863c23c0-Copy_jpg.rf.e1e8418a481de637a4526c07fd678220.jpg,test,SINGLE_65012d0639e0f9159e97dfab863c23c0-Copy_jpg.rf.e1e8418a481de637a4526c07fd678220.jpg,test,1,False
6540afb9817ad3038376f157c5f444b7-Copy_jpg.rf.78609668c320316342a5ce9443fb2c74.jpg,train,SINGLE_6540afb9817ad3038376f157c5f444b7-Copy_jpg.rf.78609668c320316342a5ce9443fb2c74.jpg,train,1,False
65b68aa00170db5f0a8af73b0aabb967-Copy-2-_jpg.rf.6db438ef58d42ae06604559a213077fa.jpg,train,SINGLE_65b68aa00170db5f0a8af73b0aabb967-Copy-2-_jpg.rf.6db438ef58d42ae06604559a213077fa.jpg,test,1,False
65ce382b9740824cd60c75dd3d63f124-Copy_jpg.rf.d385f9aca6133626f7913c0ecd6565d5.jpg,test,SINGLE_65ce382b9740824cd60c75dd3d63f124-Copy_jpg.rf.d385f9aca6133626f7913c0ecd6565d5.jpg,test,1,False
6b0d10c3616f1938b4d574a563b40be3-Copy_jpg.rf.532d817889900c8e7fc317ee54936971.jpg,train,SINGLE_6b0d10c3616f1938b4d574a563b40be3-Copy_jpg.rf.532d817889900c8e7fc317ee54936971.jpg,test,1,False
6b5cc3d65032e3edd263f9f90e424793-Copy_jpg.rf.2eddd80d8f7e05c660ea1e715a694887.jpg,train,SINGLE_6b5cc3d65032e3edd263f9f90e424793-Copy_jpg.rf.2eddd80d8f7e05c660ea1e715a694887.jpg,valid,1,False
6b9933790ae2c8f7ccfdb2667922a709_jpg.rf.f6985b4f2f67545bf0143929c516794a.jpg,train,ND_0001,train,5,False
6c1f3c4137444b2d99a3aba76fa81da9_jpg.rf.0e7a02089cc395df188d058e3218e3a6.jpg,train,SINGLE_6c1f3c4137444b2d99a3aba76fa81da9_jpg.rf.0e7a02089cc395df188d058e3218e3a6.jpg,train,8,False
6f6ba4bd80803fa49fef96ce7cabd1c91-Copy_jpg.rf.7aa8a09c78ebba0c1548555dc85597ca.jpg,valid,SINGLE_6f6ba4bd80803fa49fef96ce7cabd1c91-Copy_jpg.rf.7aa8a09c78ebba0c1548555dc85597ca.jpg,valid,1,False
6fa6108ec125b86c241e37f7dbbbaa0c-Copy-2-_jpg.rf.e7cf75c20a16c5ef6c410e23db876f69.jpg,train,SINGLE_6fa6108ec125b86c241e37f7dbbbaa0c-Copy-2-_jpg.rf.e7cf75c20a16c5ef6c410e23db876f69.jpg,train,1,False
704ade2870b57685ece9df6865b63eee_jpg.rf.9a6115d3c468f7c4521703607bb5f615.jpg,train,SINGLE_704ade2870b57685ece9df6865b63eee_jpg.rf.9a6115d3c468f7c4521703607bb5f615.jpg,test,2,False
72caa2ca1fb3e5e2f073ad9eba4642a3-Copy_jpg.rf.71fc44260f35810a3406ab0f0a1a3fc7.jpg,train,SINGLE_72caa2ca1fb3e5e2f073ad9eba4642a3-Copy_jpg.rf.71fc44260f35810a3406ab0f0a1a3fc7.jpg,valid,1,False
72d1d0e31b3ee7bf4c0bc751c39d764a-Copy-2-_jpg.rf.3cb52d8e9f43e8bfce2ee492f7701488.jpg,train,SINGLE_72d1d0e31b3ee7bf4c0bc751c39d764a-Copy-2-_jpg.rf.3cb52d8e9f43e8bfce2ee492f7701488.jpg,test,1,False
72daffd77d1f9d8af6e5e640485f6e0c-Copy_jpg.rf.8b04cbb167ce4cefb9fac0426ff7e84f.jpg,train,SINGLE_72daffd77d1f9d8af6e5e640485f6e0c-Copy_jpg.rf.8b04cbb167ce4cefb9fac0426ff7e84f.jpg,test,1,False
7353602e3a7424adb6606eec01fd3524-Copy_jpg.rf.8947c06bbf5960093a6ff12d932d05d0.jpg,train,SINGLE_7353602e3a7424adb6606eec01fd3524-Copy_jpg.rf.8947c06bbf5960093a6ff12d932d05d0.jpg,valid,1,False
740512adde40d4ee80d56ae28860911b-Copy-2-_jpg.rf.0f2817c94f4b0fc0e7225f02af6255e6.jpg,train,SINGLE_740512adde40d4ee80d56ae28860911b-Copy-2-_jpg.rf.0f2817c94f4b0fc0e7225f02af6255e6.jpg,test,1,False
7786351d2a6636d3a1a0da5a9f16974a-Copy-2-_jpg.rf.00ffa1e3e1e0b27cea38fbd536a72319.jpg,train,SINGLE_7786351d2a6636d3a1a0da5a9f16974a-Copy-2-_jpg.rf.00ffa1e3e1e0b27cea38fbd536a72319.jpg,valid,1,False
78a07089ecd665b3951e0c3545028f5c_jpg.rf.64c2ecda911a28a56b504cc53f94bf24.jpg,train,SINGLE_78a07089ecd665b3951e0c3545028f5c_jpg.rf.64c2ecda911a28a56b504cc53f94bf24.jpg,valid,1,False
78bed333dd432f0d70aae2a9e8fa7370-Copy_jpg.rf.086d4bdec6a727ce4b384ce040fda633.jpg,train,SINGLE_78bed333dd432f0d70aae2a9e8fa7370-Copy_jpg.rf.086d4bdec6a727ce4b384ce040fda633.jpg,valid,1,False
79f4e495baca26738beef86cb33185c7-Copy_jpg.rf.969d22aea3ad923f1926724127fb47a9.jpg,train,SINGLE_79f4e495baca26738beef86cb33185c7-Copy_jpg.rf.969d22aea3ad923f1926724127fb47a9.jpg,valid,1,False
7b89017dc596f89add0284d36671e21d-Copy_jpg.rf.465c9cfc93c54d8232a5de3f45bdefb0.jpg,test,SINGLE_7b89017dc596f89add0284d36671e21d-Copy_jpg.rf.465c9cfc93c54d8232a5de3f45bdefb0.jpg,valid,1,False
7cfb52d66039f707c2a39eed8e9395e8-Copy_jpg.rf.93c8312d994380e70fbe818567f7c5e4.jpg,train,SINGLE_7cfb52d66039f707c2a39eed8e9395e8-Copy_jpg.rf.93c8312d994380e70fbe818567f7c5e4.jpg,test,1,False
7d8d47a28f031a2f2a5de4e9ddcfd4f9-Copy_jpg.rf.6ddae3618a6eb100b043a6730ddaeaec.jpg,valid,SINGLE_7d8d47a28f031a2f2a5de4e9ddcfd4f9-Copy_jpg.rf.6ddae3618a6eb100b043a6730ddaeaec.jpg,train,1,False
7e8987d97815ac92e40af23969d37b6d_jpg.rf.e9b6aeaab13338a7b44e6ed7e460fbcf.jpg,test,SINGLE_7e8987d97815ac92e40af23969d37b6d_jpg.rf.e9b6aeaab13338a7b44e6ed7e460fbcf.jpg,train,1,False
7fb92fe484957615d0cc11f9fd553f04_jpg.rf.eacad5e9cf52b89ca6a52937c744194e.jpg,train,SINGLE_7fb92fe484957615d0cc11f9fd553f04_jpg.rf.eacad5e9cf52b89ca6a52937c744194e.jpg,train,1,False
7fecb34e90cfdd30eb3fe79164dce4c6-Copy_jpg.rf.af4974b3efd5e4e93fededacb50c978a.jpg,train,SINGLE_7fecb34e90cfdd30eb3fe79164dce4c6-Copy_jpg.rf.af4974b3efd5e4e93fededacb50c978a.jpg,valid,1,False
81842e02a2b88474cf168d2e89fc1d30-Copy_jpg.rf.0710f97d730e30e20c2095a36106d3d2.jpg,test,SINGLE_81842e02a2b88474cf168d2e89fc1d30-Copy_jpg.rf.0710f97d730e30e20c2095a36106d3d2.jpg,valid,1,False
81d3071c8fb84aea6c753330a0c2a74d-Copy_jpg.rf.109c8b7837410e87f0c03f1f6d21d1f5.jpg,train,SINGLE_81d3071c8fb84aea6c753330a0c2a74d-Copy_jpg.rf.109c8b7837410e87f0c03f1f6d21d1f5.jpg,valid,1,False
8342eed2d92fca7228e9732d22ecf673-Copy-2-_jpg.rf.e1fca2b45563fb9516f8f7f8786be0c4.jpg,train,SINGLE_8342eed2d92fca7228e9732d22ecf673-Copy-2-_jpg.rf.e1fca2b45563fb9516f8f7f8786be0c4.jpg,test,1,False
83e6943e72db0525aa10b6d2c48accf0_jpg.rf.0d82fe914b3def90e4593570fb1a7fac.jpg,test,SINGLE_83e6943e72db0525aa10b6d2c48accf0_jpg.rf.0d82fe914b3def90e4593570fb1a7fac.jpg,valid,1,False
849b2ec6f8b8a6a998ec0b8f32c7fecd_jpg.rf.5b3a2c5212f0bb3a054b889921e2e919.jpg,train,SINGLE_849b2ec6f8b8a6a998ec0b8f32c7fecd_jpg.rf.5b3a2c5212f0bb3a054b889921e2e919.jpg,train,1,False
84ce84f5221f3f7c9682c2deb2b5ec8c_jpg.rf.2c898cb4f75b45059df5867b137a4f95.jpg,train,SINGLE_84ce84f5221f3f7c9682c2deb2b5ec8c_jpg.rf.2c898cb4f75b45059df5867b137a4f95.jpg,train,1,False
858de11184a0a2c5f0aa2fd6f2ab2055_jpg.rf.10d457e06bcf93671107b291bddcebd1.jpg,train,SINGLE_858de11184a0a2c5f0aa2fd6f2ab2055_jpg.rf.10d457e06bcf93671107b291bddcebd1.jpg,train,1,False
85c031b309e33385e14a6c47b735e9a2_jpg.rf.db68234017e316945eee4996f7395dbb.jpg,valid,SINGLE_85c031b309e33385e14a6c47b735e9a2_jpg.rf.db68234017e316945eee4996f7395dbb.jpg,train,2,False
86ef29704f2d54c6e5068ddb28d3ad1d-Copy_jpg.rf.da85e71567818de369694320fdc27bed.jpg,test,SINGLE_86ef29704f2d54c6e5068ddb28d3ad1d-Copy_jpg.rf.da85e71567818de369694320fdc27bed.jpg,valid,1,False
898e89760339366ed5451797043449a8_jpg.rf.25ac2650bb96fe516ab5a44adc166c0f.jpg,train,SINGLE_898e89760339366ed5451797043449a8_jpg.rf.25ac2650bb96fe516ab5a44adc166c0f.jpg,train,1,False
898eec2b4ad9d4dba72f74f4007e644b-Copy_jpg.rf.66840d174754f01b4a91f1692990b064.jpg,train,SINGLE_898eec2b4ad9d4dba72f74f4007e644b-Copy_jpg.rf.66840d174754f01b4a91f1692990b064.jpg,valid,1,False
89ffedf86bcae016dc47d225336bea2c_jpg.rf.afd93114b03cc10416db66680ee7add3.jpg,test,SINGLE_89ffedf86bcae016dc47d225336bea2c_jpg.rf.afd93114b03cc10416db66680ee7add3.jpg,train,1,False
8a210910355fa7d37737ad36acfacf96_jpg.rf.64dc05ef32ebbcaf8a3344326c446406.jpg,test,SINGLE_8a210910355fa7d37737ad36acfacf96_jpg.rf.64dc05ef32ebbcaf8a3344326c446406.jpg,valid,1,False
8b82ac3fee6777c470294e4855fa5163_jpg.rf.c57358f98727d23bb3990e9bbebed1b8.jpg,train,SINGLE_8b82ac3fee6777c470294e4855fa5163_jpg.rf.c57358f98727d23bb3990e9bbebed1b8.jpg,train,1,False
8e57678dca9bd1457f434d451dc7a484_jpg.rf.df4eb0e64ae7ff2f5231aca9116071f2.jpg,train,SINGLE_8e57678dca9bd1457f434d451dc7a484_jpg.rf.df4eb0e64ae7ff2f5231aca9116071f2.jpg,valid,1,False
8f0fca25bc3336cae618ee45f790488b_jpg.rf.d697754a25c2019a7b2cfccc83cf9781.jpg,train,SINGLE_8f0fca25bc3336cae618ee45f790488b_jpg.rf.d697754a25c2019a7b2cfccc83cf9781.jpg,valid,1,False
8f4099979759756165a3f64c3976b0e0-Copy_jpg.rf.a0afb283a7f78919ce5e3d2bef072485.jpg,train,SINGLE_8f4099979759756165a3f64c3976b0e0-Copy_jpg.rf.a0afb283a7f78919ce5e3d2bef072485.jpg,train,1,False
8f502de8d9390e8a73c55732e739f718_jpg.rf.fe3fe822de28b972306f069a1c7ebe2e.jpg,train,ND_0001,train,4,False
8fbf1291964b1c6f0adbbde337b9d5ef-Copy_jpg.rf.bb958d0aabbd5e1134f8f36b9442683b.jpg,test,SINGLE_8fbf1291964b1c6f0adbbde337b9d5ef-Copy_jpg.rf.bb958d0aabbd5e1134f8f36b9442683b.jpg,valid,1,False
91ebb2d20fb64512390fe8bc365944ab-Copy-2-_jpg.rf.107a2e8d0f12f74349057082ad2a16ee.jpg,train,SINGLE_91ebb2d20fb64512390fe8bc365944ab-Copy-2-_jpg.rf.107a2e8d0f12f74349057082ad2a16ee.jpg,test,1,False
93c555ce64f1fab69293e4f5631cbcce-Copy-2-_jpg.rf.3f3890cfe467aad3d0c341016c42ba77.jpg,test,SINGLE_93c555ce64f1fab69293e4f5631cbcce-Copy-2-_jpg.rf.3f3890cfe467aad3d0c341016c42ba77.jpg,valid,1,False
952c9d489a4376391098069dde605ff4-Copy_jpg.rf.b377902d055d5021b24459a4c049db85.jpg,train,SINGLE_952c9d489a4376391098069dde605ff4-Copy_jpg.rf.b377902d055d5021b24459a4c049db85.jpg,valid,1,False
95f300b6cdfccc43002b0b4391efcc89-Copy_jpg.rf.493800ab5305636a9c207ad2854f2166.jpg,train,SINGLE_95f300b6cdfccc43002b0b4391efcc89-Copy_jpg.rf.493800ab5305636a9c207ad2854f2166.jpg,valid,1,False
9674c858004b86eb5e31d50256e77705_jpg.rf.8cc29eadca1656785f077667eb79f920.jpg,train,SINGLE_9674c858004b86eb5e31d50256e77705_jpg.rf.8cc29eadca1656785f077667eb79f920.jpg,train,1,False
96bd4af03d7fadfa533e7da434c45962_jpg.rf.a95dbb8d7e45d470a8459684b6c602a1.jpg,valid,SINGLE_96bd4af03d7fadfa533e7da434c45962_jpg.rf.a95dbb8d7e45d470a8459684b6c602a1.jpg,test,1,False
97c46ea03ebf7108d0587b11e4cb3d23-Copy_jpg.rf.7e4d3596291bd0396a8e7b4a5b2c991e.jpg,train,SINGLE_97c46ea03ebf7108d0587b11e4cb3d23-Copy_jpg.rf.7e4d3596291bd0396a8e7b4a5b2c991e.jpg,test,1,False
986d901b1752cb344d90d41a018f4930-Copy_jpg.rf.6e3b6948c8877efdc29f6d6c4cca9b67.jpg,train,SINGLE_986d901b1752cb344d90d41a018f4930-Copy_jpg.rf.6e3b6948c8877efdc29f6d6c4cca9b67.jpg,valid,1,False
99f55cc0728ede9d4d24f7afde08b037-Copy-2-_jpg.rf.51c65bb99f13dc2f0e7e361216381871.jpg,test,SINGLE_99f55cc0728ede9d4d24f7afde08b037-Copy-2-_jpg.rf.51c65bb99f13dc2f0e7e361216381871.jpg,test,1,False
9e1e04f95254cfb02d87fe470c12c70b-Copy_jpg.rf.ad4ebeadee337d2d2559aac564f1ba68.jpg,train,SINGLE_9e1e04f95254cfb02d87fe470c12c70b-Copy_jpg.rf.ad4ebeadee337d2d2559aac564f1ba68.jpg,valid,1,False
9e32ad3c610a145c2aff263ba959ebaa-Copy-2-_jpg.rf.7fe2eee016c9caa872fc0a9248a2145a.jpg,valid,SINGLE_9e32ad3c610a145c2aff263ba959ebaa-Copy-2-_jpg.rf.7fe2eee016c9caa872fc0a9248a2145a.jpg,valid,1,False
9fb929be400c5002e2f0cd0337eb266b_jpg.rf.c819eca47bb236d4813cf60b0d9b1f36.jpg,test,SINGLE_9fb929be400c5002e2f0cd0337eb266b_jpg.rf.c819eca47bb236d4813cf60b0d9b1f36.jpg,valid,3,False
How-to-Maintain-Neutral-Spine-Copy-2-_jpg.rf.15a63020dfcbe373e79723aa6c3dbd3d.jpg,train,SINGLE_How-to-Maintain-Neutral-Spine-Copy-2-_jpg.rf.15a63020dfcbe373e79723aa6c3dbd3d.jpg,valid,1,False
How-to-sit-meditation-Copy-2-_jpg.rf.d1151bddc9ac6445789a020754264bb0.jpg,train,SINGLE_How-to-sit-meditation-Copy-2-_jpg.rf.d1151bddc9ac6445789a020754264bb0.jpg,valid,1,False
Posture-correction-sitting-2048x1161-Copy_jpg.rf.67e379290ca6ebb646ed4638e356f2f2.jpg,train,SINGLE_Posture-correction-sitting-2048x1161-Copy_jpg.rf.67e379290ca6ebb646ed4638e356f2f2.jpg,valid,3,False
Uk862ZxbaFujYS424qTfsP-Copy-2-_jpg.rf.8fce0c0856dad484aed71c1d52817861.jpg,test,SINGLE_Uk862ZxbaFujYS424qTfsP-Copy-2-_jpg.rf.8fce0c0856dad484aed71c1d52817861.jpg,valid,1,False
a0e4c9bc32937f24d184ab8297c010c7-Copy_jpg.rf.ca571112508e38448819b505ff10729e.jpg,train,SINGLE_a0e4c9bc32937f24d184ab8297c010c7-Copy_jpg.rf.ca571112508e38448819b505ff10729e.jpg,valid,1,False
a1bf02829610e90737b5f048b5e33d32-Copy_jpg.rf.e91e31cae2c9b96fbdb616c133aaaba8.jpg,train,SINGLE_a1bf02829610e90737b5f048b5e33d32-Copy_jpg.rf.e91e31cae2c9b96fbdb616c133aaaba8.jpg,test,1,False
a2b289bc83b7a4fd46328abc1128405d_jpg.rf.dcf1c3bec66ba974bd48c1163cb3e4b5.jpg,train,SINGLE_a2b289bc83b7a4fd46328abc1128405d_jpg.rf.dcf1c3bec66ba974bd48c1163cb3e4b5.jpg,train,2,False
a32266f248f948449f9c7dceb6b5292a_jpg.rf.8954aaf396de8d1e8c25447323309c3a.jpg,train,SINGLE_a32266f248f948449f9c7dceb6b5292a_jpg.rf.8954aaf396de8d1e8c25447323309c3a.jpg,valid,2,False
a39787e6425e2969fd41dd5084f48b58-Copy_jpg.rf.d5f0d75b547911f497cbf7fe671208c8.jpg,test,SINGLE_a39787e6425e2969fd41dd5084f48b58-Copy_jpg.rf.d5f0d75b547911f497cbf7fe671208c8.jpg,test,1,False
a661ffb01f95295449f9d5357024b13e_jpg.rf.58e2468e4ab71622dfaa6564cb083acb.jpg,train,SINGLE_a661ffb01f95295449f9d5357024b13e_jpg.rf.58e2468e4ab71622dfaa6564cb083acb.jpg,train,1,False
a67dcb23e4c2e37037f5bde07a53af1f-Copy_jpg.rf.a9a98c11f1cb129671a9136794e65b76.jpg,train,SINGLE_a67dcb23e4c2e37037f5bde07a53af1f-Copy_jpg.rf.a9a98c11f1cb129671a9136794e65b76.jpg,valid,1,False
a9d20aa2783b0cdec9ecb2794ba293f6_jpg.rf.0295454090581e54e46da15c8ea84560.jpg,train,SINGLE_a9d20aa2783b0cdec9ecb2794ba293f6_jpg.rf.0295454090581e54e46da15c8ea84560.jpg,valid,1,False
a9d891f191864702f024ae4342770987_jpg.rf.9e2d2f3ef484f5cf3280c121d17dc55d.jpg,train,SINGLE_a9d891f191864702f024ae4342770987_jpg.rf.9e2d2f3ef484f5cf3280c121d17dc55d.jpg,valid,2,False
ab7b2a592ffdd401c56928941f8da82c_jpg.rf.aa9635a406412e5820fcb4f9c3d45909.jpg,train,SINGLE_ab7b2a592ffdd401c56928941f8da82c_jpg.rf.aa9635a406412e5820fcb4f9c3d45909.jpg,valid,1,False
abcde4b64bd43fc40fb1074ee9dab339-Copy_jpg.rf.b541ee54383795e6ccb9d2325a95b1fa.jpg,train,SINGLE_abcde4b64bd43fc40fb1074ee9dab339-Copy_jpg.rf.b541ee54383795e6ccb9d2325a95b1fa.jpg,test,1,False
ac1ba8b24f47d2f3f9bf48048d2e30bb-Copy_jpg.rf.43501505a5bcec0f30218d14b9630b1e.jpg,test,SINGLE_ac1ba8b24f47d2f3f9bf48048d2e30bb-Copy_jpg.rf.43501505a5bcec0f30218d14b9630b1e.jpg,valid,1,False
ac76e47ce5febbecb8ae39dd5ae21474-Copy_jpg.rf.e2ff5c67a6a31a70f98cc646e04fc3b2.jpg,train,SINGLE_ac76e47ce5febbecb8ae39dd5ae21474-Copy_jpg.rf.e2ff5c67a6a31a70f98cc646e04fc3b2.jpg,valid,1,False
ac97be302e96fe2b06d6813335189dd7_jpg.rf.a797a646925b00890ad2fe80613fc5a8.jpg,train,SINGLE_ac97be302e96fe2b06d6813335189dd7_jpg.rf.a797a646925b00890ad2fe80613fc5a8.jpg,train,1,False
aca8a2544d5b8aee2672d0fe2470d2ed_jpg.rf.243ea5406477f9e8e43b20e640228138.jpg,train,SINGLE_aca8a2544d5b8aee2672d0fe2470d2ed_jpg.rf.243ea5406477f9e8e43b20e640228138.jpg,valid,1,False
ae991ba64b9c8d6dae8690ad6b3d081c-Copy_jpg.rf.f1f94b91a9163d6ba7133e4bacdd1e25.jpg,train,SINGLE_ae991ba64b9c8d6dae8690ad6b3d081c-Copy_jpg.rf.f1f94b91a9163d6ba7133e4bacdd1e25.jpg,test,1,False
b128cc384c711b81eb35bc8af1aa0e3b-Copy_jpg.rf.d2131938b14e564bc6b7803161acee4c.jpg,train,SINGLE_b128cc384c711b81eb35bc8af1aa0e3b-Copy_jpg.rf.d2131938b14e564bc6b7803161acee4c.jpg,test,1,False
b1a1b440cf8dde72bf0050fd51a5348a-Copy_jpg.rf.8d6e4342057f7f41ce19b690f76cfaba.jpg,train,SINGLE_b1a1b440cf8dde72bf0050fd51a5348a-Copy_jpg.rf.8d6e4342057f7f41ce19b690f76cfaba.jpg,valid,1,False
b343425a170baaa4b13d5da4e2a1dd58-Copy_jpg.rf.06eb8ea5646640e319dff331772f6dc3.jpg,train,SINGLE_b343425a170baaa4b13d5da4e2a1dd58-Copy_jpg.rf.06eb8ea5646640e319dff331772f6dc3.jpg,test,1,False
b401411a6b10217bba7fff0087d4ad5a-Copy_jpg.rf.6281c6804c6871b0db7f9a0981d83a1c.jpg,valid,SINGLE_b401411a6b10217bba7fff0087d4ad5a-Copy_jpg.rf.6281c6804c6871b0db7f9a0981d83a1c.jpg,test,1,False
b687c7fca4465fd3a16ec49e64b56613-Copy_jpg.rf.bb361bc8f6894886271cbe806935ad1d.jpg,train,SINGLE_b687c7fca4465fd3a16ec49e64b56613-Copy_jpg.rf.bb361bc8f6894886271cbe806935ad1d.jpg,test,1,False
b9c5f3e637dc92a1919e6e96fe2b5ee2_jpg.rf.0df0aed15163cbef693e69b4bb435eff.jpg,train,SINGLE_b9c5f3e637dc92a1919e6e96fe2b5ee2_jpg.rf.0df0aed15163cbef693e69b4bb435eff.jpg,train,1,False
bb8d22e4651148c458fdfca7e92d22f9_jpg.rf.cea3a98b1b592ca58b00039b83d7391a.jpg,test,SINGLE_bb8d22e4651148c458fdfca7e92d22f9_jpg.rf.cea3a98b1b592ca58b00039b83d7391a.jpg,train,1,False
bbba32a0604bc925cc7c0c82e83dadd9_jpg.rf.1c86d6c6428b8de320af63d3a9568444.jpg,test,SINGLE_bbba32a0604bc925cc7c0c82e83dadd9_jpg.rf.1c86d6c6428b8de320af63d3a9568444.jpg,train,2,False
bc18373311979c71fed00857b3a4a10c-Copy_jpg.rf.b05435656b5086bd9b6765255542bfc1.jpg,train,SINGLE_bc18373311979c71fed00857b3a4a10c-Copy_jpg.rf.b05435656b5086bd9b6765255542bfc1.jpg,test,1,False
bd4c7f8bebd96b6a55b75657d73e3a08-Copy_jpg.rf.865a1346cbd03ea1c423447d34059b11.jpg,train,SINGLE_bd4c7f8bebd96b6a55b75657d73e3a08-Copy_jpg.rf.865a1346cbd03ea1c423447d34059b11.jpg,valid,1,False
c0d976a7fa3cf85a18892bae31bc1b84-Copy_jpg.rf.7fbbf5b1426603cdd6f3d6dcccd71541.jpg,train,SINGLE_c0d976a7fa3cf85a18892bae31bc1b84-Copy_jpg.rf.7fbbf5b1426603cdd6f3d6dcccd71541.jpg,valid,1,True
c142feaefecfdb85382550c96a969304-Copy_jpg.rf.8b888a6ef444e877552590d3ebe10e73.jpg,train,SINGLE_c142feaefecfdb85382550c96a969304-Copy_jpg.rf.8b888a6ef444e877552590d3ebe10e73.jpg,test,1,False
c1caa2f841f17368b81c38f15447b8cf-Copy_jpg.rf.8c98ee068586133ee895e75ddcf13c48.jpg,train,SINGLE_c1caa2f841f17368b81c38f15447b8cf-Copy_jpg.rf.8c98ee068586133ee895e75ddcf13c48.jpg,valid,1,False
c2bc59cd78921a4811bca7253f33bf8a-Copy_jpg.rf.12ced5adb9a6bce6b41db068ae9ae52b.jpg,test,SINGLE_c2bc59cd78921a4811bca7253f33bf8a-Copy_jpg.rf.12ced5adb9a6bce6b41db068ae9ae52b.jpg,train,1,False
c36ad258bd18ccf9a724c9cfdbfa74007_jpg.rf.53ecfd7ccf57ceea4788be993ef8438b.jpg,valid,SINGLE_c36ad258bd18ccf9a724c9cfdbfa74007_jpg.rf.53ecfd7ccf57ceea4788be993ef8438b.jpg,valid,1,False
c68978748040ecf1b74bc3107b5d2bcb-Copy_jpg.rf.9087477bfbf3692ab0efb56c006d3139.jpg,train,SINGLE_c68978748040ecf1b74bc3107b5d2bcb-Copy_jpg.rf.9087477bfbf3692ab0efb56c006d3139.jpg,train,1,False
c6d1f57389e8f64ee15a5322e439df9e-Copy_jpg.rf.8e4471bb6cac6ae4feeda1069ea96a99.jpg,train,SINGLE_c6d1f57389e8f64ee15a5322e439df9e-Copy_jpg.rf.8e4471bb6cac6ae4feeda1069ea96a99.jpg,test,1,False
c9491ad49cea73d453803358b2508f57-Copy_jpg.rf.4b7499a5593dc29eb4de0c2f017c8f5b.jpg,valid,SINGLE_c9491ad49cea73d453803358b2508f57-Copy_jpg.rf.4b7499a5593dc29eb4de0c2f017c8f5b.jpg,valid,1,False
ca09442eac5a421002e9abbce5785282_jpg.rf.e12c30e19c0aec85fd60b4d674d48bc1.jpg,train,SINGLE_ca09442eac5a421002e9abbce5785282_jpg.rf.e12c30e19c0aec85fd60b4d674d48bc1.jpg,train,1,False
cbdd25e5fbc027fbd268ecbc9c497959_jpg.rf.1680ebf40ad5afdd392a876358f5911c.jpg,train,SINGLE_cbdd25e5fbc027fbd268ecbc9c497959_jpg.rf.1680ebf40ad5afdd392a876358f5911c.jpg,test,1,False
cd73af0a7e9bee5131375eedd7085d25-Copy_jpg.rf.23d6ec572e70e35874420ef6e3259027.jpg,valid,SINGLE_cd73af0a7e9bee5131375eedd7085d25-Copy_jpg.rf.23d6ec572e70e35874420ef6e3259027.jpg,train,1,False
cec46972cbef1a581b89ea0a19058678_jpg.rf.789e8b4874d5ada9dc694a9c5abaaff6.jpg,valid,SINGLE_cec46972cbef1a581b89ea0a19058678_jpg.rf.789e8b4874d5ada9dc694a9c5abaaff6.jpg,test,1,False
cf421be439fc0e9f75e370c21455c4e9-Copy_jpg.rf.7f60707b6b516dce08e0d06253198eee.jpg,valid,SINGLE_cf421be439fc0e9f75e370c21455c4e9-Copy_jpg.rf.7f60707b6b516dce08e0d06253198eee.jpg,valid,1,False
cfc535292780d25ef6711e326371fd44-Copy-2-_jpg.rf.f996d2dec6a99f36ed0ee2b87df84272.jpg,train,SINGLE_cfc535292780d25ef6711e326371fd44-Copy-2-_jpg.rf.f996d2dec6a99f36ed0ee2b87df84272.jpg,train,1,False
d13525dd5abd2e0bfacd61bc45026d28-Copy_jpg.rf.023c2f92edde79cfb2603188d3cda349.jpg,valid,SINGLE_d13525dd5abd2e0bfacd61bc45026d28-Copy_jpg.rf.023c2f92edde79cfb2603188d3cda349.jpg,test,1,False
d14f05abce90fb024fe06da8ddcf723e-Copy_jpg.rf.bed6a063e5ac3bd862965fc83f0a0fb0.jpg,valid,SINGLE_d14f05abce90fb024fe06da8ddcf723e-Copy_jpg.rf.bed6a063e5ac3bd862965fc83f0a0fb0.jpg,valid,1,False
d161f2786ecb34da296fd6a5f5e2f9b8-Copy_jpg.rf.0d977df8a0e3a71a15dd45b1456d169b.jpg,test,SINGLE_d161f2786ecb34da296fd6a5f5e2f9b8-Copy_jpg.rf.0d977df8a0e3a71a15dd45b1456d169b.jpg,test,1,False
d2551c12ee75b9801558fc5fc9aa6835-Copy_jpg.rf.b23b1aff26c060abfd7f17bb9ef2123b.jpg,train,SINGLE_d2551c12ee75b9801558fc5fc9aa6835-Copy_jpg.rf.b23b1aff26c060abfd7f17bb9ef2123b.jpg,test,1,False
d30ff00ccb4e7da517e131e7bb6911ac-Copy_jpg.rf.97156bdfdc5801f7cf64f4f1724ddfb7.jpg,train,SINGLE_d30ff00ccb4e7da517e131e7bb6911ac-Copy_jpg.rf.97156bdfdc5801f7cf64f4f1724ddfb7.jpg,valid,1,False
d331558d85678f525213c0fabe9cd385-Copy_jpg.rf.5d1fda43580888d35131e028caebc1fd.jpg,train,SINGLE_d331558d85678f525213c0fabe9cd385-Copy_jpg.rf.5d1fda43580888d35131e028caebc1fd.jpg,test,1,False
d410d40029f8109963184a7983921747-Copy-2-_jpg.rf.a773e387109f54b887ee226949cc10f8.jpg,train,SINGLE_d410d40029f8109963184a7983921747-Copy-2-_jpg.rf.a773e387109f54b887ee226949cc10f8.jpg,valid,1,False
d431ef6818d215d304c11efe5a8d485d_jpg.rf.f4c65b623ecc3197482189e109820891.jpg,train,SINGLE_d431ef6818d215d304c11efe5a8d485d_jpg.rf.f4c65b623ecc3197482189e109820891.jpg,train,1,False
d47bfdaf545091c1be93494644ea634d_jpg.rf.3427cbccab87faa602fc3c20ab16f2ec.jpg,train,SINGLE_d47bfdaf545091c1be93494644ea634d_jpg.rf.3427cbccab87faa602fc3c20ab16f2ec.jpg,train,2,False
d560297e87e162602cbb5a4731a65784_jpg.rf.0946e561e206b97bec98ab597f8f1c2a.jpg,train,SINGLE_d560297e87e162602cbb5a4731a65784_jpg.rf.0946e561e206b97bec98ab597f8f1c2a.jpg,train,1,False
d6a87d374f2a1d615f59eed5b6b38df4-Copy_jpg.rf.cfe76c4c6b0bf32c8d807149a6d4a338.jpg,test,SINGLE_d6a87d374f2a1d615f59eed5b6b38df4-Copy_jpg.rf.cfe76c4c6b0bf32c8d807149a6d4a338.jpg,valid,1,False
d6ed48520eb23c8108f497dba46154ed-Copy_jpg.rf.144603397b29ed24c456f46102829800.jpg,valid,SINGLE_d6ed48520eb23c8108f497dba46154ed-Copy_jpg.rf.144603397b29ed24c456f46102829800.jpg,test,1,False
d76754ef2c95e08e01c86403b703364f_jpg.rf.6786807d9538c9850d2c81808a052988.jpg,valid,SINGLE_d76754ef2c95e08e01c86403b703364f_jpg.rf.6786807d9538c9850d2c81808a052988.jpg,valid,1,False
d83d919d196e54927215e3e0ce4bbe73_jpg.rf.2a76505b3abf3e306b3eaf9cbd1881a7.jpg,train,SINGLE_d83d919d196e54927215e3e0ce4bbe73_jpg.rf.2a76505b3abf3e306b3eaf9cbd1881a7.jpg,valid,1,False
d974879dd06b5613537beedc5cfa1555-Copy_jpg.rf.b941e30c38c14548f3ca2d61a837ebc5.jpg,train,SINGLE_d974879dd06b5613537beedc5cfa1555-Copy_jpg.rf.b941e30c38c14548f3ca2d61a837ebc5.jpg,test,1,False
da0f01744cef05b9d5e6cbd18c0dfcaf-Copy_jpg.rf.1a9ff1ba78cd919210701c13f0214fff.jpg,train,SINGLE_da0f01744cef05b9d5e6cbd18c0dfcaf-Copy_jpg.rf.1a9ff1ba78cd919210701c13f0214fff.jpg,valid,1,False
da450f412176a127fba055c488836f04-Copy-2-_jpg.rf.d625a3a93d4c67ceabde1e833f2ec113.jpg,valid,SINGLE_da450f412176a127fba055c488836f04-Copy-2-_jpg.rf.d625a3a93d4c67ceabde1e833f2ec113.jpg,valid,1,False
db74ca092dbf7bd34c56125630300039-Copy_jpg.rf.66d918d05930c49e58c4893b58bbab44.jpg,train,SINGLE_db74ca092dbf7bd34c56125630300039-Copy_jpg.rf.66d918d05930c49e58c4893b58bbab44.jpg,test,2,False
dc363969c85546a62fa7a83449c00058-Copy_jpg.rf.4584b363d63661677a086d6266aa9c37.jpg,train,SINGLE_dc363969c85546a62fa7a83449c00058-Copy_jpg.rf.4584b363d63661677a086d6266aa9c37.jpg,valid,1,False
dd893ff77e5319d3bfa31f964a8bbef3-Copy_jpg.rf.012eaf3933dc91e04ec15aa05e8dee5a.jpg,valid,SINGLE_dd893ff77e5319d3bfa31f964a8bbef3-Copy_jpg.rf.012eaf3933dc91e04ec15aa05e8dee5a.jpg,valid,1,False
dedeb08b001858feb7812dcb0f5cf67d-Copy_jpg.rf.1ebcaa3ab9b507556781d03b482727e1.jpg,train,SINGLE_dedeb08b001858feb7812dcb0f5cf67d-Copy_jpg.rf.1ebcaa3ab9b507556781d03b482727e1.jpg,valid,1,True
df71d8ccc4340726edec1490867bf2b5_jpg.rf.8da49f91ab5020cc92cb42d2450a0dd9.jpg,train,SINGLE_df71d8ccc4340726edec1490867bf2b5_jpg.rf.8da49f91ab5020cc92cb42d2450a0dd9.jpg,train,1,False
dfec9db25da4c451e5fe8f32d856c863_jpg.rf.76251fa87322bc2592494573fae49b0a.jpg,train,SINGLE_dfec9db25da4c451e5fe8f32d856c863_jpg.rf.76251fa87322bc2592494573fae49b0a.jpg,train,1,False
dff3fe4cfcb4b4386de32392b2df634c_jpg.rf.1a9bf2f94805fedab1fc460285f68c4b.jpg,train,SINGLE_dff3fe4cfcb4b4386de32392b2df634c_jpg.rf.1a9bf2f94805fedab1fc460285f68c4b.jpg,train,1,False
download-1-Copy_jpg.rf.e291aa959ceaca5ddc3b31d3988b1f9b.jpg,test,SINGLE_download-1-Copy_jpg.rf.e291aa959ceaca5ddc3b31d3988b1f9b.jpg,valid,1,False
download-Copy-2-_jpg.rf.f256e926076799b28840df9f6c32fd2c.jpg,train,SINGLE_download-Copy-2-_jpg.rf.f256e926076799b28840df9f6c32fd2c.jpg,valid,1,False
e05314483d2996c4f28557bd514225a6_jpg.rf.076cc17b768110344549a619990f07a6.jpg,train,SINGLE_e05314483d2996c4f28557bd514225a6_jpg.rf.076cc17b768110344549a619990f07a6.jpg,train,1,False
e17fb7d70c00033624fd798cf8c18c6e-Copy_jpg.rf.5f14be5ea8bf1b34f935cdc4561a4c67.jpg,train,SINGLE_e17fb7d70c00033624fd798cf8c18c6e-Copy_jpg.rf.5f14be5ea8bf1b34f935cdc4561a4c67.jpg,valid,2,False
e25b7f05698b5236f71476766c37a1f9-Copy_jpg.rf.0b49b80f21e881617e864616a72fc219.jpg,train,SINGLE_e25b7f05698b5236f71476766c37a1f9-Copy_jpg.rf.0b49b80f21e881617e864616a72fc219.jpg,valid,1,False
e29e0a43c00012bd6fd1f5259e9bce5c-Copy_jpg.rf.a13b4accc017680d2358b99a9c754efa.jpg,train,SINGLE_e29e0a43c00012bd6fd1f5259e9bce5c-Copy_jpg.rf.a13b4accc017680d2358b99a9c754efa.jpg,valid,1,False
e5604a6624bedc3aeed64683825cd0c0-Copy_jpg.rf.4e0c03914fe5b0d9a62b6a78edf056f0.jpg,train,SINGLE_e5604a6624bedc3aeed64683825cd0c0-Copy_jpg.rf.4e0c03914fe5b0d9a62b6a78edf056f0.jpg,train,1,False
eb30355b4f2a6c8180104e5218f24051-Copy_jpg.rf.3ef04e10c91c0c6004a17bef99d707ef.jpg,valid,SINGLE_eb30355b4f2a6c8180104e5218f24051-Copy_jpg.rf.3ef04e10c91c0c6004a17bef99d707ef.jpg,test,1,False
eb81401aa31b0635f62e053833cc7443-Copy_jpg.rf.ef555feafc6c86a26c38f09dd6b2ca7f.jpg,train,SINGLE_eb81401aa31b0635f62e053833cc7443-Copy_jpg.rf.ef555feafc6c86a26c38f09dd6b2ca7f.jpg,valid,1,False
ec9c1402586471c07a8e6f58355d2787-Copy_jpg.rf.2bc01e16980d57f662365cdc34b78877.jpg,test,SINGLE_ec9c1402586471c07a8e6f58355d2787-Copy_jpg.rf.2bc01e16980d57f662365cdc34b78877.jpg,valid,1,False
ed25f52d26067ace9581553a3c4e3778_jpg.rf.d3dfa6e83c2ea86168f8cebae0db4c5b.jpg,valid,SINGLE_ed25f52d26067ace9581553a3c4e3778_jpg.rf.d3dfa6e83c2ea86168f8cebae0db4c5b.jpg,valid,1,False
ed47c4eae34245140bf78ec26d531755-Copy-2-_jpg.rf.d36776311b17d3c2497a7b9c07932fd6.jpg,train,SINGLE_ed47c4eae34245140bf78ec26d531755-Copy-2-_jpg.rf.d36776311b17d3c2497a7b9c07932fd6.jpg,valid,1,False
ee4768006ff50a644e8a6527315f6b79_jpg.rf.12b2f7f75376e2c9765d4bef0e59c440.jpg,test,SINGLE_ee4768006ff50a644e8a6527315f6b79_jpg.rf.12b2f7f75376e2c9765d4bef0e59c440.jpg,train,1,False
ef22e2258b249c12ed7d356d9763d6e3-Copy_jpg.rf.b459b262a8affa810dc4d58d11eabfa0.jpg,train,SINGLE_ef22e2258b249c12ed7d356d9763d6e3-Copy_jpg.rf.b459b262a8affa810dc4d58d11eabfa0.jpg,test,1,False
f087346802e1b07f6849dbfe8a5a538b-Copy_jpg.rf.e12dc36d92ed6e6535397cd2a0dccf6f.jpg,train,SINGLE_f087346802e1b07f6849dbfe8a5a538b-Copy_jpg.rf.e12dc36d92ed6e6535397cd2a0dccf6f.jpg,train,1,False
f09855e5cd54c62f84675476c12ec4e6_jpg.rf.41832fe1f6a3c7fcf2ab6eed65b0f022.jpg,train,SINGLE_f09855e5cd54c62f84675476c12ec4e6_jpg.rf.41832fe1f6a3c7fcf2ab6eed65b0f022.jpg,test,1,False
f37e2c1ed9d9aa63d998bd5a47267e67-Copy_jpg.rf.162c486239ffdb0af01af3ea1bdce381.jpg,test,SINGLE_f37e2c1ed9d9aa63d998bd5a47267e67-Copy_jpg.rf.162c486239ffdb0af01af3ea1bdce381.jpg,valid,1,False
f44c6ccd421750ad1c75b35d6b2ee4da_jpg.rf.2c652bccd2ca78d48a289e11cbe12891.jpg,train,SINGLE_f44c6ccd421750ad1c75b35d6b2ee4da_jpg.rf.2c652bccd2ca78d48a289e11cbe12891.jpg,train,1,False
f51df552cb413d9b48a554464edef3e9-Copy_jpg.rf.7eab833ff146ac5c7f0365bdcec2fd35.jpg,train,SINGLE_f51df552cb413d9b48a554464edef3e9-Copy_jpg.rf.7eab833ff146ac5c7f0365bdcec2fd35.jpg,train,1,False
f63330d769a8f44368f380945d2a1656_jpg.rf.ecdbe3b239d59be33f698fcb58aa7d96.jpg,train,SINGLE_f63330d769a8f44368f380945d2a1656_jpg.rf.ecdbe3b239d59be33f698fcb58aa7d96.jpg,train,1,False
f6e18f36f8f24f3d4f57011266eae634_jpg.rf.4421bffbf647494781b667b809395829.jpg,test,SINGLE_f6e18f36f8f24f3d4f57011266eae634_jpg.rf.4421bffbf647494781b667b809395829.jpg,train,2,False
f716e154978334ae2e295d599f94ce18-1-Copy_jpg.rf.227d7e3aaaa6f21158712804037bdea7.jpg,train,SINGLE_f716e154978334ae2e295d599f94ce18-1-Copy_jpg.rf.227d7e3aaaa6f21158712804037bdea7.jpg,test,1,False
f76cc9fd2cc3177ae5f2fbb0a6606f8d_jpg.rf.90b0297fb008e5372bd0bc01a4640712.jpg,test,SINGLE_f76cc9fd2cc3177ae5f2fbb0a6606f8d_jpg.rf.90b0297fb008e5372bd0bc01a4640712.jpg,valid,1,False
f96e0320bb76b43237861d629e025daa-1-_jpg.rf.8a4391d38ddbde7a8c529cd70c8301d4.jpg,valid,SINGLE_f96e0320bb76b43237861d629e025daa-1-_jpg.rf.8a4391d38ddbde7a8c529cd70c8301d4.jpg,train,1,False
fbdc06057eb3328ac3789a7d5ceea517-Copy_jpg.rf.6496d864bfa725134655337591a7cbd4.jpg,valid,SINGLE_fbdc06057eb3328ac3789a7d5ceea517-Copy_jpg.rf.6496d864bfa725134655337591a7cbd4.jpg,valid,1,False
fcc0c65a43d726d5a4cea47c25adf234-Copy_jpg.rf.153b47e46395a0c49859b6d0fe7f85f7.jpg,train,SINGLE_fcc0c65a43d726d5a4cea47c25adf234-Copy_jpg.rf.153b47e46395a0c49859b6d0fe7f85f7.jpg,valid,1,False
fd3c0a1d148c0464657d60fdbc00e435_jpg.rf.98b074d12f3a4ad746cbe1a45e9ab8c5.jpg,test,SINGLE_fd3c0a1d148c0464657d60fdbc00e435_jpg.rf.98b074d12f3a4ad746cbe1a45e9ab8c5.jpg,train,1,False
fdd6e467bfcad201d3cc6ac923ae829f-Copy_jpg.rf.492d6761226bba3de7e36ed23cfde0eb.jpg,train,SINGLE_fdd6e467bfcad201d3cc6ac923ae829f-Copy_jpg.rf.492d6761226bba3de7e36ed23cfde0eb.jpg,valid,1,False
ffa92358d37ea94935100c11ffe145126-Copy_jpg.rf.019f1226531163d41e06b56c57040ed1.jpg,train,SINGLE_ffa92358d37ea94935100c11ffe145126-Copy_jpg.rf.019f1226531163d41e06b56c57040ed1.jpg,valid,1,False
ffe663dd5674a2b0db9fb61cfbd00801_jpg.rf.f4981fb8d2a403c09511f42ed19d7f7b.jpg,train,SINGLE_ffe663dd5674a2b0db9fb61cfbd00801_jpg.rf.f4981fb8d2a403c09511f42ed19d7f7b.jpg,train,1,False
images-Copy-2-_jpg.rf.2714c13fd3f5aecb8eb37156df450263.jpg,train,SINGLE_images-Copy-2-_jpg.rf.2714c13fd3f5aecb8eb37156df450263.jpg,valid,1,False
images1-Copy-2-_jpg.rf.ce6ff2b9a588f026ab2d253787629b1f.jpg,train,SINGLE_images1-Copy-2-_jpg.rf.ce6ff2b9a588f026ab2d253787629b1f.jpg,valid,1,False
images2-Copy-2-_jpg.rf.513308aeac1aba699fb6c282f0b4a34b.jpg,train,SINGLE_images2-Copy-2-_jpg.rf.513308aeac1aba699fb6c282f0b4a34b.jpg,valid,1,False
images3-Copy-2-_jpg.rf.163073f9d943e6664faa7c6a3dfc75bf.jpg,train,SINGLE_images3-Copy-2-_jpg.rf.163073f9d943e6664faa7c6a3dfc75bf.jpg,valid,1,False
istockphoto-527344921-612x612-Copy-2-_jpg.rf.74c9d2b0604b847700bd2b773f3424b3.jpg,test,SINGLE_istockphoto-527344921-612x612-Copy-2-_jpg.rf.74c9d2b0604b847700bd2b773f3424b3.jpg,valid,1,False
person-with-good-posture-sitting-on-desk-with-laptop_Cr_DragonImages_envato-Copy-2-_jpg.rf.d139a4ce00accbfcdef8fb5e3d68ebf8.jpg,train,SINGLE_person-with-good-posture-sitting-on-desk-with-laptop_Cr_DragonImages_envato-Copy-2-_jpg.rf.d139a4ce00accbfcdef8fb5e3d68ebf8.jpg,test,1,False
posture-116-_jpg.rf.5c5893301c7459c23e66e38875c6822f.jpg,train,SINGLE_posture-116-_jpg.rf.5c5893301c7459c23e66e38875c6822f.jpg,valid,1,False
posture-124-_jpg.rf.3a5be28d07c87cb7240811ebc7467871.jpg,train,SINGLE_posture-124-_jpg.rf.3a5be28d07c87cb7240811ebc7467871.jpg,valid,1,False
posture-130-_jpg.rf.5ad6b0896214a83a060654edd34097cc.jpg,valid,SINGLE_posture-130-_jpg.rf.5ad6b0896214a83a060654edd34097cc.jpg,valid,1,False
posture-134-_jpg.rf.91a1795b3ca1d7bee058652a45d22b24.jpg,train,SINGLE_posture-134-_jpg.rf.91a1795b3ca1d7bee058652a45d22b24.jpg,valid,1,False
posture-140-_jpg.rf.5b1e87412e506e146360e59438144188.jpg,valid,SINGLE_posture-140-_jpg.rf.5b1e87412e506e146360e59438144188.jpg,valid,1,False
posture-153-_jpg.rf.b3bef02972d582d8d7a7c0972f594785.jpg,train,SINGLE_posture-153-_jpg.rf.b3bef02972d582d8d7a7c0972f594785.jpg,valid,1,False
posture-154-_jpg.rf.29f152c3da336483f6e4365513e6811e.jpg,valid,SINGLE_posture-154-_jpg.rf.29f152c3da336483f6e4365513e6811e.jpg,test,1,False
posture-177-_jpg.rf.5eb1f3df67fea97963e732c21e8c7541.jpg,train,SINGLE_posture-177-_jpg.rf.5eb1f3df67fea97963e732c21e8c7541.jpg,valid,1,False
posture-199-_jpg.rf.d2cef090b3d562bf0c95bc4dbe224dca.jpg,train,SINGLE_posture-199-_jpg.rf.d2cef090b3d562bf0c95bc4dbe224dca.jpg,valid,1,False
posture-233-_jpg.rf.7066d9a2ca67655a4d0e6241dece9659.jpg,train,SINGLE_posture-233-_jpg.rf.7066d9a2ca67655a4d0e6241dece9659.jpg,test,1,False
posture-250-_jpg.rf.7b303f4603a85492d978f281e8f7ba64.jpg,test,SINGLE_posture-250-_jpg.rf.7b303f4603a85492d978f281e8f7ba64.jpg,valid,1,False
posture-253-_jpg.rf.8d7b694bac7b5c2b461903d4b7b6e7e3.jpg,train,ND_0024,valid,1,False
posture-254-_jpg.rf.903ec44420bacd4623f79c0ba7397b21.jpg,train,ND_0024,valid,1,False
posture-266-_jpg.rf.c1b0605ccf3ae56d8e8d2f1fbb0c1a1f.jpg,valid,SINGLE_posture-266-_jpg.rf.c1b0605ccf3ae56d8e8d2f1fbb0c1a1f.jpg,valid,1,False
posture-277-_jpg.rf.29f20b282a59addabd1bb5dc64731928.jpg,test,SINGLE_posture-277-_jpg.rf.29f20b282a59addabd1bb5dc64731928.jpg,valid,1,False
posture-281-_jpg.rf.e849242ae8b497576395d659c73fddaf.jpg,valid,SINGLE_posture-281-_jpg.rf.e849242ae8b497576395d659c73fddaf.jpg,test,1,False
posture-284-_jpg.rf.32dad887c3d4991a016e4ef2439d213b.jpg,train,SINGLE_posture-284-_jpg.rf.32dad887c3d4991a016e4ef2439d213b.jpg,valid,1,False
posture-289-_jpg.rf.ae8092ca463b4bafb10a62503eb48518.jpg,train,SINGLE_posture-289-_jpg.rf.ae8092ca463b4bafb10a62503eb48518.jpg,valid,1,False
posture-293-_jpg.rf.c7734904a55dca695d9ecfa5b753e355.jpg,train,SINGLE_posture-293-_jpg.rf.c7734904a55dca695d9ecfa5b753e355.jpg,valid,1,False
posture-298-_jpg.rf.10fbf93f9567e50523f157e095271794.jpg,train,SINGLE_posture-298-_jpg.rf.10fbf93f9567e50523f157e095271794.jpg,valid,1,False
posture-299-_jpg.rf.cac5831ec89417da394c3c7b3558f21d.jpg,test,SINGLE_posture-299-_jpg.rf.cac5831ec89417da394c3c7b3558f21d.jpg,test,1,False
posture-307-_jpg.rf.174ee4dc081f5535d2f1f9d97592b301.jpg,train,SINGLE_posture-307-_jpg.rf.174ee4dc081f5535d2f1f9d97592b301.jpg,valid,1,False
posture-314-_jpg.rf.6acdd6bf569b3c8a2b346353c0ab4b27.jpg,test,SINGLE_posture-314-_jpg.rf.6acdd6bf569b3c8a2b346353c0ab4b27.jpg,valid,1,False
posture-332-_jpg.rf.445755fa5fb210168933ce7db0563105.jpg,test,SINGLE_posture-332-_jpg.rf.445755fa5fb210168933ce7db0563105.jpg,valid,1,False
posture-341-_jpg.rf.bb422cdcf4cbdd304533d8b196b9e8fc.jpg,train,ND_0002,valid,1,False
posture-364-_jpg.rf.b1df830a6f0daeaf643720c25719d158.jpg,train,SINGLE_posture-364-_jpg.rf.b1df830a6f0daeaf643720c25719d158.jpg,valid,1,False
posture-460-_jpg.rf.7ddfbcada67874837da6d99cee6429f0.jpg,valid,SINGLE_posture-460-_jpg.rf.7ddfbcada67874837da6d99cee6429f0.jpg,test,1,False
posture-496-_jpg.rf.8c22147098904f17466838acee64f8fa.jpg,train,SINGLE_posture-496-_jpg.rf.8c22147098904f17466838acee64f8fa.jpg,test,1,False
posture-507-_jpg.rf.8f66d4f2053db512062e2e8a0534d1d3.jpg,train,SINGLE_posture-507-_jpg.rf.8f66d4f2053db512062e2e8a0534d1d3.jpg,valid,1,False
posture-541-_jpg.rf.a5153dc1522dfa95abd1494b39b754af.jpg,train,SINGLE_posture-541-_jpg.rf.a5153dc1522dfa95abd1494b39b754af.jpg,valid,1,False
posture-592-_jpg.rf.ed71b21e546a671d9841b0ef75fc876c.jpg,train,SINGLE_posture-592-_jpg.rf.ed71b21e546a671d9841b0ef75fc876c.jpg,valid,1,False
posture-595-_jpg.rf.c96e545875de03847a81f9feedefe30b.jpg,train,SINGLE_posture-595-_jpg.rf.c96e545875de03847a81f9feedefe30b.jpg,valid,2,False
posture-615-_jpg.rf.8d7f6c727f84e4eb2e3cfaea5cf85d9c.jpg,train,SINGLE_posture-615-_jpg.rf.8d7f6c727f84e4eb2e3cfaea5cf85d9c.jpg,valid,1,False
posture-616-_jpg.rf.54aeb023a05db6acb203a006a6a929c6.jpg,test,SINGLE_posture-616-_jpg.rf.54aeb023a05db6acb203a006a6a929c6.jpg,valid,1,False
posture-62-_jpg.rf.4d460dcf66e4fa5430cd6d4494de20e2.jpg,valid,SINGLE_posture-62-_jpg.rf.4d460dcf66e4fa5430cd6d4494de20e2.jpg,valid,1,False
posture-631-_jpg.rf.f23c585ad2f3ed7afff42339c37f47fb.jpg,train,ND_0019,valid,1,False
posture-665-_jpg.rf.5b75a03650655b9e6d9e90054ff971ea.jpg,valid,SINGLE_posture-665-_jpg.rf.5b75a03650655b9e6d9e90054ff971ea.jpg,valid,1,False
proper-sitting-posture-at-desk-Copy-2-_jpg.rf.4daa4ecfea2a3fbcf50bd186cac86eee.jpg,train,ND_0002,valid,1,False
sipotion_1749636390966_good_posture_0_81_jpg.rf.5de3f5c1bf4c6af49cd20393d45dd6ea.jpg,train,ND_0016,test,1,False
sipotion_1749636392897_good_posture_0_88_jpg.rf.534d5657ee3d7e99e4778e567e50f86f.jpg,train,ND_0016,train,1,False
sipotion_1749636396471_good_posture_0_81_jpg.rf.04aea4cf15e94704603a60797b8bfb22.jpg,train,ND_0016,train,1,False
sipotion_1749636397809_good_posture_0_77_jpg.rf.b63043ebcc84a4664eb52765d294f722.jpg,test,SINGLE_sipotion_1749636397809_good_posture_0_77_jpg.rf.b63043ebcc84a4664eb52765d294f722.jpg,test,1,False
sipotion_1749637002402_leaning_forward_0_55_jpg.rf.8748aa4f545120cb5507355719d80643.jpg,train,ND_0015,test,1,False
sipotion_1749637004429_leaning_forward_0_73_jpg.rf.33ab2ee1b733a15ff7cea7d3fb584e9f.jpg,train,ND_0015,train,1,False
sipotion_1749637008612_leaning_forward_0_60_jpg.rf.8c5ec19c1891caddf56246ba0fe50d42.jpg,train,SINGLE_sipotion_1749637008612_leaning_forward_0_60_jpg.rf.8c5ec19c1891caddf56246ba0fe50d42.jpg,valid,1,False
sipotion_1749637011586_leaning_forward_0_45_jpg.rf.c46232a3c6bac0f11852d935cd1d735c.jpg,train,SINGLE_sipotion_1749637011586_leaning_forward_0_45_jpg.rf.c46232a3c6bac0f11852d935cd1d735c.jpg,train,1,False
sipotion_1749642772961_slouch_0_81_jpg.rf.606b5177cf7a067a95214f5804745d77.jpg,train,SINGLE_sipotion_1749642772961_slouch_0_81_jpg.rf.606b5177cf7a067a95214f5804745d77.jpg,valid,2,False
sipotion_1749642774253_leaning_forward_0_48_jpg.rf.7ee6346799ec7594ad7dca2c5b5dd9df.jpg,valid,SINGLE_sipotion_1749642774253_leaning_forward_0_48_jpg.rf.7ee6346799ec7594ad7dca2c5b5dd9df.jpg,train,1,False
sipotion_1749642775499_leaning_forward_0_70_jpg.rf.9875c6cfe98a700506bbffbb304ec449.jpg,valid,SINGLE_sipotion_1749642775499_leaning_forward_0_70_jpg.rf.9875c6cfe98a700506bbffbb304ec449.jpg,train,1,False
sipotion_1749642779298_slouch_0_86_jpg.rf.82e6cb6571934949d2bf677d36ba4c5c.jpg,train,SINGLE_sipotion_1749642779298_slouch_0_86_jpg.rf.82e6cb6571934949d2bf677d36ba4c5c.jpg,valid,1,False
sipotion_1749642781104_slouch_0_70_jpg.rf.990f668229f0c6c1066fa3467ae5a1a2.jpg,train,SINGLE_sipotion_1749642781104_slouch_0_70_jpg.rf.990f668229f0c6c1066fa3467ae5a1a2.jpg,train,1,False
sipotion_1749643396987_leaning_forward_0_70_jpg.rf.3cac18d462c4132841ec31cb17375bc8.jpg,train,SINGLE_sipotion_1749643396987_leaning_forward_0_70_jpg.rf.3cac18d462c4132841ec31cb17375bc8.jpg,valid,1,False
sipotion_1749643405698_leaning_forward_0_40_jpg.rf.0378da516ce1a91f4ed3d0a010168e8c.jpg,train,ND_0000,valid,1,False
sipotion_1749643406632_leaning_forward_0_55_jpg.rf.e61215c99298cdc791e1f78160e79c63.jpg,train,ND_0000,train,1,False
sipotion_1749643407582_leaning_forward_0_46_jpg.rf.1e9e36d323dd76bf5402f4ec107662d7.jpg,train,ND_0014,valid,1,False
sipotion_1749643409553_leaning_forward_0_53_jpg.rf.bad1b47de4a0ef545516855ef32811b4.jpg,train,ND_0014,train,1,False
sipotion_1749643410796_leaning_forward_0_57_jpg.rf.a5715283dd691af42ae48716b0d540c3.jpg,train,ND_0014,train,1,False
sipotion_1749645303944_slouch_0_58_jpg.rf.9e856dab488170bfc5f34093afec76a7.jpg,train,SINGLE_sipotion_1749645303944_slouch_0_58_jpg.rf.9e856dab488170bfc5f34093afec76a7.jpg,valid,1,False
sipotion_1749645306351_slouch_0_78_jpg.rf.2587ee695d28b37c105c63278983acda.jpg,train,SINGLE_sipotion_1749645306351_slouch_0_78_jpg.rf.2587ee695d28b37c105c63278983acda.jpg,train,1,False
sipotion_1749645312114_slouch_0_72_jpg.rf.e3d25d73aa5f4fa1bf58b82d342b0fb4.jpg,train,ND_0008,test,1,False
sipotion_1749645315512_slouch_0_72_jpg.rf.ef06daa7707260f80f6e8439325b9904.jpg,train,ND_0008,valid,1,False
sipotion_1749645589982_slouch_0_71_jpg.rf.80f5c486a73e4d22c75cdb855a5fcc51.jpg,train,ND_0022,train,1,False
sipotion_1749645592391_slouch_0_75_jpg.rf.47c8b0855c06191279205b95944322dc.jpg,train,ND_0022,train,1,False
sipotion_1749645595364_slouch_0_84_jpg.rf.4a21416230f7d636b3bb398ed9b80adf.jpg,train,SINGLE_sipotion_1749645595364_slouch_0_84_jpg.rf.4a21416230f7d636b3bb398ed9b80adf.jpg,train,1,False
sipotion_1749645791964_slouch_0_62_jpg.rf.1cb9b7c8672cf0cf814850fd9564f327.jpg,test,SINGLE_sipotion_1749645791964_slouch_0_62_jpg.rf.1cb9b7c8672cf0cf814850fd9564f327.jpg,valid,1,False
sipotion_1749645801741_leaning_forward_0_65_jpg.rf.6c57435fd1d80c5cf9b8be48e46a3f46.jpg,valid,SINGLE_sipotion_1749645801741_leaning_forward_0_65_jpg.rf.6c57435fd1d80c5cf9b8be48e46a3f46.jpg,train,2,False
sipotion_1749645827036_leaning_forward_0_89_jpg.rf.569ab7f92fd686ab01c2c4701d25d8b7.jpg,train,SINGLE_sipotion_1749645827036_leaning_forward_0_89_jpg.rf.569ab7f92fd686ab01c2c4701d25d8b7.jpg,valid,1,False
sipotion_1749645829233_good_posture_0_56_jpg.rf.b6cfa82b7dc4b9da9c57f7e76b36242b.jpg,train,SINGLE_sipotion_1749645829233_good_posture_0_56_jpg.rf.b6cfa82b7dc4b9da9c57f7e76b36242b.jpg,train,1,False
sipotion_1749645833337_good_posture_0_65_jpg.rf.6c77b35a27fd2740f55b09ca4354c93f.jpg,valid,SINGLE_sipotion_1749645833337_good_posture_0_65_jpg.rf.6c77b35a27fd2740f55b09ca4354c93f.jpg,train,1,False
sipotion_1749647352388_good_posture_0_69_jpg.rf.63cefee89431cffc795f140cf2d54232.jpg,valid,SINGLE_sipotion_1749647352388_good_posture_0_69_jpg.rf.63cefee89431cffc795f140cf2d54232.jpg,train,1,False
sipotion_1749648177533_good_posture_0_53_jpg.rf.be0b0689d14ca5bd9f5016d9b954fd71.jpg,valid,SINGLE_sipotion_1749648177533_good_posture_0_53_jpg.rf.be0b0689d14ca5bd9f5016d9b954fd71.jpg,valid,1,False
sipotion_1749648180037_leaning_forward_0_82_jpg.rf.f982d335b0f69c83b3389ec79d5c5988.jpg,test,SINGLE_sipotion_1749648180037_leaning_forward_0_82_jpg.rf.f982d335b0f69c83b3389ec79d5c5988.jpg,train,1,False
sipotion_1749648187026_good_posture_0_89_jpg.rf.0a35924b58722fbfbef4ae1101c6909d.jpg,train,SINGLE_sipotion_1749648187026_good_posture_0_89_jpg.rf.0a35924b58722fbfbef4ae1101c6909d.jpg,train,1,False
sipotion_1749648192602_good_posture_0_91_jpg.rf.69d313a1c3e285cf4c517efc1aaef251.jpg,train,SINGLE_sipotion_1749648192602_good_posture_0_91_jpg.rf.69d313a1c3e285cf4c517efc1aaef251.jpg,valid,1,False
sipotion_1749648193249_good_posture_0_88_jpg.rf.d95125fe1b20ef6376719179dc796b95.jpg,train,ND_0005,test,1,False
sipotion_1749648194709_good_posture_0_88_jpg.rf.ff6ecd0e88f04f84d359254ffea43115.jpg,train,ND_0005,train,1,False
sipotion_1749648197532_good_posture_0_85_jpg.rf.4c3fb000830d28832d727f4f11522af3.jpg,train,ND_0005,valid,1,False
sipotion_1749648202573_good_posture_0_87_jpg.rf.a8897cb1f8afafd69f7505d9b16d9434.jpg,train,ND_0005,valid,1,False
sipotion_1749648876198_leaning_forward_0_65_jpg.rf.1e46ee024b6af2cec059d62144c72406.jpg,train,SINGLE_sipotion_1749648876198_leaning_forward_0_65_jpg.rf.1e46ee024b6af2cec059d62144c72406.jpg,train,1,False
sipotion_1749648942786_leaning_forward_0_78_jpg.rf.c69ec708e875001702504f406db0b28b.jpg,train,SINGLE_sipotion_1749648942786_leaning_forward_0_78_jpg.rf.c69ec708e875001702504f406db0b28b.jpg,valid,1,False
sipotion_1749649786281_leaning_forward_0_86_jpg.rf.15510ce0c8edc6ba1493dfb6a0ac1cf7.jpg,train,SINGLE_sipotion_1749649786281_leaning_forward_0_86_jpg.rf.15510ce0c8edc6ba1493dfb6a0ac1cf7.jpg,train,1,False
sipotion_1749649795485_slouch_0_86_jpg.rf.2bd1d63d9950793142e53f13d0b12d45.jpg,train,SINGLE_sipotion_1749649795485_slouch_0_86_jpg.rf.2bd1d63d9950793142e53f13d0b12d45.jpg,train,1,False
sipotion_1749649826277_leaning_backward_0_86_jpg.rf.4a94dbd3c99df31514dd3ea5367a08af.jpg,train,ND_0012,train,1,False
sipotion_1749649829222_leaning_backward_0_85_jpg.rf.cd58771c8e0857e69e9ce39fbdab5729.jpg,train,ND_0012,train,1,False
sipotion_1749649831717_leaning_backward_0_87_jpg.rf.2da313649b27519ac1f868e961ef0bd3.jpg,train,SINGLE_sipotion_1749649831717_leaning_backward_0_87_jpg.rf.2da313649b27519ac1f868e961ef0bd3.jpg,train,1,False
sipotion_1749649834248_leaning_backward_0_78_jpg.rf.8fe0c8316c6bd2d090cf37d306b1ac92.jpg,test,SINGLE_sipotion_1749649834248_leaning_backward_0_78_jpg.rf.8fe0c8316c6bd2d090cf37d306b1ac92.jpg,train,1,False
sipotion_1749649836581_leaning_backward_0_85_jpg.rf.84665b23d097d08cf4bc1522012a3994.jpg,train,ND_0012,train,1,False
sipotion_1749649839187_leaning_backward_0_87_jpg.rf.28070e7c36d426da233d3d90b942d15b.jpg,train,ND_0012,train,1,False
sipotion_1749649847145_slouch_0_41_jpg.rf.b857cca51d4ba9f01dd2cadca5033cd5.jpg,train,SINGLE_sipotion_1749649847145_slouch_0_41_jpg.rf.b857cca51d4ba9f01dd2cadca5033cd5.jpg,train,1,False
sipotion_1749649849610_slouch_0_75_jpg.rf.d7e193c8ce1097a755ae423c374d6243.jpg,train,ND_0009,train,2,False
sipotion_1749649856675_slouch_0_83_jpg.rf.e9c576c3c6fa751c034cfc28488cd381.jpg,train,ND_0009,train,2,False
sipotion_1749649859977_slouch_0_63_jpg.rf.0f65919b3a0b364aae7a341726de0f7c.jpg,train,ND_0009,train,1,False
sipotion_1749649863538_good_posture_0_52_jpg.rf.deed709c8c6b02b3d7621e4c99a502bd.jpg,train,ND_0009,train,1,False
sipotion_1749649868548_slouch_0_86_jpg.rf.9eb0741bf441b370b5726c9d301c7017.jpg,train,ND_0009,train,1,False
sipotion_1749649871123_slouch_0_61_jpg.rf.c520a724a5d3ba60e60ae054eb4ab412.jpg,train,ND_0009,valid,1,False
sipotion_1749649872648_good_posture_0_83_jpg.rf.cf3c89f146a64438f4d19633eb2a575e.jpg,train,SINGLE_sipotion_1749649872648_good_posture_0_83_jpg.rf.cf3c89f146a64438f4d19633eb2a575e.jpg,train,1,False
sipotion_1749650397826_leaning_forward_0_85_jpg.rf.e024f6690122f97e3a50a6061403b7fa.jpg,train,ND_0017,test,1,False
sipotion_1749650401543_leaning_forward_0_58_jpg.rf.7725919671b206dd9e24898ab94209e1.jpg,train,ND_0017,train,1,False
sipotion_1749650402977_leaning_forward_0_93_jpg.rf.4afa8c96c80163e9e8c54209af77a6ef.jpg,train,SINGLE_sipotion_1749650402977_leaning_forward_0_93_jpg.rf.4afa8c96c80163e9e8c54209af77a6ef.jpg,train,1,False
sipotion_1749650541949_leaning_forward_0_45_jpg.rf.cb6a09f83bac171d310be3e1fd94cd5a.jpg,train,SINGLE_sipotion_1749650541949_leaning_forward_0_45_jpg.rf.cb6a09f83bac171d310be3e1fd94cd5a.jpg,train,1,False
sipotion_1749650550988_leaning_forward_0_68_jpg.rf.74c604a1b3da097a0be1a2d0b0d5fcf1.jpg,valid,SINGLE_sipotion_1749650550988_leaning_forward_0_68_jpg.rf.74c604a1b3da097a0be1a2d0b0d5fcf1.jpg,train,1,False
sipotion_1749650613542_good_posture_0_48_jpg.rf.88c93f2eb66d405595d48c06102e547b.jpg,test,SINGLE_sipotion_1749650613542_good_posture_0_48_jpg.rf.88c93f2eb66d405595d48c06102e547b.jpg,train,1,False
sipotion_1749650629537_leaning_forward_0_74_jpg.rf.6d3655b770b62b12fa689845607d8d52.jpg,train,SINGLE_sipotion_1749650629537_leaning_forward_0_74_jpg.rf.6d3655b770b62b12fa689845607d8d52.jpg,train,1,False
sipotion_1749658107689_good_posture_0_49_jpg.rf.8d048a3fe69ef93cc6880e7b77743be4.jpg,test,SINGLE_sipotion_1749658107689_good_posture_0_49_jpg.rf.8d048a3fe69ef93cc6880e7b77743be4.jpg,train,1,False
sipotion_1749658123570_leaning_forward_0_72_jpg.rf.f35f90a32ab0a7adf8d1c0a9c2c7d2c1.jpg,valid,SINGLE_sipotion_1749658123570_leaning_forward_0_72_jpg.rf.f35f90a32ab0a7adf8d1c0a9c2c7d2c1.jpg,train,1,False
sipotion_1749658126825_leaning_forward_0_61_jpg.rf.667d1ab0c2c9eea8e7d957242170dabf.jpg,train,SINGLE_sipotion_1749658126825_leaning_forward_0_61_jpg.rf.667d1ab0c2c9eea8e7d957242170dabf.jpg,test,1,False
sipotion_1749658134931_good_posture_0_65_jpg.rf.dad513f2a8cfae72dac4ed76364776e2.jpg,train,SINGLE_sipotion_1749658134931_good_posture_0_65_jpg.rf.dad513f2a8cfae72dac4ed76364776e2.jpg,train,1,False
sipotion_1749658140051_leaning_forward_0_82_jpg.rf.eb9f1e90789c80521a2a3a9a124d5265.jpg,train,SINGLE_sipotion_1749658140051_leaning_forward_0_82_jpg.rf.eb9f1e90789c80521a2a3a9a124d5265.jpg,valid,1,False
sipotion_1749658156542_leaning_forward_0_90_jpg.rf.d6b1d13fa2ccfe1354a54d41ed4ab00f.jpg,train,SINGLE_sipotion_1749658156542_leaning_forward_0_90_jpg.rf.d6b1d13fa2ccfe1354a54d41ed4ab00f.jpg,valid,1,False
sipotion_1749658158383_slouch_0_84_jpg.rf.8867e3bb4ae0f7302b7bfec06ae0ef1b.jpg,train,SINGLE_sipotion_1749658158383_slouch_0_84_jpg.rf.8867e3bb4ae0f7302b7bfec06ae0ef1b.jpg,valid,1,False
sipotion_1749658178359_good_posture_0_71_jpg.rf.0b2c683ee8e2ea563c0401cb9d803b45.jpg,test,SINGLE_sipotion_1749658178359_good_posture_0_71_jpg.rf.0b2c683ee8e2ea563c0401cb9d803b45.jpg,train,1,False
sipotion_1749658179885_leaning_backward_0_77_jpg.rf.65451d09227f37d20855036a157850fb.jpg,valid,SINGLE_sipotion_1749658179885_leaning_backward_0_77_jpg.rf.65451d09227f37d20855036a157850fb.jpg,train,1,False
sipotion_1749658182044_leaning_backward_0_72_jpg.rf.1bc096049c867da81b0527a855c1ac1c.jpg,test,SINGLE_sipotion_1749658182044_leaning_backward_0_72_jpg.rf.1bc096049c867da81b0527a855c1ac1c.jpg,train,1,False
sipotion_1749658183428_leaning_backward_0_84_jpg.rf.67b60dc14f6ad73062a4763d8a363675.jpg,valid,SINGLE_sipotion_1749658183428_leaning_backward_0_84_jpg.rf.67b60dc14f6ad73062a4763d8a363675.jpg,train,1,False
sipotion_1749658202114_leaning_forward_0_83_jpg.rf.978b4a18ab2f8bbefb179c24b2bac3aa.jpg,valid,SINGLE_sipotion_1749658202114_leaning_forward_0_83_jpg.rf.978b4a18ab2f8bbefb179c24b2bac3aa.jpg,train,1,False
sipotion_1749658241945_slouch_0_57_jpg.rf.e8abc4389f9eb095c15124cfc07ff936.jpg,valid,SINGLE_sipotion_1749658241945_slouch_0_57_jpg.rf.e8abc4389f9eb095c15124cfc07ff936.jpg,test,1,False
sipotion_1749658252268_slouch_0_77_jpg.rf.387f25fcd2db6cc42b9903d7913d641d.jpg,test,SINGLE_sipotion_1749658252268_slouch_0_77_jpg.rf.387f25fcd2db6cc42b9903d7913d641d.jpg,train,1,False
sipotion_1749658254428_slouch_0_70_jpg.rf.e829ba60054545ee54f71eac467af038.jpg,valid,SINGLE_sipotion_1749658254428_slouch_0_70_jpg.rf.e829ba60054545ee54f71eac467af038.jpg,train,1,False
sipotion_1749658256683_slouch_0_89_jpg.rf.9422c6312684d00af05a3f958c2f75c9.jpg,valid,SINGLE_sipotion_1749658256683_slouch_0_89_jpg.rf.9422c6312684d00af05a3f958c2f75c9.jpg,train,1,False
sipotion_1749658258832_slouch_0_91_jpg.rf.52eef3e58d32e9f4150a3afce05cb9c4.jpg,test,SINGLE_sipotion_1749658258832_slouch_0_91_jpg.rf.52eef3e58d32e9f4150a3afce05cb9c4.jpg,test,1,False
sipotion_1749658260259_good_posture_0_75_jpg.rf.b0baefd1f72572d466a67a8a03fc9d14.jpg,test,SINGLE_sipotion_1749658260259_good_posture_0_75_jpg.rf.b0baefd1f72572d466a67a8a03fc9d14.jpg,train,1,False
sipotion_1749658262311_slouch_0_73_jpg.rf.7b54b4a24c5d78c4be3e62406796273e.jpg,train,SINGLE_sipotion_1749658262311_slouch_0_73_jpg.rf.7b54b4a24c5d78c4be3e62406796273e.jpg,train,1,False
sipotion_1749658269783_slouch_0_83_jpg.rf.7393f3c2b6ef30f8d760ffd841976a21.jpg,valid,SINGLE_sipotion_1749658269783_slouch_0_83_jpg.rf.7393f3c2b6ef30f8d760ffd841976a21.jpg,valid,1,False
sipotion_1749658273577_good_posture_0_72_jpg.rf.486224dc355378e655413def1352e9ff.jpg,train,SINGLE_sipotion_1749658273577_good_posture_0_72_jpg.rf.486224dc355378e655413def1352e9ff.jpg,train,1,False
sipotion_1749658292929_good_posture_0_62_jpg.rf.368417eeca183159a0e84f1479117699.jpg,train,SINGLE_sipotion_1749658292929_good_posture_0_62_jpg.rf.368417eeca183159a0e84f1479117699.jpg,train,1,False
sipotion_1749658299486_leaning_backward_0_77_jpg.rf.90dbac00dbd0b79961482696ea1899c6.jpg,test,SINGLE_sipotion_1749658299486_leaning_backward_0_77_jpg.rf.90dbac00dbd0b79961482696ea1899c6.jpg,train,1,False
sipotion_1749658301936_slouch_0_79_jpg.rf.e7bd06bec199f15de2fa1e96742d9a0f.jpg,train,ND_0020,train,1,False
sipotion_1749658304298_leaning_backward_0_52_jpg.rf.084f3777200bf03fe8225235bfcee008.jpg,train,ND_0020,train,1,False
sipotion_1749658307508_slouch_0_76_jpg.rf.a2c574cac241e5380c06e63df693ecf1.jpg,train,ND_0007,test,1,False
sipotion_1749658310237_slouch_0_76_jpg.rf.c3e02bf96476c3a1be25d71d3b430f11.jpg,test,SINGLE_sipotion_1749658310237_slouch_0_76_jpg.rf.c3e02bf96476c3a1be25d71d3b430f11.jpg,valid,1,False
sipotion_1749658311807_slouch_0_74_jpg.rf.399b0950824c9782f513d05e1bae9f2a.jpg,train,ND_0007,train,1,False
sipotion_1749658319239_slouch_0_84_jpg.rf.090668f4888fec33e67f0f2da8d5b0b3.jpg,train,SINGLE_sipotion_1749658319239_slouch_0_84_jpg.rf.090668f4888fec33e67f0f2da8d5b0b3.jpg,valid,1,False
sipotion_1749658329483_slouch_0_89_jpg.rf.70fb600356b6454cd495896e0897ddc3.jpg,test,SINGLE_sipotion_1749658329483_slouch_0_89_jpg.rf.70fb600356b6454cd495896e0897ddc3.jpg,train,1,False
sipotion_1749658369570_slouch_0_47_jpg.rf.5735dc197b207d75bec003a5ccaf0ed4.jpg,valid,SINGLE_sipotion_1749658369570_slouch_0_47_jpg.rf.5735dc197b207d75bec003a5ccaf0ed4.jpg,train,1,False
sipotion_1749658371195_good_posture_0_71_jpg.rf.222e5d7d63c39acd3780ce4cfbf31ca5.jpg,train,SINGLE_sipotion_1749658371195_good_posture_0_71_jpg.rf.222e5d7d63c39acd3780ce4cfbf31ca5.jpg,train,1,False
sipotion_1749658385294_good_posture_0_48_jpg.rf.88c632f00cc0674fffeb088892049e88.jpg,valid,SINGLE_sipotion_1749658385294_good_posture_0_48_jpg.rf.88c632f00cc0674fffeb088892049e88.jpg,train,1,False
sipotion_1749658387145_good_posture_0_65_jpg.rf.d9266bf92b18319cbf2881749c1961ab.jpg,train,SINGLE_sipotion_1749658387145_good_posture_0_65_jpg.rf.d9266bf92b18319cbf2881749c1961ab.jpg,train,1,False
sipotion_1749658412228_good_posture_0_74_jpg.rf.2b89b69ad4f12c9686a9ffeb8f8943a6.jpg,train,SINGLE_sipotion_1749658412228_good_posture_0_74_jpg.rf.2b89b69ad4f12c9686a9ffeb8f8943a6.jpg,train,1,False
sipotion_1749658418267_slouch_0_79_jpg.rf.9a36e8883a15711843e135f72ae05c0b.jpg,train,SINGLE_sipotion_1749658418267_slouch_0_79_jpg.rf.9a36e8883a15711843e135f72ae05c0b.jpg,test,1,False
sipotion_1749658420718_slouch_0_86_jpg.rf.0a487d7a73f184cecb1c439794562d54.jpg,train,ND_0023,train,1,False
sipotion_1749658422979_slouch_0_86_jpg.rf.f9bc69c200b78a51ff3aec363fdd95ee.jpg,train,SINGLE_sipotion_1749658422979_slouch_0_86_jpg.rf.f9bc69c200b78a51ff3aec363fdd95ee.jpg,train,1,False
sipotion_1749658425432_slouch_0_91_jpg.rf.94f2f2e1b3960d9b8e7a1cdc953334ca.jpg,train,ND_0023,train,1,False
sipotion_1749658430249_slouch_0_70_jpg.rf.298a5b5e116427d2f8d69c10e4f101ad.jpg,train,SINGLE_sipotion_1749658430249_slouch_0_70_jpg.rf.298a5b5e116427d2f8d69c10e4f101ad.jpg,valid,1,False
sipotion_1749658433630_good_posture_0_77_jpg.rf.9fa58e32268ca4cc678cc457054fd15f.jpg,valid,SINGLE_sipotion_1749658433630_good_posture_0_77_jpg.rf.9fa58e32268ca4cc678cc457054fd15f.jpg,train,1,False
sipotion_1749658437008_good_posture_0_50_jpg.rf.0d4a07889670840df7aa618b41c39ed7.jpg,train,SINGLE_sipotion_1749658437008_good_posture_0_50_jpg.rf.0d4a07889670840df7aa618b41c39ed7.jpg,train,1,False
sipotion_1749658439192_slouch_0_82_jpg.rf.3c8d6b52423695101c34de965ad5e505.jpg,train,SINGLE_sipotion_1749658439192_slouch_0_82_jpg.rf.3c8d6b52423695101c34de965ad5e505.jpg,valid,1,False
sipotion_1749658442127_good_posture_0_53_jpg.rf.bd7378953f28490c8dd013edd3900395.jpg,train,SINGLE_sipotion_1749658442127_good_posture_0_53_jpg.rf.bd7378953f28490c8dd013edd3900395.jpg,train,1,False
sipotion_1749658444481_slouch_0_84_jpg.rf.a1b59925b03d9be1740593517fe2d471.jpg,train,SINGLE_sipotion_1749658444481_slouch_0_84_jpg.rf.a1b59925b03d9be1740593517fe2d471.jpg,valid,1,False
sipotion_1749658446733_slouch_0_88_jpg.rf.fa7237aee7f3991d0c780b7c1769dc7f.jpg,train,ND_0018,train,1,False
sipotion_1749658448988_slouch_0_84_jpg.rf.e6660bf5603a631393da8704825aca30.jpg,train,ND_0018,train,1,False
sipotion_1749658451280_slouch_0_45_jpg.rf.79d512df7379b09b8de23731761d3e09.jpg,train,SINGLE_sipotion_1749658451280_slouch_0_45_jpg.rf.79d512df7379b09b8de23731761d3e09.jpg,train,1,False
sipotion_1749658453496_slouch_0_83_jpg.rf.e7945d0845d76abd1ac0e26c83281481.jpg,train,SINGLE_sipotion_1749658453496_slouch_0_83_jpg.rf.e7945d0845d76abd1ac0e26c83281481.jpg,train,1,False
sipotion_1749658455036_slouch_0_43_jpg.rf.feaa278ef66d6681eced3afb003db418.jpg,valid,SINGLE_sipotion_1749658455036_slouch_0_43_jpg.rf.feaa278ef66d6681eced3afb003db418.jpg,train,1,False
sipotion_1749658458320_slouch_0_78_jpg.rf.a185d3ad24d2248935e1fc4f18243fb1.jpg,train,SINGLE_sipotion_1749658458320_slouch_0_78_jpg.rf.a185d3ad24d2248935e1fc4f18243fb1.jpg,train,1,False
sipotion_1749658459865_slouch_0_77_jpg.rf.b649ccceecb386a992e3f4c2e06526e6.jpg,train,SINGLE_sipotion_1749658459865_slouch_0_77_jpg.rf.b649ccceecb386a992e3f4c2e06526e6.jpg,train,1,False
sipotion_1749658482775_leaning_forward_0_64_jpg.rf.09b4ef1782f036eef90c7828647a1d4e.jpg,train,SINGLE_sipotion_1749658482775_leaning_forward_0_64_jpg.rf.09b4ef1782f036eef90c7828647a1d4e.jpg,train,1,False
sipotion_1749658486061_leaning_backward_0_40_jpg.rf.b92d89866e2f6478ebdc1868b1440364.jpg,train,SINGLE_sipotion_1749658486061_leaning_backward_0_40_jpg.rf.b92d89866e2f6478ebdc1868b1440364.jpg,train,1,False
sipotion_1749658504608_slouch_0_56_jpg.rf.2f89a4b62a0fec14a74286edfe4e60a3.jpg,test,SINGLE_sipotion_1749658504608_slouch_0_56_jpg.rf.2f89a4b62a0fec14a74286edfe4e60a3.jpg,train,1,False
sipotion_1749658506358_slouch_0_42_jpg.rf.aa5f6264890fec0d637c7896e884888e.jpg,train,SINGLE_sipotion_1749658506358_slouch_0_42_jpg.rf.aa5f6264890fec0d637c7896e884888e.jpg,train,1,False
sipotion_1749658557209_slouch_0_40_jpg.rf.26dbbbf14197dddb074a86193aad0451.jpg,train,SINGLE_sipotion_1749658557209_slouch_0_40_jpg.rf.26dbbbf14197dddb074a86193aad0451.jpg,train,1,False
sipotion_1749658563677_leaning_backward_0_60_jpg.rf.3ebf8947b4df6a069dc4b7b4885c96a9.jpg,train,ND_0006,valid,1,False
sipotion_1749658565923_leaning_backward_0_48_jpg.rf.5d629b9310988b99b2cc459b88c3c98c.jpg,train,SINGLE_sipotion_1749658565923_leaning_backward_0_48_jpg.rf.5d629b9310988b99b2cc459b88c3c98c.jpg,train,1,False
sipotion_1749658568490_leaning_backward_0_44_jpg.rf.ee5163d16e021b829c2fe3c59a192f63.jpg,train,ND_0006,valid,1,False
sipotion_1749658572805_leaning_backward_0_69_jpg.rf.ea8a89d11a8318e55f9f874927804a5a.jpg,train,SINGLE_sipotion_1749658572805_leaning_backward_0_69_jpg.rf.ea8a89d11a8318e55f9f874927804a5a.jpg,valid,1,False
sipotion_1749658575353_slouch_0_55_jpg.rf.e7d938919df651e030ad7435eef42c9c.jpg,test,SINGLE_sipotion_1749658575353_slouch_0_55_jpg.rf.e7d938919df651e030ad7435eef42c9c.jpg,valid,1,False
sipotion_1749658590712_slouch_0_46_jpg.rf.364261f6f1ce4d8d72f53bd7b1b356dd.jpg,train,SINGLE_sipotion_1749658590712_slouch_0_46_jpg.rf.364261f6f1ce4d8d72f53bd7b1b356dd.jpg,valid,1,False
sipotion_1749658592179_leaning_backward_0_57_jpg.rf.1b646c04b560cc80de3c69720e0dce9e.jpg,train,ND_0021,train,1,False
sipotion_1749658594702_slouch_0_54_jpg.rf.6757b893848cd64a8014a28506a4fb36.jpg,train,ND_0021,train,1,False
sipotion_1749658601907_leaning_backward_0_52_jpg.rf.fe8e636369912d319f8aff30480b87e4.jpg,train,SINGLE_sipotion_1749658601907_leaning_backward_0_52_jpg.rf.fe8e636369912d319f8aff30480b87e4.jpg,train,1,False
sipotion_1749658604526_leaning_backward_0_60_jpg.rf.28bd337d87ccc2a59e1ceb3152c9ead0.jpg,train,SINGLE_sipotion_1749658604526_leaning_backward_0_60_jpg.rf.28bd337d87ccc2a59e1ceb3152c9ead0.jpg,train,1,False
sipotion_1749658606791_leaning_backward_0_72_jpg.rf.60cba1fc77dcd58e22079cef470a8ba0.jpg,train,SINGLE_sipotion_1749658606791_leaning_backward_0_72_jpg.rf.60cba1fc77dcd58e22079cef470a8ba0.jpg,valid,1,False
sipotion_1749658608416_slouch_0_65_jpg.rf.7b30b884c027ee627a7e1057b00a19d4.jpg,test,SINGLE_sipotion_1749658608416_slouch_0_65_jpg.rf.7b30b884c027ee627a7e1057b00a19d4.jpg,test,1,False
sipotion_1749658611290_slouch_0_86_jpg.rf.9135a1b53a553e487a0a1bd646aac75d.jpg,train,SINGLE_sipotion_1749658611290_slouch_0_86_jpg.rf.9135a1b53a553e487a0a1bd646aac75d.jpg,train,1,False
sipotion_1749658613751_slouch_0_63_jpg.rf.68844549248df3021b9170c9d4c67cfc.jpg,train,SINGLE_sipotion_1749658613751_slouch_0_63_jpg.rf.68844549248df3021b9170c9d4c67cfc.jpg,train,1,False
sipotion_1749658614520_slouch_0_60_jpg.rf.bc0ca6bd5946aeba5e2abab7936d905b.jpg,train,SINGLE_sipotion_1749658614520_slouch_0_60_jpg.rf.bc0ca6bd5946aeba5e2abab7936d905b.jpg,train,1,False
sipotion_1749658615050_slouch_0_60_jpg.rf.4a184b2300e491beea6d79446a813258.jpg,train,SINGLE_sipotion_1749658615050_slouch_0_60_jpg.rf.4a184b2300e491beea6d79446a813258.jpg,test,1,False
sipotion_1749658630751_good_posture_0_89_jpg.rf.40e51137a805eb181f933df08805e96d.jpg,valid,SINGLE_sipotion_1749658630751_good_posture_0_89_jpg.rf.40e51137a805eb181f933df08805e96d.jpg,train,1,False
sipotion_1749658634338_good_posture_0_84_jpg.rf.163e76fafaae7ca6e2c0ffaad7d56b91.jpg,train,SINGLE_sipotion_1749658634338_good_posture_0_84_jpg.rf.163e76fafaae7ca6e2c0ffaad7d56b91.jpg,train,1,False
sipotion_1749658636068_slouch_0_58_jpg.rf.ed71a27d8249e802914aafd785df9e9f.jpg,train,SINGLE_sipotion_1749658636068_slouch_0_58_jpg.rf.ed71a27d8249e802914aafd785df9e9f.jpg,test,1,False
sipotion_1749658638019_good_posture_0_45_jpg.rf.5ec32f364f88c7aa5479128056bf4a31.jpg,train,SINGLE_sipotion_1749658638019_good_posture_0_45_jpg.rf.5ec32f364f88c7aa5479128056bf4a31.jpg,train,1,False
sipotion_1749658641704_good_posture_0_77_jpg.rf.4118283b9b55f366438b3eaa09f7b3ab.jpg,train,SINGLE_sipotion_1749658641704_good_posture_0_77_jpg.rf.4118283b9b55f366438b3eaa09f7b3ab.jpg,train,1,False
sipotion_1749658643366_slouch_0_75_jpg.rf.dec505548c56b3ecbeae3f29fd807e10.jpg,train,SINGLE_sipotion_1749658643366_slouch_0_75_jpg.rf.dec505548c56b3ecbeae3f29fd807e10.jpg,train,1,False
sipotion_1749658646618_leaning_forward_0_44_jpg.rf.db03a5bbda086c6decd82cb710242f43.jpg,test,SINGLE_sipotion_1749658646618_leaning_forward_0_44_jpg.rf.db03a5bbda086c6decd82cb710242f43.jpg,train,1,False
sipotion_1749658648868_good_posture_0_66_jpg.rf.30960e8ce39c1dd04f1023ed2a3f83a6.jpg,train,SINGLE_sipotion_1749658648868_good_posture_0_66_jpg.rf.30960e8ce39c1dd04f1023ed2a3f83a6.jpg,train,1,False
sipotion_1749658650304_slouch_0_87_jpg.rf.da14f4a0fce49e4a8eddd2817d296759.jpg,train,SINGLE_sipotion_1749658650304_slouch_0_87_jpg.rf.da14f4a0fce49e4a8eddd2817d296759.jpg,train,1,False
sipotion_1749658652880_slouch_0_76_jpg.rf.f8cd8fd3375b3b21681716a0afbfe08c.jpg,train,ND_0003,train,1,False
sipotion_1749658655732_slouch_0_84_jpg.rf.1f9fd59ce28a9a5e82b4145d14b1f3d2.jpg,train,SINGLE_sipotion_1749658655732_slouch_0_84_jpg.rf.1f9fd59ce28a9a5e82b4145d14b1f3d2.jpg,train,1,False
sipotion_1749658658497_slouch_0_81_jpg.rf.d38860f50cefb5975a94f695f947d3d2.jpg,train,ND_0003,train,1,False
sipotion_1749658790180_good_posture_0_76_jpg.rf.dfed0e4854ef75d39bd90c8e3dd3e72d.jpg,valid,SINGLE_sipotion_1749658790180_good_posture_0_76_jpg.rf.dfed0e4854ef75d39bd90c8e3dd3e72d.jpg,train,1,False
sipotion_1749658792534_good_posture_0_72_jpg.rf.980442380fc848cd5a8a4c52127591de.jpg,train,ND_0010,valid,1,False
sipotion_1749658795005_good_posture_0_45_jpg.rf.754a0c9e4cb6913e56457ffbfdf289e3.jpg,train,ND_0010,train,1,False
sipotion_1749658800943_slouch_0_62_jpg.rf.dcbb7a03bd69d8cfd4bf624d2a9808b9.jpg,train,SINGLE_sipotion_1749658800943_slouch_0_62_jpg.rf.dcbb7a03bd69d8cfd4bf624d2a9808b9.jpg,valid,1,False
sipotion_1749658804428_slouch_0_64_jpg.rf.e97e3fcb031d4e23d8e4181e0fd7dfb7.jpg,train,SINGLE_sipotion_1749658804428_slouch_0_64_jpg.rf.e97e3fcb031d4e23d8e4181e0fd7dfb7.jpg,test,1,False
sipotion_1749658821418_leaning_forward_0_82_jpg.rf.90d587caac573624e6e55cf7cd0ba7f9.jpg,train,SINGLE_sipotion_1749658821418_leaning_forward_0_82_jpg.rf.90d587caac573624e6e55cf7cd0ba7f9.jpg,test,1,False
sipotion_1749658822870_good_posture_0_66_jpg.rf.0296849beadd39a422d97f2f098b9a5c.jpg,train,SINGLE_sipotion_1749658822870_good_posture_0_66_jpg.rf.0296849beadd39a422d97f2f098b9a5c.jpg,train,1,False
sipotion_1749658828803_leaning_forward_0_75_jpg.rf.8b56297a19cec1982cc64432b1fd96b0.jpg,test,SINGLE_sipotion_1749658828803_leaning_forward_0_75_jpg.rf.8b56297a19cec1982cc64432b1fd96b0.jpg,train,1,False
sipotion_1749658833293_leaning_forward_0_66_jpg.rf.e66038de18f08b2535039ce514d0229c.jpg,train,SINGLE_sipotion_1749658833293_leaning_forward_0_66_jpg.rf.e66038de18f08b2535039ce514d0229c.jpg,test,1,False
sipotion_1749658834856_leaning_backward_0_69_jpg.rf.4eef4b81e703fae8f97f7fd5a128b697.jpg,train,SINGLE_sipotion_1749658834856_leaning_backward_0_69_jpg.rf.4eef4b81e703fae8f97f7fd5a128b697.jpg,train,1,False
sipotion_1749660902542_leaning_forward_0_85_jpg.rf.591245f96b3ae4a4d8c684b9bddff4ea.jpg,train,SINGLE_sipotion_1749660902542_leaning_forward_0_85_jpg.rf.591245f96b3ae4a4d8c684b9bddff4ea.jpg,train,1,False
sipotion_1749660905991_leaning_forward_0_88_jpg.rf.544e696145c41c1edf921fe5f8bf1973.jpg,train,ND_0011,valid,1,False
sipotion_1749660908457_leaning_forward_0_83_jpg.rf.23059baeaa1c8fb0704256e77e38083a.jpg,train,ND_0011,train,1,False
sipotion_1749660912234_leaning_forward_0_72_jpg.rf.cf9a4247c1342de3f91b68c9e4a67a32.jpg,test,SINGLE_sipotion_1749660912234_leaning_forward_0_72_jpg.rf.cf9a4247c1342de3f91b68c9e4a67a32.jpg,test,1,False
sipotion_1749660914798_leaning_forward_0_92_jpg.rf.13ad6cb48abfb2fadc35b9456f639a24.jpg,train,SINGLE_sipotion_1749660914798_leaning_forward_0_92_jpg.rf.13ad6cb48abfb2fadc35b9456f639a24.jpg,train,1,False
sipotion_1749660918279_leaning_forward_0_93_jpg.rf.625f894163494d676920e088a9a3031a.jpg,train,SINGLE_sipotion_1749660918279_leaning_forward_0_93_jpg.rf.625f894163494d676920e088a9a3031a.jpg,train,1,False
sipotion_1749660919964_leaning_forward_0_85_jpg.rf.81cc1b211c0b305545cf6237c93897d3.jpg,train,SINGLE_sipotion_1749660919964_leaning_forward_0_85_jpg.rf.81cc1b211c0b305545cf6237c93897d3.jpg,train,1,False
sipotion_1749660922587_leaning_forward_0_88_jpg.rf.c755c4bd55148f66cadc7fb9e83d50b6.jpg,train,SINGLE_sipotion_1749660922587_leaning_forward_0_88_jpg.rf.c755c4bd55148f66cadc7fb9e83d50b6.jpg,train,1,False
sipotion_1749660928120_leaning_forward_0_61_jpg.rf.bac14b82de06a2b6a0d1d4ca302533d1.jpg,valid,SINGLE_sipotion_1749660928120_leaning_forward_0_61_jpg.rf.bac14b82de06a2b6a0d1d4ca302533d1.jpg,valid,1,False
sipotion_1749660929556_leaning_forward_0_90_jpg.rf.3783ed37dc4163b14a4b606f44acfee9.jpg,train,SINGLE_sipotion_1749660929556_leaning_forward_0_90_jpg.rf.3783ed37dc4163b14a4b606f44acfee9.jpg,train,1,False
sipotion_1749660931532_leaning_forward_0_92_jpg.rf.095d51532c94dbfa8ea692281c8027a1.jpg,train,SINGLE_sipotion_1749660931532_leaning_forward_0_92_jpg.rf.095d51532c94dbfa8ea692281c8027a1.jpg,valid,1,False
sipotion_1749660935080_leaning_forward_0_91_jpg.rf.f3bd6cb3d47f968f17256d35efcf90ba.jpg,train,ND_0004,train,1,False
sipotion_1749660936500_leaning_forward_0_85_jpg.rf.3522e0fbbdc135f03a0acbab14f85120.jpg,train,ND_0013,train,1,False
sipotion_1749660937848_leaning_forward_0_92_jpg.rf.350cb9fb06f142fecf400547869879f0.jpg,train,ND_0013,train,1,False
sipotion_1749660938394_leaning_forward_0_76_jpg.rf.4f1808559a77305552f4d196ef9a63f1.jpg,train,ND_0013,train,1,False
sipotion_1749660940181_leaning_forward_0_90_jpg.rf.6873c0f5cb0500115f48b8b1bc12a532.jpg,test,SINGLE_sipotion_1749660940181_leaning_forward_0_90_jpg.rf.6873c0f5cb0500115f48b8b1bc12a532.jpg,train,1,False
sipotion_1749660941511_slouch_0_84_jpg.rf.606bf14cdeafb585e0f98f726dda601b.jpg,train,SINGLE_sipotion_1749660941511_slouch_0_84_jpg.rf.606bf14cdeafb585e0f98f726dda601b.jpg,train,1,False
sipotion_1749660943167_leaning_forward_0_48_jpg.rf.1261b4d2a7cc24d2a467bbc51a449847.jpg,train,SINGLE_sipotion_1749660943167_leaning_forward_0_48_jpg.rf.1261b4d2a7cc24d2a467bbc51a449847.jpg,train,1,False
sipotion_1749660944688_leaning_forward_0_92_jpg.rf.b3029682f907d7d2383997467991402e.jpg,test,SINGLE_sipotion_1749660944688_leaning_forward_0_92_jpg.rf.b3029682f907d7d2383997467991402e.jpg,train,1,False
sipotion_1749660946045_leaning_forward_0_92_jpg.rf.7e543899fb8dc36e2477f555f7ce8e2b.jpg,train,ND_0004,valid,1,False
sipotion_1749660947461_leaning_forward_0_94_jpg.rf.af45beb08b97a24c365f0ba757c9cd8a.jpg,valid,SINGLE_sipotion_1749660947461_leaning_forward_0_94_jpg.rf.af45beb08b97a24c365f0ba757c9cd8a.jpg,test,1,False
sipotion_1749660951608_leaning_forward_0_66_jpg.rf.fb6471f1818841ec06e686ad51722ab6.jpg,test,SINGLE_sipotion_1749660951608_leaning_forward_0_66_jpg.rf.fb6471f1818841ec06e686ad51722ab6.jpg,train,1,False
sipotion_1749660954336_leaning_forward_0_65_jpg.rf.e282dae6520a88115b991da076612400.jpg,train,SINGLE_sipotion_1749660954336_leaning_forward_0_65_jpg.rf.e282dae6520a88115b991da076612400.jpg,valid,1,False
sipotion_1749660955828_leaning_forward_0_77_jpg.rf.b82f4c76fed9a6df75807bfff30380fe.jpg,train,SINGLE_sipotion_1749660955828_leaning_forward_0_77_jpg.rf.b82f4c76fed9a6df75807bfff30380fe.jpg,train,1,False
sipotion_1749660957256_leaning_forward_0_75_jpg.rf.a8258ec9659dff7d9e6aa2ca0e377e3a.jpg,train,SINGLE_sipotion_1749660957256_leaning_forward_0_75_jpg.rf.a8258ec9659dff7d9e6aa2ca0e377e3a.jpg,train,1,False
sipotion_1749660958831_leaning_forward_0_89_jpg.rf.d0f563162073838893bc08b9fe7fbae6.jpg,train,SINGLE_sipotion_1749660958831_leaning_forward_0_89_jpg.rf.d0f563162073838893bc08b9fe7fbae6.jpg,train,1,False
sipotion_1749660960259_leaning_forward_0_93_jpg.rf.17c54483695fd33a61c646d48995086b.jpg,train,SINGLE_sipotion_1749660960259_leaning_forward_0_93_jpg.rf.17c54483695fd33a61c646d48995086b.jpg,test,1,False
sitting-position-for-good-posture-Copy-2-_jpg.rf.397bb8daa4f822a4ea121d8b24bcce63.jpg,train,SINGLE_sitting-position-for-good-posture-Copy-2-_jpg.rf.397bb8daa4f822a4ea121d8b24bcce63.jpg,valid,1,False
