cluster_id,cluster_size,labels,splits,mixed_label,cross_split,edge_count,min_edge_distance,max_edge_distance,mean_edge_distance,suggested_representative,review_priority
CL00001,431,leaning_forward | leaning_left | leaning_right | upright,test | train | valid,True,True,5396,0,2,1.277,train/upright/extract2080_jpg.rf.247fa46673a00f3b8c8d47d74a06ddb2.jpg,P1_mixed_label_cross_split
CL00002,426,leaning_backward | leaning_forward | leaning_left | leaning_right | upright,test | train | valid,True,True,3404,0,2,1.316,train/upright/extract3320_jpg.rf.fc565dd8c49cf7d596cb2ba735d03ee1.jpg,P1_mixed_label_cross_split
CL00003,249,leaning_backward | leaning_forward | leaning_left | upright,test | train | valid,True,True,1731,0,2,1.175,train/upright/extract0990_jpg.rf.def23fd87d8bb2658a1c78d1c963fc8f.jpg,P1_mixed_label_cross_split
CL00004,154,leaning_backward | upright,test | train | valid,True,True,2239,0,2,0.938,test/leaning_backward/extract2360_jpg.rf.717ae1cb99bcecfef2591d2aa86b28cc.jpg,P1_mixed_label_cross_split
CL00005,123,leaning_forward | upright,test | train,True,True,811,0,2,1.249,train/upright/extract0196_jpg.rf.9aadb3eed43d3ebdd905b50a1716b26d.jpg,P1_mixed_label_cross_split
CL00006,87,leaning_backward | leaning_left | leaning_right | upright,test | train | valid,True,True,524,0,2,1.206,train/leaning_left/extract0558_jpg.rf.0bd3e96d3d05c2707d05234542924ca5.jpg,P1_mixed_label_cross_split
CL00007,72,leaning_forward | upright,test | train | valid,True,True,700,0,2,1.193,valid/leaning_forward/extract0937_jpg.rf.4148d362841ede15c66557e2bc3b4478.jpg,P1_mixed_label_cross_split
CL00008,63,leaning_right,train,False,False,394,0,2,1.18,train/leaning_right/extract3076_jpg.rf.d671bd91ec4ab22cda3723e1eab987f8.jpg,P4_same_label_same_split
CL00009,61,leaning_left,train,False,False,323,0,2,1.068,train/leaning_left/extract1808_jpg.rf.a6f3bc9dfdadfeead0cdb1158c271fbd.jpg,P4_same_label_same_split
CL00010,58,upright,train,False,False,421,0,2,1.295,train/upright/extract2888_jpg.rf.b2d034ba36af6abd148f5a575001815c.jpg,P4_same_label_same_split
CL00011,57,leaning_forward | leaning_left | leaning_right | upright,test | train | valid,True,True,648,0,2,1.165,valid/leaning_forward/mb20077_jpg.rf.ef01fadcaa277a3f5c6d13c86756b419.jpg,P1_mixed_label_cross_split
CL00012,50,leaning_backward,test | train | valid,False,True,451,0,2,1.2,train/leaning_backward/extract3250_jpg.rf.1bd9e8a603d6c33902fc5d8b0bff385d.jpg,P2_cross_split
CL00013,49,leaning_left,train,False,False,159,0,2,1.233,train/leaning_left/extract3430_jpg.rf.dcf05103f2a30bbf10f859f08cdd86d6.jpg,P4_same_label_same_split
CL00014,48,leaning_left,train,False,False,177,0,2,1.141,train/leaning_left/extract0364_jpg.rf.eaebb1d09779e8958f8e4e172eff0869.jpg,P4_same_label_same_split
CL00015,47,leaning_left,train,False,False,150,0,2,1.213,train/leaning_left/extract2544_jpg.rf.abff3474dbae7c8a2abb8e82f95e595b.jpg,P4_same_label_same_split
CL00016,45,leaning_forward | leaning_left | leaning_right | upright,train | valid,True,True,218,0,2,1.431,valid/leaning_forward/mb20196_jpg.rf.b01bcd70521012dcfd174424f3adf398.jpg,P1_mixed_label_cross_split
CL00017,43,leaning_forward | leaning_left,train | valid,True,True,124,0,2,1.379,train/leaning_left/extract1304_jpg.rf.8d5cc7a6c4b1b0b94d185f193a411a4d.jpg,P1_mixed_label_cross_split
CL00018,42,leaning_right,train,False,False,213,0,2,1.211,train/leaning_right/extract3554_jpg.rf.31ce7557f834f2eef399c701da08a6ac.jpg,P4_same_label_same_split
CL00019,42,leaning_forward | upright,train | valid,True,True,148,0,2,1.257,valid/leaning_forward/extract1576_jpg.rf.6ac8d40ecd55a6702337a7b7f1f0aafa.jpg,P1_mixed_label_cross_split
CL00020,35,leaning_backward | leaning_forward | leaning_right,test | train | valid,True,True,99,0,2,1.293,train/leaning_backward/mb20250_jpg.rf.03c411e6194f88538c9e21674706c62b.jpg,P1_mixed_label_cross_split
CL00021,32,leaning_forward | leaning_right | upright,train | valid,True,True,128,0,2,1.227,train/leaning_right/extract0462_jpg.rf.389634219f7b82f0a25325c5ea05dcbb.jpg,P1_mixed_label_cross_split
CL00022,32,leaning_right,train,False,False,255,0,2,1.106,train/leaning_right/extract2664_jpg.rf.17cef4f7923ada29980d3c2ba17cdf89.jpg,P4_same_label_same_split
CL00023,31,leaning_backward | upright,test | train | valid,True,True,77,0,2,1.26,valid/leaning_backward/extract2412_jpg.rf.2b4a31ea5dd8c7d16e49364ff25ca2fc.jpg,P1_mixed_label_cross_split
CL00024,31,leaning_forward | leaning_right,train | valid,True,True,97,0,2,1.237,train/leaning_right/extract0711_jpg.rf.2067ce9512aae71e781023091248291d.jpg,P1_mixed_label_cross_split
CL00025,30,leaning_forward,test,False,False,97,0,2,1.227,test/leaning_forward/extract0084_jpg.rf.b5b6ada2a3abdeaa30c58f3e70cef345.jpg,P4_same_label_same_split
CL00026,29,leaning_right,train,False,False,101,0,2,1.218,train/leaning_right/extract0510_jpg.rf.ab31f02fd61acaaca7bc758d9bc4f9c3.jpg,P4_same_label_same_split
CL00027,27,leaning_left,train,False,False,95,0,2,1.168,train/leaning_left/extract2524_jpg.rf.59756a2c2e1a15bbd44b87153925c84c.jpg,P4_same_label_same_split
CL00028,26,leaning_backward | leaning_forward | leaning_right,test | train | valid,True,True,71,0,2,1.535,train/leaning_backward/mb20279_jpg.rf.4a4711fdb021c6b6aca1b7b986b3c3d3.jpg,P1_mixed_label_cross_split
CL00029,26,leaning_right,train,False,False,58,0,2,1.259,train/leaning_right/extract2610_jpg.rf.15499d7f5006b3a89645640985ad8458.jpg,P4_same_label_same_split
CL00030,26,leaning_forward | upright,train | valid,True,True,78,0,2,1.346,train/upright/extract1552_jpg.rf.762ac249dbec2c60ea7ed0d8b75611e8.jpg,P1_mixed_label_cross_split
CL00031,26,leaning_forward,valid,False,False,186,0,2,1.269,valid/leaning_forward/extract1493_jpg.rf.e98385fc0891a6ea4db871dd6ca81247.jpg,P4_same_label_same_split
CL00032,23,leaning_left,train,False,False,55,0,2,1.255,train/leaning_left/extract1108_jpg.rf.e647de3dc775e401b27af4f95b5ea39e.jpg,P4_same_label_same_split
CL00033,23,leaning_right,train,False,False,119,0,2,1.21,train/leaning_right/extract3540_jpg.rf.873129ff779d796cc0ab429197927474.jpg,P4_same_label_same_split
CL00034,22,leaning_left,train,False,False,152,0,2,1.289,train/leaning_left/extract0791_jpg.rf.79c7f9cc692b98cc970d4153c26db41d.jpg,P4_same_label_same_split
CL00035,22,leaning_left,train,False,False,59,0,2,1.39,train/leaning_left/extract3387_jpg.rf.60aebe0cee49772b99475df39c4bca10.jpg,P4_same_label_same_split
CL00036,22,leaning_forward | upright,train | valid,True,True,76,0,2,1.276,train/upright/mb0024_jpg.rf.a448c6eb7449a136bfead2d15b374e37.jpg,P1_mixed_label_cross_split
CL00037,22,leaning_forward,valid,False,False,97,0,2,1.412,valid/leaning_forward/extract3182_jpg.rf.e37ecdd293aabb7b07de78d4429ba9a5.jpg,P4_same_label_same_split
CL00038,21,leaning_forward | leaning_left | leaning_right | upright,train | valid,True,True,49,0,2,1.592,train/leaning_right/mb20064_jpg.rf.bb831b0cebda16c58d8fa166105b1e36.jpg,P1_mixed_label_cross_split
CL00039,21,leaning_right,train,False,False,106,0,2,1.038,train/leaning_right/extract0751_jpg.rf.e4c4c63ddc7821cb7bc1f7358d480535.jpg,P4_same_label_same_split
CL00040,20,leaning_backward,test | train | valid,False,True,81,0,2,1.235,test/leaning_backward/extract2363_jpg.rf.341137ff33ff013450b0e3b679dfbf1f.jpg,P2_cross_split
CL00041,20,leaning_forward,test,False,False,102,0,2,1.157,test/leaning_forward/extract2256_jpg.rf.d4941c508e8cb38e66c9510fd765373c.jpg,P4_same_label_same_split
CL00042,20,leaning_left | upright,train,True,False,76,0,2,1.026,train/leaning_left/extract3147_jpg.rf.3d967ab428c6a2b4f1956654693b4469.jpg,P3_mixed_label
CL00043,20,leaning_right,train,False,False,51,0,2,1.373,train/leaning_right/extract0538_jpg.rf.56c4d2fe9d6574fb466d9f502d578188.jpg,P4_same_label_same_split
CL00044,19,leaning_forward,test | valid,False,True,86,0,2,0.709,valid/leaning_forward/extract0330_jpg.rf.49da8baf8da4b5e3e41cb248f7e6cbc5.jpg,P2_cross_split
CL00045,19,upright,train,False,False,61,0,2,1.066,train/upright/extract2937_jpg.rf.fab8346fe5deccb0f650009d1e74174d.jpg,P4_same_label_same_split
CL00046,19,leaning_forward | upright,train | valid,True,True,146,0,2,0.918,train/upright/mb0378_jpg.rf.73c03faee6300d2fd88ec112aaffe096.jpg,P1_mixed_label_cross_split
CL00047,18,leaning_left,train,False,False,71,0,2,1.085,train/leaning_left/extract0426_jpg.rf.6122f2431e1adc70db5b685905a00033.jpg,P4_same_label_same_split
CL00048,18,upright,train,False,False,62,0,2,1.339,train/upright/extract0890_jpg.rf.302e704635ecf3407e3815d140bd5a98.jpg,P4_same_label_same_split
CL00049,17,leaning_forward | upright,test | train,True,True,37,0,2,1.378,train/upright/extract2287_jpg.rf.29d5a62af84675b3a6dd8f8c296767f5.jpg,P1_mixed_label_cross_split
CL00050,17,leaning_left,train,False,False,31,0,2,1.387,train/leaning_left/extract0806_jpg.rf.224513e4f4ba9429152d33aba3f97cf0.jpg,P4_same_label_same_split
CL00051,17,leaning_right,train,False,False,40,0,2,1.25,train/leaning_right/extract0712_jpg.rf.56f74dd3f34e8f0a368c8282d04267f1.jpg,P4_same_label_same_split
CL00052,17,leaning_right,train,False,False,54,0,2,1.204,train/leaning_right/extract1940_jpg.rf.0e17b8e1a72aefe88b0fe0ebd3b3001b.jpg,P4_same_label_same_split
CL00053,16,leaning_forward | upright,test | train,True,True,33,0,2,1.182,train/upright/extract2436_jpg.rf.f4a7f2a54d35f9e6e217074736cab9b5.jpg,P1_mixed_label_cross_split
CL00054,16,leaning_forward,test | valid,False,True,62,0,2,1.097,valid/leaning_forward/extract2821_jpg.rf.d7e18a7b54fd2a663045ff6438018632.jpg,P2_cross_split
CL00055,16,leaning_right,train,False,False,88,0,2,1.193,train/leaning_right/extract1952_jpg.rf.29c80f3339de27c8c030d492aaad096f.jpg,P4_same_label_same_split
CL00056,16,leaning_right,train,False,False,72,0,2,1.028,train/leaning_right/extract1962_jpg.rf.58698b7ced9250d675982d626b6ebbf7.jpg,P4_same_label_same_split
CL00057,15,leaning_forward,test,False,False,31,0,2,1.355,test/leaning_forward/extract0066_jpg.rf.2b38802e66ae2e74c53a14861b4e5a23.jpg,P4_same_label_same_split
CL00058,15,leaning_forward | leaning_right,train | valid,True,True,28,0,2,1.071,valid/leaning_forward/extract1376_jpg.rf.947b70c904460328f01feb6c4f0d0daa.jpg,P1_mixed_label_cross_split
CL00059,14,leaning_forward,test,False,False,74,0,2,1.014,test/leaning_forward/extract2214_jpg.rf.3e07242b9ef82ad70ed75d7ab2b0e432.jpg,P4_same_label_same_split
CL00060,14,leaning_right,train,False,False,46,0,2,1.239,train/leaning_right/extract3032_jpg.rf.fa084e52a31cf44d1c028ada66ee8561.jpg,P4_same_label_same_split
CL00061,14,leaning_right | upright,train,True,False,26,0,2,1.115,train/upright/extract3324_jpg.rf.692a189628466890cfcd5a6cc62c6271.jpg,P3_mixed_label
CL00062,14,leaning_forward,valid,False,False,51,0,2,0.961,valid/leaning_forward/extract1486_jpg.rf.b21811b0d2b917a4a54107ea52c2e209.jpg,P4_same_label_same_split
CL00063,13,leaning_forward,test,False,False,37,0,2,1.378,test/leaning_forward/extract0110_jpg.rf.41cb01a421c6f8ad83822817c42a0ed1.jpg,P4_same_label_same_split
CL00064,13,leaning_forward | leaning_right,train | valid,True,True,13,0,2,1.615,valid/leaning_forward/extract1362_jpg.rf.24529febd809c9ae2b58a051a1b1d013.jpg,P1_mixed_label_cross_split
CL00065,13,upright,train,False,False,32,0,2,1.344,train/upright/mb0459_jpg.rf.e5fe62be4669bfe18b9b309930d95232.jpg,P4_same_label_same_split
CL00066,12,leaning_left,train,False,False,21,0,2,1.667,train/leaning_left/extract0818_jpg.rf.0ebdf31aaae81bc4d501cc348f0b73b8.jpg,P4_same_label_same_split
CL00067,12,leaning_right,train,False,False,48,0,2,0.75,train/leaning_right/extract0484_jpg.rf.d74d67055477a1a29d472e3b7e215519.jpg,P4_same_label_same_split
CL00068,12,leaning_right,train,False,False,52,0,2,1.154,train/leaning_right/extract1916_jpg.rf.16be4095a79687b217b295b5cbcb2dab.jpg,P4_same_label_same_split
CL00069,11,leaning_left,train,False,False,16,0,2,1.25,train/leaning_left/extract1750_jpg.rf.fc9ae3b6840d8af4f8d7b56faca18746.jpg,P4_same_label_same_split
CL00070,11,leaning_right,train,False,False,26,0,2,1.115,train/leaning_right/extract3504_jpg.rf.e546168b3312096074cd81ef9aee3ade.jpg,P4_same_label_same_split
CL00071,11,leaning_right,train,False,False,29,0,2,1.379,train/leaning_right/mb20037_jpg.rf.13faf23e7766cf37a7f2254e17d6ef9a.jpg,P4_same_label_same_split
CL00072,11,leaning_forward | leaning_right,train | valid,True,True,25,0,2,1.12,train/leaning_right/mb20258_jpg.rf.bf9097194f4cceca7151a2796088642f.jpg,P1_mixed_label_cross_split
CL00073,11,upright,train,False,False,21,0,2,1.286,train/upright/extract3114_jpg.rf.588a01f772e14f7685c4d648288eb665.jpg,P4_same_label_same_split
CL00074,11,leaning_forward,valid,False,False,27,0,2,1.074,valid/leaning_forward/extract1616_jpg.rf.6988793ba204b298a9d3f6ad4869a1ac.jpg,P4_same_label_same_split
CL00075,10,leaning_forward | upright,test | train,True,True,14,0,2,1.5,train/upright/extract2708_jpg.rf.7e33d2d8295220d886f61eec27b088e6.jpg,P1_mixed_label_cross_split
CL00076,10,leaning_left,train,False,False,12,0,2,1.25,train/leaning_left/extract1771_jpg.rf.95d685e1374c4080fd5948e56e3399ac.jpg,P4_same_label_same_split
CL00077,10,leaning_left,train,False,False,26,0,2,1.462,train/leaning_left/extract2506_jpg.rf.60048423c1ef538ba276073700534c19.jpg,P4_same_label_same_split
CL00078,10,leaning_left,train,False,False,25,0,2,1.28,train/leaning_left/extract3456_jpg.rf.7f7b322d829a28c2f9a02e5de8a773d7.jpg,P4_same_label_same_split
CL00079,10,leaning_left,train,False,False,25,0,2,0.72,train/leaning_left/extract3466_jpg.rf.0b0498816ebd4b31d33855f53d151389.jpg,P4_same_label_same_split
CL00080,9,leaning_backward,test | train | valid,False,True,15,0,2,0.8,valid/leaning_backward/mb0145_jpg.rf.43a55590fbd0e750d541e9fff62fe67b.jpg,P2_cross_split
CL00081,9,leaning_left,test | train,False,True,16,0,2,1.25,train/leaning_left/mb20052_jpg.rf.fb1dfa9de38100e0454e2776ada4659f.jpg,P2_cross_split
CL00082,9,leaning_backward,train | valid,False,True,33,0,2,1.121,train/leaning_backward/extract3264_jpg.rf.7d9284b4385cf049abdca41e36475702.jpg,P2_cross_split
CL00083,9,leaning_forward | leaning_left,train | valid,True,True,13,0,2,1.462,train/leaning_left/extract1282_jpg.rf.d8ccb287a61bddf98de72ae47d53d7c2.jpg,P1_mixed_label_cross_split
CL00084,9,leaning_left,train,False,False,17,0,2,1.353,train/leaning_left/extract3471_jpg.rf.77cfa83209a3ee5801738a50eac96da9.jpg,P4_same_label_same_split
CL00085,9,leaning_forward | leaning_left | leaning_right,train | valid,True,True,11,0,2,1.455,train/leaning_right/extract3494_jpg.rf.53f45bdd0a544670d621dae809508b75.jpg,P1_mixed_label_cross_split
CL00086,8,leaning_backward,test | train,False,True,18,0,2,1.389,test/leaning_backward/extract0608_jpg.rf.deac4b3adfc307ba257a188a5d856676.jpg,P2_cross_split
CL00087,8,upright,train,False,False,26,0,2,0.769,train/upright/extract2922_jpg.rf.c97d023fded786b89ab3a927af3ab30e.jpg,P4_same_label_same_split
CL00088,8,upright,train,False,False,10,0,2,1.1,train/upright/mb0439_jpg.rf.9d7406c08b9103f255058c103c88736f.jpg,P4_same_label_same_split
CL00089,7,leaning_backward | upright,test | train | valid,True,True,15,0,2,1.267,train/upright/mb0486_jpg.rf.10d4d8108b49e5078b0fa2a43bb2a57b.jpg,P1_mixed_label_cross_split
CL00090,7,leaning_forward,test,False,False,20,0,2,0.75,test/leaning_forward/extract0034_jpg.rf.ecae8c5776af438dd339e2495e9c8964.jpg,P4_same_label_same_split
CL00091,7,leaning_forward,test,False,False,10,1,2,1.5,test/leaning_forward/extract0122_jpg.rf.6cd7c82c63c16ada38b0fdbe2c011fab.jpg,P4_same_label_same_split
CL00092,7,leaning_forward | leaning_right,test | train,True,True,13,0,2,1.077,train/leaning_right/extract2690_jpg.rf.64d434dffb5308a032a16658783a9924.jpg,P1_mixed_label_cross_split
CL00093,7,leaning_left,test | train,False,True,12,0,2,1.5,train/leaning_left/mb20240_jpg.rf.327c8916f72369cb99604fef3808de06.jpg,P2_cross_split
CL00094,7,leaning_backward,train | valid,False,True,14,0,2,1.571,train/leaning_backward/extract2405_jpg.rf.3393396ab17bdb25e922cb88c0a875e3.jpg,P2_cross_split
CL00095,7,leaning_backward,train | valid,False,True,19,0,2,0.842,valid/leaning_backward/mb0446_jpg.rf.8923a827d987fa772544bf4ed3036a61.jpg,P2_cross_split
CL00096,7,leaning_right,train,False,False,10,0,2,1.3,train/leaning_right/extract2684_jpg.rf.08bf3b83981143109e74cd29863a0f34.jpg,P4_same_label_same_split
CL00097,7,leaning_right,train,False,False,21,0,2,1.048,train/leaning_right/extract3510_jpg.rf.4acb68b39feda2a0dd7f75e2a6ea2a4a.jpg,P4_same_label_same_split
CL00098,7,leaning_right,train,False,False,14,0,2,1.0,train/leaning_right/mb20093_jpg.rf.11854d67ec97a39f7c99d88f4b86c538.jpg,P4_same_label_same_split
CL00099,7,upright,train,False,False,13,0,2,1.385,train/upright/VidWebCam_frame_1309_png_jpg.rf.e54279ba240b0a2793d92215c88c0423.jpg,P4_same_label_same_split
CL00100,7,upright,train,False,False,17,0,2,1.294,train/upright/extract2294_jpg.rf.cd6d06b8b763babfbd097ccb9f4a2dee.jpg,P4_same_label_same_split
CL00101,7,upright,train,False,False,14,0,2,1.214,train/upright/mb0224_jpg.rf.0b461703a9f21fcbbb4f834bcba41b24.jpg,P4_same_label_same_split
CL00102,7,leaning_forward,valid,False,False,7,1,2,1.857,valid/leaning_forward/VidWebCam_frame_1771_png_jpg.rf.18b284ca38ec60a0201c261bc5c666e3.jpg,P4_same_label_same_split
CL00103,7,leaning_forward,valid,False,False,9,0,2,1.333,valid/leaning_forward/extract1414_jpg.rf.a0494d7434092eb7e979f0c8ff4a3439.jpg,P4_same_label_same_split
CL00104,6,leaning_backward,test | train | valid,False,True,12,0,2,1.833,train/leaning_backward/extract0004_jpg.rf.20cadeada9bb923acaa5a40b60011cc6.jpg,P2_cross_split
CL00105,6,leaning_forward,test,False,False,5,1,2,1.8,test/leaning_forward/extract0007_jpg.rf.30e69704582633c287e3eb9041e6e30b.jpg,P4_same_label_same_split
CL00106,6,leaning_forward,test,False,False,6,0,2,1.167,test/leaning_forward/extract0052_jpg.rf.75605433e43082bf23f79655a9efaa0a.jpg,P4_same_label_same_split
CL00107,6,leaning_forward,test | valid,False,True,11,0,2,1.091,valid/leaning_forward/extract2827_jpg.rf.a70bafc12c9ca71683b62239d2812806.jpg,P2_cross_split
CL00108,6,leaning_backward,train,False,False,8,0,2,1.5,train/leaning_backward/extract2328_jpg.rf.faadbb37f680f4a88ae166af6524cd01.jpg,P4_same_label_same_split
CL00109,6,leaning_backward,train,False,False,10,1,2,1.7,train/leaning_backward/extract3241_jpg.rf.0c1a24cbb7fe5c267e4f2296181def4a.jpg,P4_same_label_same_split
CL00110,6,leaning_backward,train | valid,False,True,7,0,2,1.429,train/leaning_backward/mb0509_jpg.rf.77c944f0d49963fffa990d3d3587cbc6.jpg,P2_cross_split
CL00111,6,leaning_forward | leaning_left,train | valid,True,True,15,0,2,1.467,valid/leaning_forward/extract1240_jpg.rf.33b5e5db292cb57702c3527cbd69f59f.jpg,P1_mixed_label_cross_split
CL00112,6,leaning_forward | leaning_left,train | valid,True,True,6,0,2,1.5,train/leaning_left/extract1290_jpg.rf.0180bb9051cc36c59d82d5f34127840c.jpg,P1_mixed_label_cross_split
CL00113,6,leaning_left,train,False,False,15,0,1,0.333,train/leaning_left/mb20023_jpg.rf.5226436006e641a5f279d347dbb3a4cc.jpg,P4_same_label_same_split
CL00114,6,leaning_right,train,False,False,8,0,2,1.375,train/leaning_right/extract0730_jpg.rf.e8d35b9dc7e604566f69ca8af44ee2aa.jpg,P4_same_label_same_split
CL00115,6,leaning_right,train,False,False,6,0,2,1.167,train/leaning_right/extract2676_jpg.rf.d3f9ff6387c2bc03ec94378abcc1ebc1.jpg,P4_same_label_same_split
CL00116,6,leaning_right,train,False,False,11,0,2,1.455,train/leaning_right/extract3584_jpg.rf.7608558ef4f148e76ced25af8f47e210.jpg,P4_same_label_same_split
CL00117,6,leaning_right,train,False,False,14,0,2,1.071,train/leaning_right/mb20136_jpg.rf.f6dced5a330e0ef7d34fb173bf5989a3.jpg,P4_same_label_same_split
CL00118,6,upright,train,False,False,15,0,2,0.667,train/upright/extract0005_jpg.rf.230cbfea5d58e13622b3a9b1ffec9b38.jpg,P4_same_label_same_split
CL00119,6,upright,train,False,False,15,0,2,0.667,train/upright/mb0163_jpg.rf.66d86af95a1330672d21b587f729ce93.jpg,P4_same_label_same_split
CL00120,6,leaning_forward,valid,False,False,6,1,2,1.5,valid/leaning_forward/extract1410_jpg.rf.a407ae72a7ffeb83304d1eb07fe81846.jpg,P4_same_label_same_split
CL00121,6,leaning_forward,valid,False,False,15,0,2,0.667,valid/leaning_forward/extract1678_jpg.rf.3cbecd7ef9ae3120e9859ae6e0cbf0a4.jpg,P4_same_label_same_split
CL00122,6,leaning_forward,valid,False,False,15,0,1,0.333,valid/leaning_forward/extract3190_jpg.rf.b977ed9229cf6508fb227956d28df9f1.jpg,P4_same_label_same_split
CL00123,5,leaning_backward,test | train,False,True,7,0,2,1.286,test/leaning_backward/extract2337_jpg.rf.252b286b6a53e82bd5299eff3e97ea23.jpg,P2_cross_split
CL00124,5,leaning_backward,test | train | valid,False,True,7,0,2,1.286,train/leaning_backward/mb0259_jpg.rf.9d864851f507616c6728647f4034986a.jpg,P2_cross_split
CL00125,5,leaning_backward,test | train | valid,False,True,6,0,2,1.667,train/leaning_backward/mb0480_jpg.rf.b6ff7b1b65b68a5b3c83d1a797ba05c6.jpg,P2_cross_split
CL00126,5,leaning_forward,test | valid,False,True,5,0,2,1.0,valid/leaning_forward/extract2836_jpg.rf.ac1fd8d5e48270939e024b1314254cfa.jpg,P2_cross_split
CL00127,5,leaning_backward,train,False,False,10,0,2,1.0,train/leaning_backward/extract0003_jpg.rf.5fe4d9ca1236042ac438ab5452c91c9f.jpg,P4_same_label_same_split
CL00128,5,leaning_backward | leaning_forward | upright,train | valid,True,True,10,0,2,0.8,train/upright/mb0133_jpg.rf.a8f9bcef764e01fd715e4eb38bb7de23.jpg,P1_mixed_label_cross_split
CL00129,5,leaning_backward,train | valid,False,True,7,0,2,1.286,train/leaning_backward/mb20303_jpg.rf.37fd97468750ba72e1b6c417c4eaca9b.jpg,P2_cross_split
CL00130,5,leaning_left,train,False,False,10,0,1,0.6,train/leaning_left/extract0824_jpg.rf.6166b1e8bef09884287301711686a6ca.jpg,P4_same_label_same_split
CL00131,5,leaning_left,train,False,False,5,1,2,1.4,train/leaning_left/extract1836_jpg.rf.f70037848ca16ec5484a68ee67586895.jpg,P4_same_label_same_split
CL00132,5,leaning_left,train,False,False,6,0,2,1.333,train/leaning_left/extract3006_jpg.rf.3a7d7e1e6e688096e00cb69f25f6d17f.jpg,P4_same_label_same_split
CL00133,5,leaning_forward | leaning_left | upright,train | valid,True,True,4,1,2,1.75,train/upright/mb0535_jpg.rf.ec52c69b22471e9994dc7715a3f02ae1.jpg,P1_mixed_label_cross_split
CL00134,5,leaning_right,train,False,False,8,1,2,1.5,train/leaning_right/mb20163_jpg.rf.ab212f9fbea1a2ff90821696ec073212.jpg,P4_same_label_same_split
CL00135,5,upright,train,False,False,10,0,2,1.0,train/upright/extract2912_jpg.rf.bf758880a546add4ec7c2c26a9cea193.jpg,P4_same_label_same_split
CL00136,5,upright,train,False,False,7,0,2,1.571,train/upright/mb0264_jpg.rf.58cc21787a3da12f99a3148a6927baad.jpg,P4_same_label_same_split
CL00137,5,upright,train,False,False,5,1,2,1.8,train/upright/mb0355_jpg.rf.160b04d740ac04759ea07b1ab1fceb8e.jpg,P4_same_label_same_split
CL00138,5,upright,train,False,False,7,1,2,1.571,train/upright/mb0488_jpg.rf.107f6293a0c991eac3a8826413ac21ee.jpg,P4_same_label_same_split
CL00139,4,leaning_backward,test | train | valid,False,True,6,0,2,1.0,train/leaning_backward/extract0622_jpg.rf.5d0b909b2b954804241172bf83ab74e0.jpg,P2_cross_split
CL00140,4,leaning_forward | upright,test | train,True,True,5,1,2,1.4,train/upright/extract0028_jpg.rf.b38da9353b6e3bb27dc0f49edb4a2aff.jpg,P1_mixed_label_cross_split
CL00141,4,leaning_left,test | train,False,True,6,0,2,1.0,train/leaning_left/mb20127_jpg.rf.92dbc3fc2cbe40f595a8af7f1cb1e950.jpg,P2_cross_split
CL00142,4,leaning_backward,train,False,False,6,0,0,0.0,train/leaning_backward/extract0012_jpg.rf.28e0035829c04c1912fcd573f9c2eede.jpg,P4_same_label_same_split
CL00143,4,leaning_backward,train | valid,False,True,3,2,2,2.0,train/leaning_backward/extract0616_jpg.rf.ad6e2db3b8f0d480b3bbdce0bab0051d.jpg,P2_cross_split
CL00144,4,leaning_backward,train | valid,False,True,4,1,2,1.5,train/leaning_backward/extract3245_jpg.rf.727fe21933b253ed95af7801fb75189d.jpg,P2_cross_split
CL00145,4,leaning_backward | leaning_left,train,True,False,3,1,2,1.667,train/leaning_left/extract3280_jpg.rf.df97b07f708838470d447923b27bbc69.jpg,P3_mixed_label
CL00146,4,leaning_backward,train | valid,False,True,5,2,2,2.0,train/leaning_backward/mb0073_jpg.rf.f0d3720d35cc68c6728e973eef982a12.jpg,P2_cross_split
CL00147,4,leaning_backward,train | valid,False,True,4,1,2,1.5,train/leaning_backward/mb0316_jpg.rf.17ea032a97c3203b6b1d8208c7df5bd2.jpg,P2_cross_split
CL00148,4,leaning_backward,train,False,False,3,1,2,1.667,train/leaning_backward/mb20269_jpg.rf.936851aeca2c0dedcbe75096f7a29132.jpg,P4_same_label_same_split
CL00149,4,leaning_left,train,False,False,3,1,2,1.667,train/leaning_left/extract0410_jpg.rf.9117c2d9b1627c8c7d43494b0aca6b00.jpg,P4_same_label_same_split
CL00150,4,leaning_left,train,False,False,6,0,1,0.667,train/leaning_left/extract0414_jpg.rf.3523e5e9323e4137215193e05533836a.jpg,P4_same_label_same_split
CL00151,4,leaning_left,train,False,False,6,0,1,0.667,train/leaning_left/extract1299_jpg.rf.2a407e48be3b25138b0cb52256d816bc.jpg,P4_same_label_same_split
CL00152,4,leaning_left,train,False,False,4,0,2,1.25,train/leaning_left/extract2538_jpg.rf.ab675f26662a30a12ea68b5696a91cad.jpg,P4_same_label_same_split
CL00153,4,leaning_left,train,False,False,6,0,2,1.167,train/leaning_left/mb0387_jpg.rf.c89678b182aa4b1b18c00ad941a774e1.jpg,P4_same_label_same_split
CL00154,4,leaning_left,train,False,False,6,0,2,1.0,train/leaning_left/mb20168_jpg.rf.1dad60287f436724aecba012bd78cb39.jpg,P4_same_label_same_split
CL00155,4,leaning_right,train,False,False,3,1,2,1.667,train/leaning_right/extract1903_jpg.rf.2732d95b032117ea8bb2bd976eb08144.jpg,P4_same_label_same_split
CL00156,4,leaning_right,train,False,False,4,0,2,1.0,train/leaning_right/extract2636_jpg.rf.3bb39d8f520751738c69ae31f1a360d8.jpg,P4_same_label_same_split
CL00157,4,leaning_right,train,False,False,4,0,2,1.5,train/leaning_right/extract3106_jpg.rf.5e40d2ac5cb0747b5851f32cc576680c.jpg,P4_same_label_same_split
CL00158,4,leaning_right,train,False,False,3,1,2,1.667,train/leaning_right/extract3496_jpg.rf.9a5b179b4a15b4343c8d4e677cbbd004.jpg,P4_same_label_same_split
CL00159,4,leaning_forward | upright,train | valid,True,True,3,2,2,2.0,valid/leaning_forward/VidWebCam_frame_3542_png_jpg.rf.6ce898a1bdc2af7fd60f31de24bbcd5f.jpg,P1_mixed_label_cross_split
CL00160,4,upright,train,False,False,3,1,2,1.667,train/upright/extract2849_jpg.rf.49243bfac314249ea08db58201c41da4.jpg,P4_same_label_same_split
CL00161,4,upright,train,False,False,6,0,2,1.167,train/upright/mb0312_jpg.rf.fddceb56f32980fb6b380cf3fd04dc9c.jpg,P4_same_label_same_split
CL00162,4,leaning_forward,valid,False,False,3,2,2,2.0,valid/leaning_forward/extract1396_jpg.rf.f70a71e88e756f2bed77019d9d7082e0.jpg,P4_same_label_same_split
CL00163,4,leaning_forward,valid,False,False,4,1,2,1.75,valid/leaning_forward/extract1452_jpg.rf.d52ae3e8bed5f518d023eb67e47c424f.jpg,P4_same_label_same_split
CL00164,4,leaning_forward,valid,False,False,3,1,2,1.667,valid/leaning_forward/extract1602_jpg.rf.967095a4795a04e8d452f106af703fed.jpg,P4_same_label_same_split
CL00165,3,leaning_backward,test | train,False,True,3,1,2,1.333,train/leaning_backward/extract0016_jpg.rf.518a2cc64514baa0bf909a211e0022be.jpg,P2_cross_split
CL00166,3,leaning_forward,test,False,False,2,2,2,2.0,test/leaning_forward/2023-11-21-031605_jpg.rf.9461d31bc9416f19e555bd233447a72c.jpg,P4_same_label_same_split
CL00167,3,leaning_forward,test,False,False,3,1,2,1.333,test/leaning_forward/extract0003_jpg.rf.6148914f9d9e2539bce17ce14bcb90a5.jpg,P4_same_label_same_split
CL00168,3,leaning_forward,test,False,False,2,1,2,1.5,test/leaning_forward/extract0006_jpg.rf.701809f374720429cd458c272f5a3f1f.jpg,P4_same_label_same_split
CL00169,3,leaning_forward,test,False,False,3,0,1,0.667,test/leaning_forward/extract0041_jpg.rf.5c8f75ac7165a82acce704ad6e266f29.jpg,P4_same_label_same_split
CL00170,3,leaning_forward,test,False,False,2,2,2,2.0,test/leaning_forward/extract0044_jpg.rf.3b76a417ecbe30ebbd7a5e4720c9558b.jpg,P4_same_label_same_split
CL00171,3,leaning_forward,test,False,False,3,2,2,2.0,test/leaning_forward/extract0054_jpg.rf.1c1a15251d4659af6a379a26dc257771.jpg,P4_same_label_same_split
CL00172,3,leaning_forward,test,False,False,3,0,2,1.333,test/leaning_forward/extract0234_jpg.rf.6fe8fd1f022bbe12b8af059cf8f35e0a.jpg,P4_same_label_same_split
CL00173,3,leaning_forward,test,False,False,3,0,1,0.667,test/leaning_forward/extract2240_jpg.rf.2d1fa32513aeb4c415d3c775bc6653e3.jpg,P4_same_label_same_split
CL00174,3,leaning_forward,test,False,False,3,0,1,0.667,test/leaning_forward/extract2264_jpg.rf.a8e0202b0f2cebd1a544e076259ba3b2.jpg,P4_same_label_same_split
CL00175,3,leaning_forward,test,False,False,3,0,1,0.667,test/leaning_forward/extract2699_jpg.rf.4f50264b8ddcef3e22aed66012805d6a.jpg,P4_same_label_same_split
CL00176,3,leaning_left,test | train,False,True,2,1,2,1.5,train/leaning_left/VidWebCam_frame_2541_png_jpg.rf.bee91147df1a0f04ad47c213d27fb532.jpg,P2_cross_split
CL00177,3,leaning_left,test | train,False,True,3,0,2,1.333,train/leaning_left/mb20247_jpg.rf.a48f2d03448682d35f1bba118736f36f.jpg,P2_cross_split
CL00178,3,leaning_backward,train,False,False,3,0,1,0.667,train/leaning_backward/extract0003_jpg.rf.6a137093b6b2ec63f40369e67fb5cce5.jpg,P4_same_label_same_split
CL00179,3,leaning_backward,train | valid,False,True,2,2,2,2.0,train/leaning_backward/extract3272_jpg.rf.2c0569bd220b3c6cef6a86321ef2f348.jpg,P2_cross_split
CL00180,3,leaning_backward,train,False,False,3,2,2,2.0,train/leaning_backward/mb0132_jpg.rf.846b13d63516e10d60d23e7359bb8698.jpg,P4_same_label_same_split
CL00181,3,leaning_backward | upright,train | valid,True,True,3,0,1,0.667,train/upright/mb0220_jpg.rf.dc6d8492a7423fc497c5a3808224aee1.jpg,P1_mixed_label_cross_split
CL00182,3,leaning_backward,train | valid,False,True,3,0,2,1.333,train/leaning_backward/mb0447_jpg.rf.6926889af90fe0fcdcd05e0514c4cd47.jpg,P2_cross_split
CL00183,3,leaning_backward,train,False,False,3,0,0,0.0,train/leaning_backward/mb0372_jpg.rf.4c9fb80f6c3a0937d1ec03391c240809.jpg,P4_same_label_same_split
CL00184,3,leaning_backward | leaning_forward,train | valid,True,True,3,1,2,1.333,valid/leaning_forward/mb0492_jpg.rf.18fc14327031ecdccbae1b1dd0c10d8d.jpg,P1_mixed_label_cross_split
CL00185,3,leaning_backward,train | valid,False,True,3,0,2,1.333,train/leaning_backward/mb0532_jpg.rf.3aeb3ff5ee1a609c55d0c647a6fabaab.jpg,P2_cross_split
CL00186,3,leaning_backward,train,False,False,3,1,2,1.333,train/leaning_backward/mb20299_jpg.rf.7d013a9f75a64274ae91ca9aecfd11c4.jpg,P4_same_label_same_split
CL00187,3,leaning_left,train,False,False,2,1,2,1.5,train/leaning_left/extract0349_jpg.rf.d947a51f3128afd996dbcc3cbd772660.jpg,P4_same_label_same_split
CL00188,3,leaning_left,train,False,False,2,1,2,1.5,train/leaning_left/extract0781_jpg.rf.ad76631cc4947674c4e556c3033eeb91.jpg,P4_same_label_same_split
CL00189,3,leaning_left,train,False,False,3,0,2,1.333,train/leaning_left/extract0814_jpg.rf.bb61988226e37d85063c6596e57bbc1c.jpg,P4_same_label_same_split
CL00190,3,leaning_forward | leaning_left,train | valid,True,True,3,0,0,0.0,train/leaning_left/extract0828_jpg.rf.9722f310574c0c6cea75b305f79b6b04.jpg,P1_mixed_label_cross_split
CL00191,3,leaning_forward | leaning_left,train | valid,True,True,2,2,2,2.0,train/leaning_left/extract1286_jpg.rf.6120381d87d888fbc69086c4e41e3030.jpg,P1_mixed_label_cross_split
CL00192,3,leaning_left,train,False,False,2,1,2,1.5,train/leaning_left/extract1758_jpg.rf.76691af20ee3a4996cd37aac56f17bd9.jpg,P4_same_label_same_split
CL00193,3,leaning_left | leaning_right,train,True,False,2,1,2,1.5,train/leaning_left/extract2594_jpg.rf.9e94117d7c932d06e78ad30983b350f1.jpg,P3_mixed_label
CL00194,3,leaning_left,train,False,False,2,2,2,2.0,train/leaning_left/extract3002_jpg.rf.036ab6537cecddc60a6bb216e4e74f54.jpg,P4_same_label_same_split
CL00195,3,leaning_left,train,False,False,3,0,1,0.667,train/leaning_left/mb0054_jpg.rf.4d496f1eccf663e4c1e72dc267990f62.jpg,P4_same_label_same_split
CL00196,3,leaning_left,train,False,False,2,1,2,1.5,train/leaning_left/mb0210_jpg.rf.056af7955611b315f335cbd795cf963f.jpg,P4_same_label_same_split
CL00197,3,leaning_left,train,False,False,3,0,1,0.667,train/leaning_left/mb20207_jpg.rf.e1a8f1ddbc3223148e6a15066fb9b6ad.jpg,P4_same_label_same_split
CL00198,3,leaning_left,train,False,False,3,1,2,1.333,train/leaning_left/mb20243_jpg.rf.ee847714aa2c28e558fd86ae79bf0844.jpg,P4_same_label_same_split
CL00199,3,leaning_right,train,False,False,3,0,2,1.333,train/leaning_right/extract0483_jpg.rf.ebf77666f0c56dc4b71243b425afebf2.jpg,P4_same_label_same_split
CL00200,3,leaning_right,train,False,False,3,0,2,1.333,train/leaning_right/extract1942_jpg.rf.40884b8a3af6f1e59e2df63678abd7ad.jpg,P4_same_label_same_split
CL00201,3,leaning_right,train,False,False,2,2,2,2.0,train/leaning_right/extract2688_jpg.rf.b114048494eb5c2c73fc9fe015fd7890.jpg,P4_same_label_same_split
CL00202,3,leaning_right,train,False,False,2,2,2,2.0,train/leaning_right/extract3102_jpg.rf.bc48bb62a307bd1aafe8c931a477bbdf.jpg,P4_same_label_same_split
CL00203,3,leaning_right,train,False,False,3,1,2,1.333,train/leaning_right/mb0391_jpg.rf.d355594883b7dd2625f1e8b0b1ac49bb.jpg,P4_same_label_same_split
CL00204,3,leaning_right,train,False,False,3,0,1,0.667,train/leaning_right/mb0523_jpg.rf.85b91bb6ca220d32c5e7f85433754161.jpg,P4_same_label_same_split
CL00205,3,leaning_right,train,False,False,3,1,2,1.333,train/leaning_right/mb20285_jpg.rf.c316a80797036d52873ff8003ed44a38.jpg,P4_same_label_same_split
CL00206,3,upright,train,False,False,3,1,2,1.333,train/upright/extract0003_jpg.rf.c064a8039f13f9f87dcab5f3a9a36f50.jpg,P4_same_label_same_split
CL00207,3,upright,train,False,False,2,1,2,1.5,train/upright/extract0010_jpg.rf.dd1d2ba781d11086f84a1aa04dffef84.jpg,P4_same_label_same_split
CL00208,3,upright,train,False,False,3,0,1,0.667,train/upright/extract2713_jpg.rf.0d7ef612bc243a0bd9a1fea2a8975cd7.jpg,P4_same_label_same_split
CL00209,3,upright,train,False,False,3,0,1,0.667,train/upright/extract2946_jpg.rf.a11f1730f6e567f54ce6619db55a5b67.jpg,P4_same_label_same_split
CL00210,3,upright,train,False,False,3,0,1,0.667,train/upright/mb0078_jpg.rf.0f502c31c6bb0335ce295ecdc8414c1c.jpg,P4_same_label_same_split
CL00211,3,upright,train,False,False,3,0,2,1.333,train/upright/mb0143_jpg.rf.d4c07961c410bf1721e4730551240cbd.jpg,P4_same_label_same_split
CL00212,3,upright,train,False,False,3,0,1,0.667,train/upright/mb0185_jpg.rf.1c97eaa80ba3950a4838f5b197235aed.jpg,P4_same_label_same_split
CL00213,3,upright,train,False,False,2,2,2,2.0,train/upright/mb0187_jpg.rf.85b10f6e23141986422ad4857632066e.jpg,P4_same_label_same_split
CL00214,3,upright,train,False,False,3,0,1,0.667,train/upright/mb0294_jpg.rf.e28ac26bc95a70f642d99be7b4f5a491.jpg,P4_same_label_same_split
CL00215,3,leaning_forward | upright,train | valid,True,True,3,1,2,1.333,train/upright/mb0467_jpg.rf.7e27bce0cc59ea6e1c174dd53d859001.jpg,P1_mixed_label_cross_split
CL00216,3,upright,train,False,False,3,2,2,2.0,train/upright/mb0506_jpg.rf.fb5aa7a3be3a35bc7cadc71a925386c9.jpg,P4_same_label_same_split
CL00217,3,upright,train,False,False,2,2,2,2.0,train/upright/mb0530_jpg.rf.18906141dd28b1cffb5af1214f56c4ce.jpg,P4_same_label_same_split
CL00218,3,leaning_forward,valid,False,False,3,0,0,0.0,valid/leaning_forward/extract1264_jpg.rf.39c979e5941167c4587b69de946017aa.jpg,P4_same_label_same_split
CL00219,3,leaning_forward,valid,False,False,3,0,0,0.0,valid/leaning_forward/extract1391_jpg.rf.40be0ec2278fe159ba53d8ee5cc4cae3.jpg,P4_same_label_same_split
CL00220,3,leaning_forward,valid,False,False,3,1,2,1.333,valid/leaning_forward/extract1434_jpg.rf.0ad7f5f9f64eb4dfa60275198e5a7d48.jpg,P4_same_label_same_split
CL00221,3,leaning_forward,valid,False,False,3,0,2,1.333,valid/leaning_forward/extract1460_jpg.rf.fbef2a8887c529d1f50eca1ca4640876.jpg,P4_same_label_same_split
CL00222,3,leaning_forward,valid,False,False,3,0,2,1.333,valid/leaning_forward/extract1462_jpg.rf.11e3838da31820d9d61021bf3f761b78.jpg,P4_same_label_same_split
CL00223,3,leaning_forward,valid,False,False,3,0,2,1.333,valid/leaning_forward/extract1468_jpg.rf.dabcdf52b9a544ba427cdeb6559e8ec2.jpg,P4_same_label_same_split
CL00224,3,leaning_forward,valid,False,False,3,0,2,1.333,valid/leaning_forward/extract1472_jpg.rf.4e04348a82c08363e8d9c1eeb5b8454a.jpg,P4_same_label_same_split
CL00225,3,leaning_forward,valid,False,False,2,1,2,1.5,valid/leaning_forward/extract1475_jpg.rf.7681eca8186a400db3aa72f362d0aa9a.jpg,P4_same_label_same_split
CL00226,3,leaning_forward,valid,False,False,3,0,0,0.0,valid/leaning_forward/extract1528_jpg.rf.6fbb72b2e85c3eabf2aee3c8aeee3694.jpg,P4_same_label_same_split
CL00227,3,leaning_forward,valid,False,False,3,1,2,1.333,valid/leaning_forward/mb0008_jpg.rf.21ffef7d5ee16fd189a0a9049cd6852b.jpg,P4_same_label_same_split
CL00228,3,leaning_forward,valid,False,False,3,0,0,0.0,valid/leaning_forward/mb0047_jpg.rf.e1cedcbf53f1f328749bdc596ac08611.jpg,P4_same_label_same_split
CL00229,3,leaning_forward,valid,False,False,3,0,1,0.667,valid/leaning_forward/mb0396_jpg.rf.f190bbe777fff77504761164fbf9e2a3.jpg,P4_same_label_same_split
CL00230,2,leaning_backward,test | train,False,True,1,2,2,2.0,test/leaning_backward/extract0005_jpg.rf.b03d4d44d87b4673ecac12fd1e67e1f6.jpg,P2_cross_split
CL00231,2,leaning_backward,test | valid,False,True,1,0,0,0.0,valid/leaning_backward/mb0318_jpg.rf.b75d1cbe0c575ed4b7fb30a2d5a7beb9.jpg,P2_cross_split
CL00232,2,leaning_backward,test | valid,False,True,1,1,1,1.0,test/leaning_backward/mb20292_jpg.rf.94fdb17c070ed9adfa3bd1c32b3e1868.jpg,P2_cross_split
CL00233,2,leaning_forward,test,False,False,1,2,2,2.0,test/leaning_forward/2023-11-21-031658_jpg.rf.4dd0b9c792d6d770c81e552e309c763e.jpg,P4_same_label_same_split
CL00234,2,leaning_forward,test,False,False,1,0,0,0.0,test/leaning_forward/extract0002_jpg.rf.27bfae47d117b29927efeac2bad2e5fd.jpg,P4_same_label_same_split
CL00235,2,leaning_forward,test,False,False,1,0,0,0.0,test/leaning_forward/extract0001_jpg.rf.cf16824f4a0dac0f1fa84d88d8d7a3f2.jpg,P4_same_label_same_split
CL00236,2,leaning_forward,test,False,False,1,1,1,1.0,test/leaning_forward/extract0001_jpg.rf.d8cb84d7ec7e08f3962f60444148af0c.jpg,P4_same_label_same_split
CL00237,2,leaning_forward,test,False,False,1,1,1,1.0,test/leaning_forward/extract0003_jpg.rf.fbd4d9643038a86aea0ef233be985f85.jpg,P4_same_label_same_split
CL00238,2,leaning_forward,test,False,False,1,2,2,2.0,test/leaning_forward/extract0009_jpg.rf.2bf6c5594187df37132b826d743bb883.jpg,P4_same_label_same_split
CL00239,2,leaning_forward,test,False,False,1,0,0,0.0,test/leaning_forward/extract0011_jpg.rf.cbc92c344be0106265813e9dfe844641.jpg,P4_same_label_same_split
CL00240,2,leaning_forward,test,False,False,1,1,1,1.0,test/leaning_forward/extract0021_jpg.rf.93efd9fa5bfa0d6f6b34b9b5b9eaaa99.jpg,P4_same_label_same_split
CL00241,2,leaning_forward | upright,test | train,True,True,1,0,0,0.0,train/upright/extract0030_jpg.rf.699e445b9767fb7389e22d489d6de6cb.jpg,P1_mixed_label_cross_split
CL00242,2,leaning_forward,test,False,False,1,2,2,2.0,test/leaning_forward/extract0117_jpg.rf.aedfdea6bd1781e0fca8a9338e17578d.jpg,P4_same_label_same_split
CL00243,2,leaning_forward,test,False,False,1,2,2,2.0,test/leaning_forward/extract0121_jpg.rf.5c631de71eaa7fd5830c94fce306dd59.jpg,P4_same_label_same_split
CL00244,2,leaning_forward,test,False,False,1,1,1,1.0,test/leaning_forward/extract2236_jpg.rf.632c7cdb9f25040a342df89988b1d2a1.jpg,P4_same_label_same_split
CL00245,2,leaning_forward,test,False,False,1,1,1,1.0,test/leaning_forward/extract2243_jpg.rf.a4cc40bb6f7774d4993150a29e266dcd.jpg,P4_same_label_same_split
CL00246,2,leaning_forward,test,False,False,1,1,1,1.0,test/leaning_forward/extract2268_jpg.rf.36bd97e37470bdbcb78dee7379196c97.jpg,P4_same_label_same_split
CL00247,2,leaning_left,test,False,False,1,1,1,1.0,test/leaning_left/VidWebCam_frame_2464_png_jpg.rf.69dcae105da24353164c15a9aea345f9.jpg,P4_same_label_same_split
CL00248,2,leaning_left,test,False,False,1,2,2,2.0,test/leaning_left/VidWebCam_frame_2618_png_jpg.rf.ed42d1df6e35023d33d7b18a042cdcf7.jpg,P4_same_label_same_split
CL00249,2,leaning_backward,train,False,False,1,2,2,2.0,train/leaning_backward/extract0007_jpg.rf.0b90276d657178513244b4e37da1cab1.jpg,P4_same_label_same_split
CL00250,2,leaning_backward,train | valid,False,True,1,1,1,1.0,valid/leaning_backward/extract0008_jpg.rf.79fb262850f5a06f242ee3634227cc66.jpg,P2_cross_split
CL00251,2,leaning_backward,train | valid,False,True,1,2,2,2.0,valid/leaning_backward/extract0009_jpg.rf.f5243a54f628b87634dba85d78740515.jpg,P2_cross_split
CL00252,2,leaning_backward,train | valid,False,True,1,0,0,0.0,train/leaning_backward/extract0012_jpg.rf.3d49efb4bb79a6714466c63f3e21975f.jpg,P2_cross_split
CL00253,2,leaning_backward,train,False,False,1,2,2,2.0,train/leaning_backward/extract3277_jpg.rf.426f8a9a08970a61a634ed91b1e4e367.jpg,P4_same_label_same_split
CL00254,2,leaning_backward,train,False,False,1,2,2,2.0,train/leaning_backward/mb0073_jpg.rf.5cef916c00984ead471a584a4fd68e6c.jpg,P4_same_label_same_split
CL00255,2,leaning_backward,train,False,False,1,2,2,2.0,train/leaning_backward/mb0110_jpg.rf.6e764886441d3d6cee4ffc3ea894253f.jpg,P4_same_label_same_split
CL00256,2,leaning_backward,train,False,False,1,2,2,2.0,train/leaning_backward/mb0286_jpg.rf.b62c65a8d5d83241aa55905d96995e65.jpg,P4_same_label_same_split
CL00257,2,leaning_backward,train,False,False,1,0,0,0.0,train/leaning_backward/mb0290_jpg.rf.0b643c1b3512f6bd936172624dbba50c.jpg,P4_same_label_same_split
CL00258,2,leaning_backward,train,False,False,1,1,1,1.0,train/leaning_backward/mb0372_jpg.rf.913d485c096cc817792840404cdb5268.jpg,P4_same_label_same_split
CL00259,2,leaning_backward,train,False,False,1,1,1,1.0,train/leaning_backward/mb0373_jpg.rf.152e1780fe92b62337ce7c93e899d427.jpg,P4_same_label_same_split
CL00260,2,leaning_backward,train | valid,False,True,1,2,2,2.0,train/leaning_backward/mb0404_jpg.rf.b5c8213b57054606a73a153a8b74f6c3.jpg,P2_cross_split
CL00261,2,leaning_backward,train,False,False,1,1,1,1.0,train/leaning_backward/mb0432_jpg.rf.255981aa1539944d5b890978e8d9dc00.jpg,P4_same_label_same_split
CL00262,2,leaning_backward | leaning_forward,train | valid,True,True,1,1,1,1.0,train/leaning_backward/mb0444_jpg.rf.8ecc2d349d8e062f161f561324bd2d9a.jpg,P1_mixed_label_cross_split
CL00263,2,leaning_backward,train | valid,False,True,1,1,1,1.0,train/leaning_backward/mb0480_jpg.rf.9c819f73c4ef70ef77bfe7686f24e5f5.jpg,P2_cross_split
CL00264,2,leaning_backward,train | valid,False,True,1,2,2,2.0,valid/leaning_backward/mb0500_jpg.rf.75a27bc6f61212d4b55bbcb58f6ddb20.jpg,P2_cross_split
CL00265,2,leaning_backward,train | valid,False,True,1,1,1,1.0,valid/leaning_backward/mb0509_jpg.rf.e28d6dda563db19d3c96bba3e7d123f3.jpg,P2_cross_split
CL00266,2,leaning_left,train,False,False,1,0,0,0.0,train/leaning_left/extract0001_jpg.rf.d66a70792fb306ef4d18cec2d5505481.jpg,P4_same_label_same_split
CL00267,2,leaning_left,train,False,False,1,0,0,0.0,train/leaning_left/extract0006_jpg.rf.babeb4872738d3a52e2bbe1624616aa7.jpg,P4_same_label_same_split
CL00268,2,leaning_left,train,False,False,1,1,1,1.0,train/leaning_left/extract0345_jpg.rf.a4899ca745929967aa44a120a9eb63e1.jpg,P4_same_label_same_split
CL00269,2,leaning_left,train,False,False,1,1,1,1.0,train/leaning_left/extract0412_jpg.rf.795165e9454d3116e6aa5323a1c030cd.jpg,P4_same_label_same_split
CL00270,2,leaning_left,train,False,False,1,0,0,0.0,train/leaning_left/extract0436_jpg.rf.3effa19062432fdcd65370abd68463c7.jpg,P4_same_label_same_split
CL00271,2,leaning_left,train,False,False,1,1,1,1.0,train/leaning_left/extract0770_jpg.rf.65596105b62ea9d28c5786525abb13df.jpg,P4_same_label_same_split
CL00272,2,leaning_left,train,False,False,1,2,2,2.0,train/leaning_left/extract1293_jpg.rf.a8e366d384ba26ddb4e22de72b94c770.jpg,P4_same_label_same_split
CL00273,2,leaning_left,train,False,False,1,2,2,2.0,train/leaning_left/extract1344_jpg.rf.72b9b34048c3dda9b79e1698472977a1.jpg,P4_same_label_same_split
CL00274,2,leaning_forward | leaning_left,train | valid,True,True,1,2,2,2.0,valid/leaning_forward/extract1347_jpg.rf.3b4251e35520c15358658d00faf8438a.jpg,P1_mixed_label_cross_split
CL00275,2,leaning_left,train,False,False,1,0,0,0.0,train/leaning_left/extract1761_jpg.rf.f36f465d0a19546b2d53c33592b7a28f.jpg,P4_same_label_same_split
CL00276,2,leaning_left,train,False,False,1,1,1,1.0,train/leaning_left/extract1833_jpg.rf.f8b17e43b2dc2ff8c9671d38bccbfa20.jpg,P4_same_label_same_split
CL00277,2,leaning_left,train,False,False,1,2,2,2.0,train/leaning_left/extract2493_jpg.rf.d8af0b4a51a7dc30e742156cd2add6a3.jpg,P4_same_label_same_split
CL00278,2,leaning_left,train,False,False,1,1,1,1.0,train/leaning_left/extract2494_jpg.rf.b3ee491afd3ef38bab1000be730fa427.jpg,P4_same_label_same_split
CL00279,2,leaning_left,train,False,False,1,1,1,1.0,train/leaning_left/extract2497_jpg.rf.a69be37de777db431a1d020baea1aac0.jpg,P4_same_label_same_split
CL00280,2,leaning_left,train,False,False,1,0,0,0.0,train/leaning_left/extract2536_jpg.rf.19721459fd5a9160277f61e71e3620ed.jpg,P4_same_label_same_split
CL00281,2,leaning_left,train,False,False,1,1,1,1.0,train/leaning_left/extract2590_jpg.rf.ca3b50357ae15340ad45e6dfc8a8907d.jpg,P4_same_label_same_split
CL00282,2,leaning_left | leaning_right,train,True,False,1,1,1,1.0,train/leaning_right/extract2593_jpg.rf.596d20f35ae8dd51b6d8d06759767c46.jpg,P3_mixed_label
CL00283,2,leaning_left,train,False,False,1,2,2,2.0,train/leaning_left/extract3379_jpg.rf.1b39f2ffc7c5c8ec376c286479a07911.jpg,P4_same_label_same_split
CL00284,2,leaning_forward | leaning_left,train | valid,True,True,1,1,1,1.0,valid/leaning_forward/extract3482_jpg.rf.a30adb6e3842ebc18f534ced5822b94c.jpg,P1_mixed_label_cross_split
CL00285,2,leaning_left,train,False,False,1,0,0,0.0,train/leaning_left/mb0057_jpg.rf.a2670adf37fe285438b20076c869b863.jpg,P4_same_label_same_split
CL00286,2,leaning_left,train,False,False,1,2,2,2.0,train/leaning_left/mb0194_jpg.rf.04b718fd6ddde20d842f1a9b0db6a738.jpg,P4_same_label_same_split
CL00287,2,leaning_left,train,False,False,1,2,2,2.0,train/leaning_left/mb0336_jpg.rf.865026cdecd14881ddcf6745b5f8363a.jpg,P4_same_label_same_split
CL00288,2,leaning_left,train,False,False,1,0,0,0.0,train/leaning_left/mb0428_jpg.rf.5a6c7edb56f1294a52d8079800137d6a.jpg,P4_same_label_same_split
CL00289,2,leaning_left,train,False,False,1,1,1,1.0,train/leaning_left/mb0450_jpg.rf.c662064fd3ea8adbadb8e9380def6291.jpg,P4_same_label_same_split
CL00290,2,leaning_left,train,False,False,1,1,1,1.0,train/leaning_left/mb0469_jpg.rf.76afd546bf6792115a113e95bf7b7598.jpg,P4_same_label_same_split
CL00291,2,leaning_forward | leaning_left,train | valid,True,True,1,2,2,2.0,train/leaning_left/mb0495_jpg.rf.9744dbe1b00b689102c3dd610634cdf1.jpg,P1_mixed_label_cross_split
CL00292,2,leaning_left,train,False,False,1,1,1,1.0,train/leaning_left/mb20025_jpg.rf.1e83603a300bedc03225ef452230fbaa.jpg,P4_same_label_same_split
CL00293,2,leaning_left,train,False,False,1,1,1,1.0,train/leaning_left/mb20049_jpg.rf.f73699fde5ba06cbc007d67126ce54e6.jpg,P4_same_label_same_split
CL00294,2,leaning_left,train,False,False,1,0,0,0.0,train/leaning_left/mb20290_jpg.rf.b4d9429cff34c779fa7a733d94afdc88.jpg,P4_same_label_same_split
CL00295,2,leaning_right,train,False,False,1,2,2,2.0,train/leaning_right/extract0479_jpg.rf.afa80b8f9d6c561f8f703921aae2dcf9.jpg,P4_same_label_same_split
CL00296,2,leaning_right,train,False,False,1,1,1,1.0,train/leaning_right/extract0736_jpg.rf.21a06dcacb333674076ba0cb4dcf2905.jpg,P4_same_label_same_split
CL00297,2,leaning_right,train,False,False,1,0,0,0.0,train/leaning_right/extract1210_jpg.rf.591e45bd3ccf446e89f45160d2fe3e9d.jpg,P4_same_label_same_split
CL00298,2,leaning_forward | leaning_right,train | valid,True,True,1,2,2,2.0,valid/leaning_forward/extract1348_jpg.rf.7fa74c88eb4858732cf240d855b6c021.jpg,P1_mixed_label_cross_split
CL00299,2,leaning_right,train,False,False,1,0,0,0.0,train/leaning_right/extract1357_jpg.rf.7456469c37e150ae3e4dd81cbb45ab65.jpg,P4_same_label_same_split
CL00300,2,leaning_right,train,False,False,1,2,2,2.0,train/leaning_right/extract1922_jpg.rf.ff912a94a572788e07d699ab5cd4f0cc.jpg,P4_same_label_same_split
CL00301,2,leaning_right,train,False,False,1,2,2,2.0,train/leaning_right/extract2625_jpg.rf.2ada47d9c8fcf256e44e911fe48e8028.jpg,P4_same_label_same_split
CL00302,2,leaning_right,train,False,False,1,2,2,2.0,train/leaning_right/extract2627_jpg.rf.47292aaff3fc843c763d8051341080d1.jpg,P4_same_label_same_split
CL00303,2,leaning_right,train,False,False,1,1,1,1.0,train/leaning_right/extract2629_jpg.rf.4ee424e5cd7a2730252f12e6f627c056.jpg,P4_same_label_same_split
CL00304,2,leaning_right,train,False,False,1,1,1,1.0,train/leaning_right/extract2631_jpg.rf.f1f71f80cfc3de7faf0f45650d69bbef.jpg,P4_same_label_same_split
CL00305,2,leaning_right,train,False,False,1,0,0,0.0,train/leaning_right/extract2638_jpg.rf.2d68fa13bd5675d9f760cd1ffb54304b.jpg,P4_same_label_same_split
CL00306,2,leaning_right,train,False,False,1,1,1,1.0,train/leaning_right/mb0015_jpg.rf.7817e56de1c0b1559e38e57a7d33060a.jpg,P4_same_label_same_split
CL00307,2,leaning_right,train,False,False,1,1,1,1.0,train/leaning_right/mb0127_jpg.rf.1839d8b1772a25346526e2237387f695.jpg,P4_same_label_same_split
CL00308,2,leaning_right,train,False,False,1,1,1,1.0,train/leaning_right/mb0213_jpg.rf.a68e476fdac35c202b6be3dd658b1313.jpg,P4_same_label_same_split
CL00309,2,leaning_forward | leaning_right,train | valid,True,True,1,0,0,0.0,train/leaning_right/mb0271_jpg.rf.bfe1a54beee5c5201050845a255913e6.jpg,P1_mixed_label_cross_split
CL00310,2,leaning_right,train,False,False,1,0,0,0.0,train/leaning_right/mb0280_jpg.rf.14a9ac3bf776384921455f6d2cbac8a0.jpg,P4_same_label_same_split
CL00311,2,leaning_forward | leaning_right,train | valid,True,True,1,0,0,0.0,train/leaning_right/mb0340_jpg.rf.ab1315bbfdc64eb51fdbfe671e5f75d3.jpg,P1_mixed_label_cross_split
CL00312,2,leaning_forward | leaning_right,train | valid,True,True,1,2,2,2.0,train/leaning_right/mb0452_jpg.rf.fc40350123de4189bb4cf9c3e31191dd.jpg,P1_mixed_label_cross_split
CL00313,2,leaning_right,train,False,False,1,0,0,0.0,train/leaning_right/mb0472_jpg.rf.9de49db94119bdd269a50b9b8858243a.jpg,P4_same_label_same_split
CL00314,2,leaning_right,train,False,False,1,0,0,0.0,train/leaning_right/mb20011_jpg.rf.b6029ecb491536277da9b946f21de30b.jpg,P4_same_label_same_split
CL00315,2,leaning_right,train,False,False,1,0,0,0.0,train/leaning_right/mb20014_jpg.rf.f081350b9d0797c1b011bd31411fa877.jpg,P4_same_label_same_split
CL00316,2,leaning_right,train,False,False,1,2,2,2.0,train/leaning_right/mb20047_jpg.rf.8600c1e4bdb8b5761670175081b4baae.jpg,P4_same_label_same_split
CL00317,2,upright,train,False,False,1,2,2,2.0,train/upright/VidWebCam_frame_1925_png_jpg.rf.5cbd9a3d6f71c368dbd3609860fabd6b.jpg,P4_same_label_same_split
CL00318,2,upright,train,False,False,1,2,2,2.0,train/upright/VidWebCam_frame_77_png_jpg.rf.cf71209e70c807a57df114b64f6d439d.jpg,P4_same_label_same_split
CL00319,2,upright,train,False,False,1,1,1,1.0,train/upright/extract0015_jpg.rf.b4271f5d2c585798782180e1f754b9ed.jpg,P4_same_label_same_split
CL00320,2,upright,train,False,False,1,0,0,0.0,train/upright/extract0028_jpg.rf.767eb602d40f132246626f8984f625ff.jpg,P4_same_label_same_split
CL00321,2,leaning_forward | upright,train | valid,True,True,1,2,2,2.0,valid/leaning_forward/extract0764_jpg.rf.4efd1070c068bec9446163e3978946d4.jpg,P1_mixed_label_cross_split
CL00322,2,upright,train,False,False,1,1,1,1.0,train/upright/extract1036_jpg.rf.88e2e0985cbe4d0f9c7ec8fc412ab606.jpg,P4_same_label_same_split
CL00323,2,upright,train,False,False,1,1,1,1.0,train/upright/extract2434_jpg.rf.0d002932a71e3c086c69a3973f7caeca.jpg,P4_same_label_same_split
CL00324,2,upright,train,False,False,1,0,0,0.0,train/upright/mb0068_jpg.rf.30218ecc697e6435b8a7ff31d647921d.jpg,P4_same_label_same_split
CL00325,2,upright,train,False,False,1,2,2,2.0,train/upright/mb0098_jpg.rf.eec95520c6e46fa2689594042ec86de3.jpg,P4_same_label_same_split
CL00326,2,upright,train,False,False,1,2,2,2.0,train/upright/mb0100_jpg.rf.c9b90826b9e66e215b4927fe6820ff2e.jpg,P4_same_label_same_split
CL00327,2,upright,train,False,False,1,0,0,0.0,train/upright/mb0175_jpg.rf.a35e94fa7427b6266171fade4190f4e3.jpg,P4_same_label_same_split
CL00328,2,upright,train,False,False,1,2,2,2.0,train/upright/mb0204_jpg.rf.cd177718187bd4958fcd213cb75e0643.jpg,P4_same_label_same_split
CL00329,2,upright,train,False,False,1,1,1,1.0,train/upright/mb0228_jpg.rf.886aedd01fa156cdcc120b5554f567aa.jpg,P4_same_label_same_split
CL00330,2,upright,train,False,False,1,1,1,1.0,train/upright/mb0246_jpg.rf.d4a23220daa584dcba10efaaae34ea46.jpg,P4_same_label_same_split
CL00331,2,upright,train,False,False,1,0,0,0.0,train/upright/mb0268_jpg.rf.b44809168ce1ec377436d3cfa78c82ff.jpg,P4_same_label_same_split
CL00332,2,upright,train,False,False,1,2,2,2.0,train/upright/mb0347_jpg.rf.d900d419a81fd0da73a1a9a644b63d60.jpg,P4_same_label_same_split
CL00333,2,upright,train,False,False,1,1,1,1.0,train/upright/mb0376_jpg.rf.56bf13fdc91ef95a3a14fa1c82dc6dec.jpg,P4_same_label_same_split
CL00334,2,upright,train,False,False,1,2,2,2.0,train/upright/mb0534_jpg.rf.b324eeef448ca60576a7331af9b560f2.jpg,P4_same_label_same_split
CL00335,2,leaning_backward,valid,False,False,1,0,0,0.0,valid/leaning_backward/mb20216_jpg.rf.bd0a99f4d5f19a2920c9fd11d1239197.jpg,P4_same_label_same_split
CL00336,2,leaning_forward,valid,False,False,1,1,1,1.0,valid/leaning_forward/VidWebCam_frame_1155_png_jpg.rf.7f565605dbef239b4d8d3648a48ae3a4.jpg,P4_same_label_same_split
CL00337,2,leaning_forward,valid,False,False,1,2,2,2.0,valid/leaning_forward/VidWebCam_frame_1617_png_jpg.rf.3a4adca6d337fc187b4cffc77adac5a0.jpg,P4_same_label_same_split
CL00338,2,leaning_forward,valid,False,False,1,2,2,2.0,valid/leaning_forward/VidWebCam_frame_1694_png_jpg.rf.95e506cd41f0acb934144d24600307d0.jpg,P4_same_label_same_split
CL00339,2,leaning_forward,valid,False,False,1,2,2,2.0,valid/leaning_forward/VidWebCam_frame_2849_png_jpg.rf.88ed32720e72aaa919e38b1a8cb9e135.jpg,P4_same_label_same_split
CL00340,2,leaning_forward,valid,False,False,1,1,1,1.0,valid/leaning_forward/VidWebCam_frame_3234_png_jpg.rf.7081182cbcb3eac0499f2f8b51f2a0e3.jpg,P4_same_label_same_split
CL00341,2,leaning_forward,valid,False,False,1,2,2,2.0,valid/leaning_forward/extract0337_jpg.rf.96da723c58bca453fbe1b14960d18614.jpg,P4_same_label_same_split
CL00342,2,leaning_forward,valid,False,False,1,0,0,0.0,valid/leaning_forward/extract0834_jpg.rf.9820b121e9eff0d7ae630e7c8da46bcc.jpg,P4_same_label_same_split
CL00343,2,leaning_forward,valid,False,False,1,0,0,0.0,valid/leaning_forward/extract1387_jpg.rf.39bd5fa97f44f984b9a9dca31224f660.jpg,P4_same_label_same_split
CL00344,2,leaning_forward,valid,False,False,1,2,2,2.0,valid/leaning_forward/extract1400_jpg.rf.5bf06e325672f96939c94e5aafff4b3b.jpg,P4_same_label_same_split
CL00345,2,leaning_forward,valid,False,False,1,2,2,2.0,valid/leaning_forward/extract1404_jpg.rf.d690f4626b37c3402086e419667f965a.jpg,P4_same_label_same_split
CL00346,2,leaning_forward,valid,False,False,1,2,2,2.0,valid/leaning_forward/extract1421_jpg.rf.20cddc4ef264b1f4ceec6fd1388f90c9.jpg,P4_same_label_same_split
CL00347,2,leaning_forward,valid,False,False,1,1,1,1.0,valid/leaning_forward/extract1422_jpg.rf.4e7e380bc2bb15f40e3e26ef37990a83.jpg,P4_same_label_same_split
CL00348,2,leaning_forward,valid,False,False,1,1,1,1.0,valid/leaning_forward/extract1431_jpg.rf.c7add75c492c72ce409c546d2c83be2d.jpg,P4_same_label_same_split
CL00349,2,leaning_forward,valid,False,False,1,1,1,1.0,valid/leaning_forward/extract1435_jpg.rf.671bc2c1661bd0bcd6d26c49136ce577.jpg,P4_same_label_same_split
CL00350,2,leaning_forward,valid,False,False,1,2,2,2.0,valid/leaning_forward/extract1456_jpg.rf.b2dde3e4a33b20aec8fd85e9097e3d7f.jpg,P4_same_label_same_split
CL00351,2,leaning_forward,valid,False,False,1,2,2,2.0,valid/leaning_forward/extract1522_jpg.rf.4479f8aecbc07b22a5f1e52818521dd2.jpg,P4_same_label_same_split
CL00352,2,leaning_forward,valid,False,False,1,2,2,2.0,valid/leaning_forward/extract1600_jpg.rf.38d83ffd679ab5facc304955d8e7d9ec.jpg,P4_same_label_same_split
CL00353,2,leaning_forward,valid,False,False,1,1,1,1.0,valid/leaning_forward/extract1607_jpg.rf.c2c395bd501730a005aff2e209a1853d.jpg,P4_same_label_same_split
CL00354,2,leaning_forward,valid,False,False,1,1,1,1.0,valid/leaning_forward/extract1608_jpg.rf.b4c12c2a3bfc73e63192d6e68acf4c16.jpg,P4_same_label_same_split
CL00355,2,leaning_forward,valid,False,False,1,1,1,1.0,valid/leaning_forward/extract1627_jpg.rf.dd2dd54a2b77041b0785c8830b169888.jpg,P4_same_label_same_split
CL00356,2,leaning_forward,valid,False,False,1,2,2,2.0,valid/leaning_forward/extract1683_jpg.rf.1a803b2ccddc55baaee82c7af43f14ab.jpg,P4_same_label_same_split
CL00357,2,leaning_forward,valid,False,False,1,1,1,1.0,valid/leaning_forward/extract3166_jpg.rf.c06ea8275a18b809edb8841124027ad2.jpg,P4_same_label_same_split
CL00358,2,leaning_forward,valid,False,False,1,0,0,0.0,valid/leaning_forward/extract3484_jpg.rf.d0a2f72293d1f5ca805199a6b5749e33.jpg,P4_same_label_same_split
CL00359,2,leaning_forward,valid,False,False,1,1,1,1.0,valid/leaning_forward/mb0103_jpg.rf.7c82e4f0b5c31aac4de2617da98de707.jpg,P4_same_label_same_split
CL00360,2,leaning_forward,valid,False,False,1,0,0,0.0,valid/leaning_forward/mb0124_jpg.rf.4a6759b4e21b379641923ad5991014e4.jpg,P4_same_label_same_split
CL00361,2,leaning_forward,valid,False,False,1,2,2,2.0,valid/leaning_forward/mb0140_jpg.rf.ee0128479e2465ce1ddd66371e33dcfe.jpg,P4_same_label_same_split
CL00362,2,leaning_forward,valid,False,False,1,0,0,0.0,valid/leaning_forward/mb0180_jpg.rf.85eaad940fa54cdd0daa8276605b1ed3.jpg,P4_same_label_same_split
CL00363,2,leaning_forward,valid,False,False,1,0,0,0.0,valid/leaning_forward/mb0273_jpg.rf.a8b012a2f1807d6fef5563c7fdca9e50.jpg,P4_same_label_same_split
CL00364,2,leaning_forward,valid,False,False,1,0,0,0.0,valid/leaning_forward/mb0305_jpg.rf.5398e8dbbde379560749e5a92f150bf6.jpg,P4_same_label_same_split
CL00365,2,leaning_forward,valid,False,False,1,0,0,0.0,valid/leaning_forward/mb0333_jpg.rf.d4018d2c65eb856de483de6e7d121136.jpg,P4_same_label_same_split
CL00366,2,leaning_forward,valid,False,False,1,2,2,2.0,valid/leaning_forward/mb0344_jpg.rf.3974cb97b4d2e8db38ee443c2a1b0406.jpg,P4_same_label_same_split
CL00367,2,leaning_forward,valid,False,False,1,2,2,2.0,valid/leaning_forward/mb0360_jpg.rf.6c47f133ab54c1074ee61c176e82f36f.jpg,P4_same_label_same_split
CL00368,2,leaning_forward,valid,False,False,1,0,0,0.0,valid/leaning_forward/mb0418_jpg.rf.c8451e42c6906251e36174de107ec613.jpg,P4_same_label_same_split
CL00369,2,leaning_forward,valid,False,False,1,0,0,0.0,valid/leaning_forward/mb0502_jpg.rf.e4e2dc9094931e131ec2b5868e2aeb49.jpg,P4_same_label_same_split
CL00370,2,leaning_forward,valid,False,False,1,1,1,1.0,valid/leaning_forward/mb20182_jpg.rf.6183f6ecad9a9fcf75de4f2d9cb1faee.jpg,P4_same_label_same_split
CL00371,2,leaning_forward,valid,False,False,1,0,0,0.0,valid/leaning_forward/mb20184_jpg.rf.4d9a3602b6526732ddb84b547a5e0908.jpg,P4_same_label_same_split
