image_id,final_label,original_label,decision,filename
IMG00001,leaning_backward,leaning_backward,KEEP,extract0001_jpg.rf.a1332939a94147508e6c3b1eefdacdfe.jpg
IMG00003,leaning_backward,leaning_backward,KEEP,extract0005_jpg.rf.b03d4d44d87b4673ecac12fd1e67e1f6.jpg
IMG00004,leaning_backward,leaning_backward,KEEP,extract0006_jpg.rf.bb14f80d3ed5120d553b720e9fe580a0.jpg
IMG00005,leaning_backward,leaning_backward,KEEP,extract0011_jpg.rf.92d86a7e71a3d849dd3b8635f41189dd.jpg
IMG00006,leaning_backward,leaning_backward,KEEP,extract0013_jpg.rf.64b52fb73c5e806771df0b27184fec9c.jpg
IMG00007,leaning_backward,leaning_backward,KEEP,extract0013_jpg.rf.ab91529194bb5f6acb33be8bb4eae67c.jpg
IMG00011,leaning_backward,leaning_backward,KEEP,extract0608_jpg.rf.deac4b3adfc307ba257a188a5d856676.jpg
IMG00019,leaning_backward,leaning_backward,KEEP,extract2314_jpg.rf.5de2fbe76ab6a0b61ca755b44fe6680f.jpg
IMG00021,leaning_backward,leaning_backward,KEEP,extract2317_jpg.rf.1108843af13f5a3f48e57db881b346f1.jpg
IMG00023,leaning_backward,leaning_backward,KEEP,extract2337_jpg.rf.252b286b6a53e82bd5299eff3e97ea23.jpg
IMG00028,leaning_backward,leaning_backward,KEEP,extract2363_jpg.rf.341137ff33ff013450b0e3b679dfbf1f.jpg
IMG00053,leaning_backward,leaning_backward,KEEP,mb0219_jpg.rf.9b413f3d760ce989eb6c8018ae6d43d4.jpg
IMG00055,leaning_backward,leaning_backward,KEEP,mb0285_jpg.rf.4ea80556bc3d646fc74391d1eda67a77.jpg
IMG00057,leaning_backward,leaning_backward,KEEP,mb0371_jpg.rf.d26caadf4d3f3f32f674383d34795a78.jpg
IMG00058,leaning_backward,leaning_backward,KEEP,mb0405_jpg.rf.f777db56432c1cc36b196293f2c5fdca.jpg
IMG00059,leaning_backward,leaning_backward,KEEP,mb0433_jpg.rf.07c2202b4f00a9d43a6492d604200bfc.jpg
IMG00060,leaning_backward,leaning_backward,KEEP,mb0456_jpg.rf.9147061b86c1d46198cc1a428a872eed.jpg
IMG00063,leaning_backward,leaning_backward,KEEP,mb0511_jpg.rf.cd9d457b02d9ca4a24a2b0ca3a647461.jpg
IMG00064,leaning_backward,leaning_backward,KEEP,mb0512_jpg.rf.e6639760c6969746ea587a68e30cddd1.jpg
IMG00066,leaning_backward,leaning_backward,KEEP,mb20221_jpg.rf.957d88a339622d8fd57ba681ef87461e.jpg
IMG00070,leaning_backward,leaning_backward,KEEP,mb20266_jpg.rf.ef6426be07024ca479991fb118fbd7f2.jpg
IMG00072,leaning_backward,leaning_backward,KEEP,mb20292_jpg.rf.94fdb17c070ed9adfa3bd1c32b3e1868.jpg
IMG00073,leaning_forward,leaning_forward,KEEP,2023-11-21-031524_jpg.rf.0a17e7726a30ebc4f93b9a510443399c.jpg
IMG00074,leaning_forward,leaning_forward,KEEP,2023-11-21-031524_jpg.rf.6d51736ae46cd3ef37dd0f82de885ed0.jpg
IMG00075,leaning_forward,leaning_forward,KEEP,2023-11-21-031524_jpg.rf.b2f768337139388a70d2e117841b745d.jpg
IMG00077,leaning_forward,leaning_forward,KEEP,2023-11-21-031605_jpg.rf.9461d31bc9416f19e555bd233447a72c.jpg
IMG00079,leaning_forward,leaning_forward,KEEP,2023-11-21-031658_jpg.rf.4dd0b9c792d6d770c81e552e309c763e.jpg
IMG00081,leaning_forward,leaning_forward,KEEP,2023-11-21-031658_jpg.rf.b864a1bfcf169ab5d90f6d1a4772e1d7.jpg
IMG00083,leaning_forward,leaning_forward,KEEP,extract0001_jpg.rf.cf16824f4a0dac0f1fa84d88d8d7a3f2.jpg
IMG00084,leaning_forward,leaning_forward,KEEP,extract0001_jpg.rf.d8cb84d7ec7e08f3962f60444148af0c.jpg
IMG00086,leaning_forward,leaning_forward,KEEP,extract0002_jpg.rf.27bfae47d117b29927efeac2bad2e5fd.jpg
IMG00090,leaning_forward,leaning_forward,KEEP,extract0003_jpg.rf.31a7a88936258eaa8e261dd3c5c2027c.jpg
IMG00091,leaning_forward,leaning_forward,KEEP,extract0003_jpg.rf.6148914f9d9e2539bce17ce14bcb90a5.jpg
IMG00092,leaning_forward,leaning_forward,KEEP,extract0003_jpg.rf.f7c914462723b41bb445b3119be13190.jpg
IMG00093,leaning_forward,leaning_forward,KEEP,extract0003_jpg.rf.fbd4d9643038a86aea0ef233be985f85.jpg
IMG00095,leaning_forward,leaning_forward,KEEP,extract0004_jpg.rf.a1f4d4c42ee54282a00131472462b935.jpg
IMG00097,leaning_forward,leaning_forward,KEEP,extract0004_jpg.rf.f74fba1a6c16e00c45f977b7d3f3717b.jpg
IMG00099,leaning_forward,leaning_forward,KEEP,extract0005_jpg.rf.280e9d8a1088c1d2518fbbe92bd73a27.jpg
IMG00100,leaning_forward,leaning_forward,KEEP,extract0005_jpg.rf.d10a8df2f2b7c4f25eb227be37b215bb.jpg
IMG00101,leaning_forward,leaning_forward,KEEP,extract0005_jpg.rf.f38224fdc93e8b04bbe8295727e6b919.jpg
IMG00102,leaning_forward,leaning_forward,KEEP,extract0006_jpg.rf.701809f374720429cd458c272f5a3f1f.jpg
IMG00103,leaning_forward,leaning_forward,KEEP,extract0006_jpg.rf.973423e411ab2903bf701af0627f809f.jpg
IMG00104,leaning_forward,leaning_forward,KEEP,extract0006_jpg.rf.ae474a861f5fbb89b90e5c5a4d50a955.jpg
IMG00106,leaning_forward,leaning_forward,KEEP,extract0007_jpg.rf.30e69704582633c287e3eb9041e6e30b.jpg
IMG00108,leaning_forward,leaning_forward,KEEP,extract0007_jpg.rf.497c8dc5f241e1106ae39e2c5ca4b1aa.jpg
IMG00109,leaning_forward,leaning_forward,KEEP,extract0007_jpg.rf.fc399dd95c6a49fc092b2656c7166e01.jpg
IMG00110,leaning_forward,leaning_forward,KEEP,extract0008_jpg.rf.43cfab8e7dc5d8f0139e575684819daa.jpg
IMG00112,leaning_forward,leaning_forward,KEEP,extract0008_jpg.rf.efd87d3499782cdc652f220627e63405.jpg
IMG00113,leaning_forward,leaning_forward,KEEP,extract0009_jpg.rf.2bf6c5594187df37132b826d743bb883.jpg
IMG00114,leaning_forward,leaning_forward,KEEP,extract0009_jpg.rf.92128b89c296f6b081af5e5780a611b3.jpg
IMG00115,leaning_forward,leaning_forward,KEEP,extract0009_jpg.rf.b3262f96ab598b5bb56b4f42055689d3.jpg
IMG00116,leaning_forward,leaning_forward,KEEP,extract0010_jpg.rf.03f47cf91bb5ad3d931964086b3a5b23.jpg
IMG00117,leaning_forward,leaning_forward,KEEP,extract0010_jpg.rf.3cdac53d59015a6c7b2cbfc89fe3124f.jpg
IMG00118,leaning_forward,leaning_forward,KEEP,extract0010_jpg.rf.8eb1234b63f03997b3afadc6dea09230.jpg
IMG00121,leaning_forward,leaning_forward,KEEP,extract0011_jpg.rf.cbc92c344be0106265813e9dfe844641.jpg
IMG00122,leaning_forward,leaning_forward,KEEP,extract0011_jpg.rf.fa96be3dfc83cecb47562006e60b5a86.jpg
IMG00124,leaning_forward,leaning_forward,KEEP,extract0012_jpg.rf.899d5cc64aa1976c1b1546f835c3663a.jpg
IMG00127,leaning_forward,leaning_forward,KEEP,extract0018_jpg.rf.0750582dcc6d0719e6b8e5f775feae46.jpg
IMG00128,leaning_forward,leaning_forward,KEEP,extract0018_jpg.rf.46867510930da907262def29d72fc523.jpg
IMG00129,leaning_forward,leaning_forward,KEEP,extract0019_jpg.rf.4abe65f192bb87114e9f8297122f90da.jpg
IMG00130,leaning_forward,leaning_forward,KEEP,extract0019_jpg.rf.b766c66bb67dd90a996b8cdf23f5a46b.jpg
IMG00131,leaning_forward,leaning_forward,KEEP,extract0020_jpg.rf.48de0d0fca8827df1c0d71194d78d32f.jpg
IMG00132,leaning_forward,leaning_forward,KEEP,extract0020_jpg.rf.d6604e2f770c1696401053070b276269.jpg
IMG00133,leaning_forward,leaning_forward,KEEP,extract0021_jpg.rf.864c6c9a1ed379cd7af62c77b7a9125c.jpg
IMG00134,leaning_forward,leaning_forward,KEEP,extract0021_jpg.rf.93efd9fa5bfa0d6f6b34b9b5b9eaaa99.jpg
IMG00136,leaning_forward,leaning_forward,KEEP,extract0022_jpg.rf.a7b918ddb8a9bd118054096261207d87.jpg
IMG00138,leaning_forward,leaning_forward,KEEP,extract0023_jpg.rf.7ce396b4676d345fa997fe23f5cb8a6a.jpg
IMG00139,leaning_forward,leaning_forward,KEEP,extract0023_jpg.rf.9696bba1199e2f0446c409cb822868df.jpg
IMG00140,leaning_forward,leaning_forward,KEEP,extract0024_jpg.rf.38ae5d385d5a17369406ec0ca34ae249.jpg
IMG00141,leaning_forward,leaning_forward,KEEP,extract0025_jpg.rf.05ea716581fe20a2e0f38257dbfa2982.jpg
IMG00142,leaning_forward,leaning_forward,KEEP,extract0026_jpg.rf.9b7c0a1d8095b20e05e00ece4542a1b3.jpg
IMG00143,leaning_forward,leaning_forward,KEEP,extract0027_jpg.rf.b1c63fb57593d522b8349ebebf296f04.jpg
IMG00145,leaning_forward,leaning_forward,KEEP,extract0032_jpg.rf.ae303e585575209f5732d623cd591220.jpg
IMG00146,leaning_forward,leaning_forward,KEEP,extract0033_jpg.rf.b296c477e5f067ab52cab8226e6f2334.jpg
IMG00147,leaning_forward,leaning_forward,KEEP,extract0034_jpg.rf.ecae8c5776af438dd339e2495e9c8964.jpg
IMG00154,leaning_forward,leaning_forward,KEEP,extract0041_jpg.rf.5c8f75ac7165a82acce704ad6e266f29.jpg
IMG00157,leaning_forward,leaning_forward,KEEP,extract0044_jpg.rf.3b76a417ecbe30ebbd7a5e4720c9558b.jpg
IMG00165,leaning_forward,leaning_forward,KEEP,extract0052_jpg.rf.75605433e43082bf23f79655a9efaa0a.jpg
IMG00167,leaning_forward,leaning_forward,KEEP,extract0054_jpg.rf.1c1a15251d4659af6a379a26dc257771.jpg
IMG00178,leaning_forward,leaning_forward,KEEP,extract0066_jpg.rf.2b38802e66ae2e74c53a14861b4e5a23.jpg
IMG00184,leaning_forward,leaning_forward,KEEP,extract0072_jpg.rf.b0f6d954741179bbe2122c14096ac8e2.jpg
IMG00196,leaning_forward,leaning_forward,KEEP,extract0084_jpg.rf.b5b6ada2a3abdeaa30c58f3e70cef345.jpg
IMG00222,leaning_forward,leaning_forward,KEEP,extract0110_jpg.rf.41cb01a421c6f8ad83822817c42a0ed1.jpg
IMG00228,leaning_forward,leaning_forward,KEEP,extract0116_jpg.rf.f10f502b45ce6fab24bb9bd58ac942fa.jpg
IMG00229,leaning_forward,leaning_forward,KEEP,extract0117_jpg.rf.aedfdea6bd1781e0fca8a9338e17578d.jpg
IMG00231,leaning_forward,leaning_forward,KEEP,extract0119_jpg.rf.f912689b52d66785878651cd9e0fec1a.jpg
IMG00233,leaning_forward,leaning_forward,KEEP,extract0121_jpg.rf.5c631de71eaa7fd5830c94fce306dd59.jpg
IMG00234,leaning_forward,leaning_forward,KEEP,extract0122_jpg.rf.6cd7c82c63c16ada38b0fdbe2c011fab.jpg
IMG00248,leaning_forward,leaning_forward,KEEP,extract0234_jpg.rf.6fe8fd1f022bbe12b8af059cf8f35e0a.jpg
IMG00250,leaning_forward,leaning_forward,KEEP,extract0236_jpg.rf.ac280447e35b7c3783ccd53588099294.jpg
IMG00263,leaning_forward,leaning_forward,KEEP,extract1638_jpg.rf.7e96501c2e437396537fe4c095649179.jpg
IMG00264,leaning_forward,leaning_forward,KEEP,extract1666_jpg.rf.758e64997c9222b407749f35a1e52e0e.jpg
IMG00265,leaning_forward,leaning_forward,KEEP,extract1674_jpg.rf.1447762bb592977f97e1e864f8e61a70.jpg
IMG00266,leaning_forward,leaning_forward,KEEP,extract1690_jpg.rf.1b45ed28b0af5505daa60d03df0e483d.jpg
IMG00282,leaning_forward,leaning_forward,KEEP,extract2135_jpg.rf.84d8a685dde027b89c3273bb7ae777d7.jpg
IMG00334,leaning_forward,leaning_forward,KEEP,extract2214_jpg.rf.3e07242b9ef82ad70ed75d7ab2b0e432.jpg
IMG00356,leaning_forward,leaning_forward,KEEP,extract2236_jpg.rf.632c7cdb9f25040a342df89988b1d2a1.jpg
IMG00360,leaning_forward,leaning_forward,KEEP,extract2240_jpg.rf.2d1fa32513aeb4c415d3c775bc6653e3.jpg
IMG00361,leaning_forward,leaning_forward,KEEP,extract2241_jpg.rf.1791a6d018ee07fd31f9eb756896c70c.jpg
IMG00363,leaning_forward,leaning_forward,KEEP,extract2243_jpg.rf.a4cc40bb6f7774d4993150a29e266dcd.jpg
IMG00376,leaning_forward,leaning_forward,KEEP,extract2256_jpg.rf.d4941c508e8cb38e66c9510fd765373c.jpg
IMG00384,leaning_forward,leaning_forward,KEEP,extract2264_jpg.rf.a8e0202b0f2cebd1a544e076259ba3b2.jpg
IMG00387,leaning_forward,leaning_forward,KEEP,extract2267_jpg.rf.6f0392da2c065984beee81b878a9ec77.jpg
IMG00388,leaning_forward,leaning_forward,KEEP,extract2268_jpg.rf.36bd97e37470bdbcb78dee7379196c97.jpg
IMG00390,leaning_forward,leaning_forward,KEEP,extract2270_jpg.rf.c0526d67eac609a31876479a7f8db7ff.jpg
IMG00429,leaning_forward,leaning_forward,KEEP,extract2699_jpg.rf.4f50264b8ddcef3e22aed66012805d6a.jpg
IMG00465,leaning_left,leaning_left,KEEP,VidWebCam_frame_2464_png_jpg.rf.69dcae105da24353164c15a9aea345f9.jpg
IMG00469,leaning_left,leaning_left,KEEP,VidWebCam_frame_2618_png_jpg.rf.ed42d1df6e35023d33d7b18a042cdcf7.jpg
IMG00470,leaning_left,leaning_left,KEEP,VidWebCam_frame_3465_png_jpg.rf.36ece7f56ef8b0f9d8bd4293be7b1378.jpg
IMG00471,leaning_left,leaning_left,KEEP,VidWebCam_frame_3465_png_jpg.rf.403e913bfb78d50e150bd41cca15004c.jpg
IMG00472,leaning_left,leaning_left,KEEP,VidWebCam_frame_3465_png_jpg.rf.a39b27b37e5cecb04ad93780fe7a428f.jpg
IMG00473,leaning_left,leaning_left,KEEP,VidWebCam_frame_693_png_jpg.rf.175466d0a949a6202034e77ae1208b56.jpg
IMG00474,leaning_left,leaning_left,KEEP,VidWebCam_frame_693_png_jpg.rf.35b4da09252a42b186d86b13786148df.jpg
IMG00475,leaning_left,leaning_left,KEEP,VidWebCam_frame_693_png_jpg.rf.4cde8a70b5ade36a15893874e2b4735b.jpg
IMG00476,leaning_left,leaning_left,KEEP,VidWebCam_frame_770_png_jpg.rf.45e9a93e5c1b903005c538baee51b1bc.jpg
IMG00477,leaning_left,leaning_left,KEEP,VidWebCam_frame_770_png_jpg.rf.ab1d50affb181010301972a3183444ad.jpg
IMG00491,leaning_backward,leaning_backward,KEEP,extract0003_jpg.rf.5fe4d9ca1236042ac438ab5452c91c9f.jpg
IMG00492,leaning_backward,leaning_backward,KEEP,extract0003_jpg.rf.6a137093b6b2ec63f40369e67fb5cce5.jpg
IMG00493,leaning_backward,leaning_backward,KEEP,extract0003_jpg.rf.b5053683298da63ecd40c130a0d93477.jpg
IMG00494,leaning_backward,leaning_backward,KEEP,extract0004_jpg.rf.20cadeada9bb923acaa5a40b60011cc6.jpg
IMG00495,leaning_backward,leaning_backward,KEEP,extract0004_jpg.rf.23a8d7c1457fe2ee996b3144d9965d6f.jpg
IMG00496,leaning_backward,leaning_backward,KEEP,extract0004_jpg.rf.adda45f01e5b1bbab76e6f4e4ddc3ad2.jpg
IMG00497,leaning_backward,leaning_backward,KEEP,extract0004_jpg.rf.fd59949115c4d67e347d058a44596049.jpg
IMG00498,leaning_backward,leaning_backward,KEEP,extract0005_jpg.rf.12199da76a1c0a2c9fa5426e1126c9fc.jpg
IMG00499,leaning_backward,leaning_backward,KEEP,extract0005_jpg.rf.533ee25c682b1944d179b4d015f8f51e.jpg
IMG00503,leaning_backward,leaning_backward,KEEP,extract0007_jpg.rf.0b90276d657178513244b4e37da1cab1.jpg
IMG00504,leaning_backward,leaning_backward,KEEP,extract0007_jpg.rf.57ca83d4e58c3c7918df36465d162156.jpg
IMG00505,leaning_backward,leaning_backward,KEEP,extract0007_jpg.rf.bec43bda73c5776c0a8451f6f44d9d37.jpg
IMG00509,leaning_backward,leaning_backward,KEEP,extract0009_jpg.rf.0edf697f6256d1db1bd279d543e44760.jpg
IMG00513,leaning_backward,leaning_backward,KEEP,extract0011_jpg.rf.873ee793c2b40f93661b702284a7da52.jpg
IMG00514,leaning_backward,leaning_backward,KEEP,extract0011_jpg.rf.8cb191968a8f7e7bc7b38bc07ce8570b.jpg
IMG00515,leaning_backward,leaning_backward,KEEP,extract0012_jpg.rf.28e0035829c04c1912fcd573f9c2eede.jpg
IMG00516,leaning_backward,leaning_backward,KEEP,extract0012_jpg.rf.3d49efb4bb79a6714466c63f3e21975f.jpg
IMG00518,leaning_backward,leaning_backward,KEEP,extract0013_jpg.rf.6ec59a6db18c2da66dfc19a8fa9b5d6e.jpg
IMG00519,leaning_backward,leaning_backward,KEEP,extract0013_jpg.rf.9ec35b4f48f31c95bf28416f99b45290.jpg
IMG00520,leaning_backward,leaning_backward,KEEP,extract0014_jpg.rf.030fc31ee72b43d8ef91fc17c8d1d816.jpg
IMG00522,leaning_backward,leaning_backward,KEEP,extract0016_jpg.rf.518a2cc64514baa0bf909a211e0022be.jpg
IMG00523,leaning_backward,leaning_backward,KEEP,extract0016_jpg.rf.e20b3aac47ba884480f405143ac89dba.jpg
IMG00524,leaning_backward,leaning_backward,KEEP,extract0018_jpg.rf.e18ce9d781c1537432ab655b80509c08.jpg
IMG00525,leaning_backward,leaning_backward,KEEP,extract0018_jpg.rf.eacb6c5fb7aa835c5eb6a17e6ac5fbf4.jpg
IMG00526,leaning_backward,leaning_backward,KEEP,extract0019_jpg.rf.1de52c0b33c7191b11ec36349cdc6acd.jpg
IMG00527,leaning_backward,leaning_backward,KEEP,extract0019_jpg.rf.37f47b339defd38b6850aa8124f88436.jpg
IMG00528,leaning_backward,leaning_backward,KEEP,extract0020_jpg.rf.899cf13aaa5deb4b74e3878e287dd697.jpg
IMG00529,leaning_backward,leaning_backward,KEEP,extract0020_jpg.rf.c2e352fe854ef421f92be8ba610a50ac.jpg
IMG00570,leaning_backward,leaning_backward,KEEP,extract0612_jpg.rf.99855c55e0627074cf825972670c4c81.jpg
IMG00575,leaning_backward,leaning_backward,KEEP,extract0615_jpg.rf.e3d76683bfe15f605167b2ecc5aae4ff.jpg
IMG00576,leaning_backward,leaning_backward,KEEP,extract0616_jpg.rf.ad6e2db3b8f0d480b3bbdce0bab0051d.jpg
IMG00578,leaning_backward,leaning_backward,KEEP,extract0617_jpg.rf.ac6aae80fec98ae255e10c9eaba3c9d3.jpg
IMG00581,leaning_backward,leaning_backward,KEEP,extract0620_jpg.rf.a58e6a6a9a130ac09fa7492495ad04d2.jpg
IMG00583,leaning_backward,leaning_backward,KEEP,extract0622_jpg.rf.5d0b909b2b954804241172bf83ab74e0.jpg
IMG00595,leaning_backward,leaning_backward,KEEP,extract2310_jpg.rf.3a751acbc415d1b813f978175c0eed4f.jpg
IMG00604,leaning_backward,leaning_backward,KEEP,extract2320_jpg.rf.76ec15bb72d415d7d5970680ee2c56ba.jpg
IMG00607,leaning_backward,leaning_backward,KEEP,extract2322_jpg.rf.53628fee23e0ea5256d711e496646695.jpg
IMG00615,leaning_backward,leaning_backward,KEEP,extract2328_jpg.rf.faadbb37f680f4a88ae166af6524cd01.jpg
IMG00636,leaning_backward,leaning_backward,KEEP,extract2342_jpg.rf.1e2f4dedcf0198184f691d43624447bc.jpg
IMG00683,leaning_backward,leaning_backward,KEEP,extract2374_jpg.rf.98c3a51657c0cfb7959d1e230f422755.jpg
IMG00726,leaning_backward,leaning_backward,KEEP,extract2405_jpg.rf.3393396ab17bdb25e922cb88c0a875e3.jpg
IMG00736,leaning_backward,leaning_backward,KEEP,extract2415_jpg.rf.b573fce2766b8f26de06da51e9faf900.jpg
IMG00740,leaning_backward,leaning_backward,KEEP,extract2419_jpg.rf.ba49ec8d0cb5fb6a95a6540e16eaebf5.jpg
IMG00762,leaning_backward,leaning_backward,KEEP,extract3241_jpg.rf.0c1a24cbb7fe5c267e4f2296181def4a.jpg
IMG00768,leaning_backward,leaning_backward,KEEP,extract3245_jpg.rf.727fe21933b253ed95af7801fb75189d.jpg
IMG00776,leaning_backward,leaning_backward,KEEP,extract3250_jpg.rf.1bd9e8a603d6c33902fc5d8b0bff385d.jpg
IMG00790,leaning_backward,leaning_backward,KEEP,extract3259_jpg.rf.faa85d91d446f1db624b6f8d2f4a9e62.jpg
IMG00796,leaning_backward,leaning_backward,KEEP,extract3264_jpg.rf.7d9284b4385cf049abdca41e36475702.jpg
IMG00808,leaning_backward,leaning_backward,KEEP,extract3272_jpg.rf.2c0569bd220b3c6cef6a86321ef2f348.jpg
IMG00813,leaning_backward,leaning_backward,KEEP,extract3276_jpg.rf.d3988829d37a3d3bd6a1248b17024f90.jpg
IMG00814,leaning_backward,leaning_backward,KEEP,extract3277_jpg.rf.426f8a9a08970a61a634ed91b1e4e367.jpg
IMG00819,leaning_backward,leaning_backward,KEEP,extract3370_jpg.rf.8ee5480db7c21a4c45db5c9125edfc71.jpg
IMG00820,leaning_backward,leaning_backward,KEEP,mb0072_jpg.rf.09a3973f5e00002be9e883f1219f9fef.jpg
IMG00821,leaning_backward,leaning_backward,KEEP,mb0073_jpg.rf.5cef916c00984ead471a584a4fd68e6c.jpg
IMG00822,leaning_backward,leaning_backward,KEEP,mb0073_jpg.rf.f0d3720d35cc68c6728e973eef982a12.jpg
IMG00826,leaning_backward,leaning_backward,KEEP,mb0109_jpg.rf.30f681d853abdbb7ad04cf60b04af42a.jpg
IMG00828,leaning_backward,leaning_backward,KEEP,mb0110_jpg.rf.6e764886441d3d6cee4ffc3ea894253f.jpg
IMG00830,leaning_backward,leaning_backward,KEEP,mb0131_jpg.rf.3caed65eed5902af312ca5ad5108f58d.jpg
IMG00832,leaning_backward,leaning_backward,KEEP,mb0132_jpg.rf.846b13d63516e10d60d23e7359bb8698.jpg
IMG00836,leaning_backward,leaning_backward,KEEP,mb0147_jpg.rf.9723d2f07f34005d0eb48e70cd34997f.jpg
IMG00837,leaning_backward,leaning_backward,KEEP,mb0160_jpg.rf.c366036f1b68374281209148b271eeb6.jpg
IMG00838,leaning_backward,leaning_backward,KEEP,mb0166_jpg.rf.a8ad81fdfa80da6070d2cec2cdb6e63f.jpg
IMG00839,leaning_backward,leaning_backward,KEEP,mb0167_jpg.rf.3f3098779dd401abd43ec87768f35f1a.jpg
IMG00843,leaning_backward,leaning_backward,KEEP,mb0196_jpg.rf.040e2d6b85275b714340990a22a5913d.jpg
IMG00844,leaning_backward,leaning_backward,KEEP,mb0196_jpg.rf.df5f9a301d511ab5282f7375bc73f71a.jpg
IMG00845,leaning_backward,leaning_backward,KEEP,mb0197_jpg.rf.d47e3e8ee11cc3144c67fcd562b46e49.jpg
IMG00846,leaning_backward,leaning_backward,KEEP,mb0198_jpg.rf.990f1a9b0f79f9c152daa262e28d17dd.jpg
IMG00847,leaning_backward,leaning_backward,KEEP,mb0198_jpg.rf.a37b84061bad2c79cb281358bbd80c5f.jpg
IMG00848,leaning_backward,leaning_backward,KEEP,mb0199_jpg.rf.4c3fce39cbd69f9211f77cafd59ef0ca.jpg
IMG00849,leaning_backward,leaning_backward,KEEP,mb0199_jpg.rf.bcc38c23a1ec41a44e339c833ccd5a6a.jpg
IMG00850,leaning_backward,leaning_backward,KEEP,mb0200_jpg.rf.082891797891e65e992d038c79003c34.jpg
IMG00851,leaning_backward,leaning_backward,KEEP,mb0221_jpg.rf.8b24d5897256ef8894d1990a59734e07.jpg
IMG00853,leaning_backward,leaning_backward,KEEP,mb0257_jpg.rf.055985b08fe85055a6395f48103924d3.jpg
IMG00854,leaning_backward,leaning_backward,KEEP,mb0258_jpg.rf.3b8f84b4717f874694a77ab0fb50c593.jpg
IMG00856,leaning_backward,leaning_backward,KEEP,mb0259_jpg.rf.9d864851f507616c6728647f4034986a.jpg
IMG00859,leaning_backward,leaning_backward,KEEP,mb0286_jpg.rf.1c28484acd5c116513d72d207ef282b6.jpg
IMG00860,leaning_backward,leaning_backward,KEEP,mb0286_jpg.rf.b62c65a8d5d83241aa55905d96995e65.jpg
IMG00862,leaning_backward,leaning_backward,KEEP,mb0289_jpg.rf.c4f6dd1c78eede23c8d467b8d22e6eca.jpg
IMG00863,leaning_backward,leaning_backward,KEEP,mb0290_jpg.rf.0b643c1b3512f6bd936172624dbba50c.jpg
IMG00864,leaning_backward,leaning_backward,KEEP,mb0290_jpg.rf.1eba04e5880bed91ecb48ced4075e4b5.jpg
IMG00865,leaning_backward,leaning_backward,KEEP,mb0298_jpg.rf.6284133001172bd627a22f0a359e012a.jpg
IMG00868,leaning_backward,leaning_backward,KEEP,mb0316_jpg.rf.17ea032a97c3203b6b1d8208c7df5bd2.jpg
IMG00869,leaning_backward,leaning_backward,KEEP,mb0317_jpg.rf.a7e2b8638debfe9823f5a546763074f8.jpg
IMG00870,leaning_backward,leaning_backward,KEEP,mb0319_jpg.rf.2f91abb3509b410b57c6d495c1f52f87.jpg
IMG00871,leaning_backward,leaning_backward,KEEP,mb0341_jpg.rf.8fccabb3f5af91688bf2023369b049d4.jpg
IMG00872,leaning_backward,leaning_backward,KEEP,mb0341_jpg.rf.ab6aa851c61ce93f45044a371a4a195f.jpg
IMG00878,leaning_backward,leaning_backward,KEEP,mb0352_jpg.rf.443a82213b481c4bccd8db103279c80a.jpg
IMG00879,leaning_backward,leaning_backward,KEEP,mb0352_jpg.rf.de7e80fec8a446320939280abaa86a48.jpg
IMG00883,leaning_backward,leaning_backward,KEEP,mb0372_jpg.rf.4c9fb80f6c3a0937d1ec03391c240809.jpg
IMG00884,leaning_backward,leaning_backward,KEEP,mb0372_jpg.rf.913d485c096cc817792840404cdb5268.jpg
IMG00885,leaning_backward,leaning_backward,KEEP,mb0373_jpg.rf.152e1780fe92b62337ce7c93e899d427.jpg
IMG00887,leaning_backward,leaning_backward,KEEP,mb0403_jpg.rf.31fb57fa9587380292b4bdf1051c5be9.jpg
IMG00888,leaning_backward,leaning_backward,KEEP,mb0404_jpg.rf.b5c8213b57054606a73a153a8b74f6c3.jpg
IMG00889,leaning_backward,leaning_backward,KEEP,mb0404_jpg.rf.ef92fc4ac882b65c93ec842ac02a641b.jpg
IMG00890,leaning_backward,leaning_backward,KEEP,mb0405_jpg.rf.0bfff6164447f6bdcb956a246c52f882.jpg
IMG00891,leaning_backward,leaning_backward,KEEP,mb0406_jpg.rf.535a546e796126f68f0c8bb09784976f.jpg
IMG00892,leaning_backward,leaning_backward,KEEP,mb0406_jpg.rf.e0b64b5400bd23e2587843cb41d7f1d5.jpg
IMG00893,leaning_backward,leaning_backward,KEEP,mb0432_jpg.rf.255981aa1539944d5b890978e8d9dc00.jpg
IMG00894,leaning_backward,leaning_backward,KEEP,mb0432_jpg.rf.dd63b414b545f0c913f33b7de507d37e.jpg
IMG00896,leaning_backward,leaning_backward,KEEP,mb0444_jpg.rf.11f94466d782c512126fb37bffd9648e.jpg
IMG00900,leaning_backward,leaning_backward,KEEP,mb0447_jpg.rf.6926889af90fe0fcdcd05e0514c4cd47.jpg
IMG00901,leaning_backward,leaning_backward,KEEP,mb0448_jpg.rf.115b25448913925a0e7574b23a3062f0.jpg
IMG00905,leaning_backward,leaning_backward,KEEP,mb0480_jpg.rf.9c819f73c4ef70ef77bfe7686f24e5f5.jpg
IMG00906,leaning_backward,leaning_backward,KEEP,mb0480_jpg.rf.b6ff7b1b65b68a5b3c83d1a797ba05c6.jpg
IMG00908,leaning_backward,leaning_backward,KEEP,mb0484_jpg.rf.a590d7a20d271d40c9fa4913f6139509.jpg
IMG00910,leaning_backward,leaning_backward,KEEP,mb0490_jpg.rf.f35e7a4eb874fb898418d3b32e513e45.jpg
IMG00915,leaning_backward,leaning_backward,KEEP,mb0509_jpg.rf.77c944f0d49963fffa990d3d3587cbc6.jpg
IMG00917,leaning_backward,leaning_backward,KEEP,mb0511_jpg.rf.7e465a258cd3a6376544e6b4f7df20b0.jpg
IMG00918,leaning_backward,leaning_backward,KEEP,mb0512_jpg.rf.9c6589da9b9400348b0c2d3f5125b591.jpg
IMG00919,leaning_backward,leaning_backward,KEEP,mb0531_jpg.rf.121d65109772d774a756663bb36c4eb0.jpg
IMG00921,leaning_backward,leaning_backward,KEEP,mb0532_jpg.rf.3aeb3ff5ee1a609c55d0c647a6fabaab.jpg
IMG00922,leaning_backward,leaning_backward,KEEP,mb0533_jpg.rf.29b371608407ba14be1db914f3d63f71.jpg
IMG00923,leaning_backward,leaning_backward,KEEP,mb0533_jpg.rf.8522d650d5b5553b2e25c9916802f485.jpg
IMG00929,leaning_backward,leaning_backward,KEEP,mb20218_jpg.rf.a873514977f8bcde867973f1f290e643.jpg
IMG00930,leaning_backward,leaning_backward,KEEP,mb20219_jpg.rf.173ab30e1489bf07acd841e9f15b01b6.jpg
IMG00937,leaning_backward,leaning_backward,KEEP,mb20231_jpg.rf.bf908c70561a27a7f9e98056621811bb.jpg
IMG00942,leaning_backward,leaning_backward,KEEP,mb20234_jpg.rf.a5c0c831bff1df9a224de8f48efb032d.jpg
IMG00947,leaning_backward,leaning_backward,KEEP,mb20251_jpg.rf.381a61f004bde246bf14aa603b089722.jpg
IMG00948,leaning_backward,leaning_backward,KEEP,mb20252_jpg.rf.1cf6827120a6bf1f25934d00d990f421.jpg
IMG00954,leaning_backward,leaning_backward,KEEP,mb20266_jpg.rf.a08797eb076924a88cb59447a7f2534b.jpg
IMG00957,leaning_backward,leaning_backward,KEEP,mb20269_jpg.rf.936851aeca2c0dedcbe75096f7a29132.jpg
IMG00973,leaning_backward,leaning_backward,KEEP,mb20294_jpg.rf.97eaf1df860ee6c0b46ecd8c830220d4.jpg
IMG00974,leaning_backward,leaning_backward,KEEP,mb20294_jpg.rf.9a6f8c624082e40898e0c70b88cc427d.jpg
IMG00975,leaning_backward,leaning_backward,KEEP,mb20296_jpg.rf.03d7fb306b685b984cddf6afa65ebb9c.jpg
IMG00976,leaning_backward,leaning_backward,KEEP,mb20296_jpg.rf.2cd6016e08fe03be3b83a9bf9cfb9820.jpg
IMG00978,leaning_backward,leaning_backward,KEEP,mb20298_jpg.rf.c0cf73fad087058bec9ccc19477b616e.jpg
IMG00979,leaning_backward,leaning_backward,KEEP,mb20299_jpg.rf.7d013a9f75a64274ae91ca9aecfd11c4.jpg
IMG00981,leaning_backward,leaning_backward,KEEP,mb20300_jpg.rf.305292ac63f928a90e2cacc87dd0d594.jpg
IMG00983,leaning_backward,leaning_backward,KEEP,mb20301_jpg.rf.01f6dea6cb516f9d5505658dec1053e2.jpg
IMG00986,leaning_backward,leaning_backward,KEEP,mb20303_jpg.rf.37fd97468750ba72e1b6c417c4eaca9b.jpg
IMG00987,leaning_backward,leaning_backward,KEEP,mb20303_jpg.rf.3d6ca48e9bb9cd2e76bf9a135d461651.jpg
IMG00988,leaning_left,leaning_left,KEEP,VidWebCam_frame_2464_png_jpg.rf.8a03aa305f77e28baa75752ac3d6c147.jpg
IMG00989,leaning_left,leaning_left,KEEP,VidWebCam_frame_2541_png_jpg.rf.bee91147df1a0f04ad47c213d27fb532.jpg
IMG00990,leaning_left,leaning_left,KEEP,VidWebCam_frame_2618_png_jpg.rf.70c0f9f4a27540ee0990dabf40cfadcc.jpg
IMG00991,leaning_left,leaning_left,KEEP,VidWebCam_frame_770_png_jpg.rf.63bd5a54ff328a5fea6160c394b37123.jpg
IMG00992,leaning_left,leaning_left,KEEP,extract0001_jpg.rf.d66a70792fb306ef4d18cec2d5505481.jpg
IMG00994,leaning_left,leaning_left,KEEP,extract0003_jpg.rf.b29c0ea38e129107d06708c40c7aadeb.jpg
IMG00995,leaning_left,leaning_left,KEEP,extract0004_jpg.rf.e4388a72350ea28474a5d8e382bbb19a.jpg
IMG00997,leaning_left,leaning_left,KEEP,extract0006_jpg.rf.babeb4872738d3a52e2bbe1624616aa7.jpg
IMG00998,leaning_left,leaning_left,KEEP,extract0012_jpg.rf.79362de5ee8761cecf86eebfbad92f50.jpg
IMG00999,leaning_left,leaning_left,KEEP,extract0013_jpg.rf.e9fab2adacc458eafedd9ab7c1d2e453.jpg
IMG01000,leaning_left,leaning_left,KEEP,extract0014_jpg.rf.c80ae19c71120c88d9894bd6b1019a8a.jpg
IMG01001,leaning_left,leaning_left,KEEP,extract0029_jpg.rf.8a9cd2d34834c8e3ffbdb19e4260dacb.jpg
IMG01002,leaning_left,leaning_left,KEEP,extract0030_jpg.rf.bcede9fbb2cfc99db31c919c4ec06a8d.jpg
IMG01003,leaning_left,leaning_left,KEEP,extract0340_jpg.rf.4567458b41e06e846e1aa05b168aafbd.jpg
IMG01004,leaning_left,leaning_left,KEEP,extract0342_jpg.rf.d42246850495aef9f7ec1042ef849860.jpg
IMG01005,leaning_left,leaning_left,KEEP,extract0343_jpg.rf.b0b64abf0ecdd76b4db83d3bca93ff8c.jpg
IMG01007,leaning_left,leaning_left,KEEP,extract0345_jpg.rf.a4899ca745929967aa44a120a9eb63e1.jpg
IMG01008,leaning_left,leaning_left,KEEP,extract0346_jpg.rf.0957921a8a6a815f829952595388e210.jpg
IMG01011,leaning_left,leaning_left,KEEP,extract0349_jpg.rf.d947a51f3128afd996dbcc3cbd772660.jpg
IMG01025,leaning_left,leaning_left,KEEP,extract0364_jpg.rf.eaebb1d09779e8958f8e4e172eff0869.jpg
IMG01070,leaning_left,leaning_left,KEEP,extract0410_jpg.rf.9117c2d9b1627c8c7d43494b0aca6b00.jpg
IMG01072,leaning_left,leaning_left,KEEP,extract0412_jpg.rf.795165e9454d3116e6aa5323a1c030cd.jpg
IMG01074,leaning_left,leaning_left,KEEP,extract0414_jpg.rf.3523e5e9323e4137215193e05533836a.jpg
IMG01086,leaning_left,leaning_left,KEEP,extract0426_jpg.rf.6122f2431e1adc70db5b685905a00033.jpg
IMG01096,leaning_left,leaning_left,KEEP,extract0436_jpg.rf.3effa19062432fdcd65370abd68463c7.jpg
IMG01097,leaning_left,leaning_left,KEEP,extract0437_jpg.rf.6f896dc7677911514ce79b8101c2a558.jpg
IMG01127,leaning_left,leaning_left,KEEP,extract0766_jpg.rf.65fc790717729b055b14c962ffb2c9f3.jpg
IMG01129,leaning_left,leaning_left,KEEP,extract0770_jpg.rf.65596105b62ea9d28c5786525abb13df.jpg
IMG01135,leaning_left,leaning_left,KEEP,extract0776_jpg.rf.9519632b6e37c2b89cd8b33878ea3874.jpg
IMG01140,leaning_left,leaning_left,KEEP,extract0781_jpg.rf.ad76631cc4947674c4e556c3033eeb91.jpg
IMG01150,leaning_left,leaning_left,KEEP,extract0791_jpg.rf.79c7f9cc692b98cc970d4153c26db41d.jpg
IMG01164,leaning_left,leaning_left,KEEP,extract0806_jpg.rf.224513e4f4ba9429152d33aba3f97cf0.jpg
IMG01172,leaning_left,leaning_left,KEEP,extract0814_jpg.rf.bb61988226e37d85063c6596e57bbc1c.jpg
IMG01176,leaning_left,leaning_left,KEEP,extract0818_jpg.rf.0ebdf31aaae81bc4d501cc348f0b73b8.jpg
IMG01182,leaning_left,leaning_left,KEEP,extract0824_jpg.rf.6166b1e8bef09884287301711686a6ca.jpg
IMG01188,leaning_left,leaning_left,KEEP,extract1097_jpg.rf.f3c44105f8b36cfd43412fc8a655bfda.jpg
IMG01199,leaning_left,leaning_left,KEEP,extract1108_jpg.rf.e647de3dc775e401b27af4f95b5ea39e.jpg
IMG01203,leaning_left,leaning_left,KEEP,extract1112_jpg.rf.74dab52e487adffedd1ff0bef674c673.jpg
IMG01213,leaning_left,leaning_left,KEEP,extract1125_jpg.rf.273c0b8925e86729b1f374c8c656cc65.jpg
IMG01214,leaning_left,leaning_left,KEEP,extract1126_jpg.rf.17aaf1cfec886eae2a96dbce63aa5de5.jpg
IMG01215,leaning_left,leaning_left,KEEP,extract1127_jpg.rf.ab066ce887dbe1822c6566cb861854de.jpg
IMG01216,leaning_left,leaning_left,KEEP,extract1128_jpg.rf.3d0b69f5678b5fd39c454f4bd9c13b18.jpg
IMG01217,leaning_left,leaning_left,KEEP,extract1129_jpg.rf.d09ce941b5897916945dfe15742ad0fb.jpg
IMG01218,leaning_left,leaning_left,KEEP,extract1130_jpg.rf.02f231efc3bfaae561a256b516b07acb.jpg
IMG01219,leaning_left,leaning_left,KEEP,extract1131_jpg.rf.6103ed3562cbe4188797f5c2e12d537a.jpg
IMG01220,leaning_left,leaning_left,KEEP,extract1219_jpg.rf.8e9a530a2bd36266a3973604030972ae.jpg
IMG01221,leaning_left,leaning_left,KEEP,extract1226_jpg.rf.54ae4cb98d9850b14cbb4dd37e64d5fd.jpg
IMG01222,leaning_left,leaning_left,KEEP,extract1230_jpg.rf.892f697bfccf0ac36589608909a3b0b3.jpg
IMG01233,leaning_left,leaning_left,KEEP,extract1283_jpg.rf.68ce984cc34f6f582ef326174ebe3a1a.jpg
IMG01241,leaning_left,leaning_left,KEEP,extract1293_jpg.rf.a8e366d384ba26ddb4e22de72b94c770.jpg
IMG01243,leaning_left,leaning_left,KEEP,extract1295_jpg.rf.a7d05139a28e88c537622fc813d6bc51.jpg
IMG01247,leaning_left,leaning_left,KEEP,extract1299_jpg.rf.2a407e48be3b25138b0cb52256d816bc.jpg
IMG01280,leaning_left,leaning_left,KEEP,extract1343_jpg.rf.d282faa0e6b1ca61aa56f5078b1cee2a.jpg
IMG01281,leaning_left,leaning_left,KEEP,extract1344_jpg.rf.72b9b34048c3dda9b79e1698472977a1.jpg
IMG01289,leaning_left,leaning_left,KEEP,extract1750_jpg.rf.fc9ae3b6840d8af4f8d7b56faca18746.jpg
IMG01294,leaning_left,leaning_left,KEEP,extract1755_jpg.rf.4e23176812a458c3b49683cda7067bd4.jpg
IMG01295,leaning_left,leaning_left,KEEP,extract1756_jpg.rf.53f38f871ba86d26acca1b159c39b51e.jpg
IMG01297,leaning_left,leaning_left,KEEP,extract1758_jpg.rf.76691af20ee3a4996cd37aac56f17bd9.jpg
IMG01300,leaning_left,leaning_left,KEEP,extract1761_jpg.rf.f36f465d0a19546b2d53c33592b7a28f.jpg
IMG01310,leaning_left,leaning_left,KEEP,extract1771_jpg.rf.95d685e1374c4080fd5948e56e3399ac.jpg
IMG01347,leaning_left,leaning_left,KEEP,extract1808_jpg.rf.a6f3bc9dfdadfeead0cdb1158c271fbd.jpg
IMG01372,leaning_left,leaning_left,KEEP,extract1833_jpg.rf.f8b17e43b2dc2ff8c9671d38bccbfa20.jpg
IMG01375,leaning_left,leaning_left,KEEP,extract1836_jpg.rf.f70037848ca16ec5484a68ee67586895.jpg
IMG01379,leaning_left,leaning_left,KEEP,extract1840_jpg.rf.97444b6726ffc7a922ca92786f62f0bc.jpg
IMG01419,leaning_left,leaning_left,KEEP,extract2493_jpg.rf.d8af0b4a51a7dc30e742156cd2add6a3.jpg
IMG01420,leaning_left,leaning_left,KEEP,extract2494_jpg.rf.b3ee491afd3ef38bab1000be730fa427.jpg
IMG01423,leaning_left,leaning_left,KEEP,extract2497_jpg.rf.a69be37de777db431a1d020baea1aac0.jpg
IMG01432,leaning_left,leaning_left,KEEP,extract2506_jpg.rf.60048423c1ef538ba276073700534c19.jpg
IMG01450,leaning_left,leaning_left,KEEP,extract2524_jpg.rf.59756a2c2e1a15bbd44b87153925c84c.jpg
IMG01462,leaning_left,leaning_left,KEEP,extract2536_jpg.rf.19721459fd5a9160277f61e71e3620ed.jpg
IMG01464,leaning_left,leaning_left,KEEP,extract2538_jpg.rf.ab675f26662a30a12ea68b5696a91cad.jpg
IMG01470,leaning_left,leaning_left,KEEP,extract2544_jpg.rf.abff3474dbae7c8a2abb8e82f95e595b.jpg
IMG01515,leaning_left,leaning_left,KEEP,extract2590_jpg.rf.ca3b50357ae15340ad45e6dfc8a8907d.jpg
IMG01516,leaning_left,leaning_left,KEEP,extract2591_jpg.rf.b7418e5889a15706ef8d1052fc95d438.jpg
IMG01519,leaning_left,leaning_left,KEEP,extract2943_jpg.rf.257437a091e3cf43aae84f79b297683e.jpg
IMG01571,leaning_left,leaning_left,KEEP,extract3001_jpg.rf.1884339f0bb527ef4e438b954220eefa.jpg
IMG01572,leaning_left,leaning_left,KEEP,extract3002_jpg.rf.036ab6537cecddc60a6bb216e4e74f54.jpg
IMG01576,leaning_left,leaning_left,KEEP,extract3006_jpg.rf.3a7d7e1e6e688096e00cb69f25f6d17f.jpg
IMG01637,leaning_left,leaning_left,KEEP,extract3379_jpg.rf.1b39f2ffc7c5c8ec376c286479a07911.jpg
IMG01645,leaning_left,leaning_left,KEEP,extract3387_jpg.rf.60aebe0cee49772b99475df39c4bca10.jpg
IMG01688,leaning_left,leaning_left,KEEP,extract3430_jpg.rf.dcf05103f2a30bbf10f859f08cdd86d6.jpg
IMG01714,leaning_left,leaning_left,KEEP,extract3456_jpg.rf.7f7b322d829a28c2f9a02e5de8a773d7.jpg
IMG01724,leaning_left,leaning_left,KEEP,extract3466_jpg.rf.0b0498816ebd4b31d33855f53d151389.jpg
IMG01729,leaning_left,leaning_left,KEEP,extract3471_jpg.rf.77cfa83209a3ee5801738a50eac96da9.jpg
IMG01738,leaning_left,leaning_left,KEEP,extract3480_jpg.rf.51c22b53b9e5746f78fecc514f147211.jpg
IMG01741,leaning_left,leaning_left,KEEP,mb0023_jpg.rf.fd9743f710a9d8c95c93797d0a3b11a5.jpg
IMG01742,leaning_left,leaning_left,KEEP,mb0027_jpg.rf.d0d2f255fc2282d2bca9c3d967800300.jpg
IMG01743,leaning_left,leaning_left,KEEP,mb0028_jpg.rf.c4018e0c89297a2ab072a6573985e137.jpg
IMG01744,leaning_left,leaning_left,KEEP,mb0052_jpg.rf.7b0121ba9d6a63b72294e631a92f34d9.jpg
IMG01746,leaning_left,leaning_left,KEEP,mb0054_jpg.rf.4d496f1eccf663e4c1e72dc267990f62.jpg
IMG01749,leaning_left,leaning_left,KEEP,mb0057_jpg.rf.a2670adf37fe285438b20076c869b863.jpg
IMG01750,leaning_left,leaning_left,KEEP,mb0058_jpg.rf.3b03c5dbaf8628b3aae6493289fbddc8.jpg
IMG01751,leaning_left,leaning_left,KEEP,mb0070_jpg.rf.cde1c1da4a2eb8a7b5f259947f1cece4.jpg
IMG01752,leaning_left,leaning_left,KEEP,mb0071_jpg.rf.125209ed29f0a1d2f08826895966e5ff.jpg
IMG01753,leaning_left,leaning_left,KEEP,mb0111_jpg.rf.87955f89831d4fc63bb9284d962768cb.jpg
IMG01754,leaning_left,leaning_left,KEEP,mb0112_jpg.rf.450ff355e24c53a8db9366e1f1be8527.jpg
IMG01755,leaning_left,leaning_left,KEEP,mb0113_jpg.rf.d2a1d88d71d448137e92bf5799672891.jpg
IMG01756,leaning_left,leaning_left,KEEP,mb0148_jpg.rf.c4bbabc17a9c1efd396c7211cd02f946.jpg
IMG01758,leaning_left,leaning_left,KEEP,mb0194_jpg.rf.04b718fd6ddde20d842f1a9b0db6a738.jpg
IMG01759,leaning_left,leaning_left,KEEP,mb0195_jpg.rf.3ff9ed69ece7870d3d0f23d2715601c0.jpg
IMG01762,leaning_left,leaning_left,KEEP,mb0210_jpg.rf.056af7955611b315f335cbd795cf963f.jpg
IMG01763,leaning_left,leaning_left,KEEP,mb0211_jpg.rf.e53db6d38df0ea886592d5bb665f4fd7.jpg
IMG01764,leaning_left,leaning_left,KEEP,mb0252_jpg.rf.796f37c0a2f5e14b9bb8458e8637ee59.jpg
IMG01765,leaning_left,leaning_left,KEEP,mb0277_jpg.rf.387ed00fec7e121f5ebea81b741b02d7.jpg
IMG01767,leaning_left,leaning_left,KEEP,mb0336_jpg.rf.865026cdecd14881ddcf6745b5f8363a.jpg
IMG01768,leaning_left,leaning_left,KEEP,mb0337_jpg.rf.423b0dbf4114effae498f68f4007b0d0.jpg
IMG01769,leaning_left,leaning_left,KEEP,mb0361_jpg.rf.4bb68b1765278c229a8818d8b5c222af.jpg
IMG01770,leaning_left,leaning_left,KEEP,mb0362_jpg.rf.9497a90281afc1f890ddbbe8246d35bd.jpg
IMG01771,leaning_left,leaning_left,KEEP,mb0363_jpg.rf.ec68f41dfe234d04224ecf31126d557a.jpg
IMG01772,leaning_left,leaning_left,KEEP,mb0384_jpg.rf.78cea04d7bb5a8124193c02045f5f3b8.jpg
IMG01775,leaning_left,leaning_left,KEEP,mb0387_jpg.rf.c89678b182aa4b1b18c00ad941a774e1.jpg
IMG01777,leaning_left,leaning_left,KEEP,mb0427_jpg.rf.b3bd2d27d9b47acc462c36091ed718ab.jpg
IMG01778,leaning_left,leaning_left,KEEP,mb0428_jpg.rf.5a6c7edb56f1294a52d8079800137d6a.jpg
IMG01781,leaning_left,leaning_left,KEEP,mb0450_jpg.rf.c662064fd3ea8adbadb8e9380def6291.jpg
IMG01782,leaning_left,leaning_left,KEEP,mb0468_jpg.rf.c48d501741589198db42fee1e7420015.jpg
IMG01783,leaning_left,leaning_left,KEEP,mb0469_jpg.rf.76afd546bf6792115a113e95bf7b7598.jpg
IMG01785,leaning_left,leaning_left,KEEP,mb0493_jpg.rf.847787f3183f1deee45467329e993108.jpg
IMG01789,leaning_left,leaning_left,KEEP,mb0526_jpg.rf.bd01208ecfe5fb6ae2988a6a0086bc97.jpg
IMG01790,leaning_left,leaning_left,KEEP,mb0527_jpg.rf.9a966b4fd9baef674ccff41c2e1c769e.jpg
IMG01792,leaning_left,leaning_left,KEEP,mb20006_jpg.rf.608e8bf4f979db72a4ce87f0f069927f.jpg
IMG01793,leaning_left,leaning_left,KEEP,mb20016_jpg.rf.dccef9d087a89c8d12f692ad632761c2.jpg
IMG01794,leaning_left,leaning_left,KEEP,mb20017_jpg.rf.9d8b658a65a946f6db2a0ad6adfec5bc.jpg
IMG01800,leaning_left,leaning_left,KEEP,mb20023_jpg.rf.5226436006e641a5f279d347dbb3a4cc.jpg
IMG01802,leaning_left,leaning_left,KEEP,mb20025_jpg.rf.1e83603a300bedc03225ef452230fbaa.jpg
IMG01803,leaning_left,leaning_left,KEEP,mb20026_jpg.rf.0852f91553856c5bf52e8ff42552668f.jpg
IMG01804,leaning_left,leaning_left,KEEP,mb20028_jpg.rf.fbc686052906cfb841e37b16f2fcd61a.jpg
IMG01805,leaning_left,leaning_left,KEEP,mb20049_jpg.rf.f73699fde5ba06cbc007d67126ce54e6.jpg
IMG01808,leaning_left,leaning_left,KEEP,mb20052_jpg.rf.fb1dfa9de38100e0454e2776ada4659f.jpg
IMG01827,leaning_left,leaning_left,KEEP,mb20127_jpg.rf.92dbc3fc2cbe40f595a8af7f1cb1e950.jpg
IMG01829,leaning_left,leaning_left,KEEP,mb20132_jpg.rf.b01de0a62762233f1c3be55411e331c5.jpg
IMG01830,leaning_left,leaning_left,KEEP,mb20168_jpg.rf.1dad60287f436724aecba012bd78cb39.jpg
IMG01833,leaning_left,leaning_left,KEEP,mb20186_jpg.rf.2b8219d7f116fec5102468edc5d24993.jpg
IMG01837,leaning_left,leaning_left,KEEP,mb20204_jpg.rf.a4a4401077e704833b11e295aefb34f5.jpg
IMG01840,leaning_left,leaning_left,KEEP,mb20207_jpg.rf.e1a8f1ddbc3223148e6a15066fb9b6ad.jpg
IMG01845,leaning_left,leaning_left,KEEP,mb20240_jpg.rf.327c8916f72369cb99604fef3808de06.jpg
IMG01848,leaning_left,leaning_left,KEEP,mb20243_jpg.rf.ee847714aa2c28e558fd86ae79bf0844.jpg
IMG01851,leaning_left,leaning_left,KEEP,mb20247_jpg.rf.a48f2d03448682d35f1bba118736f36f.jpg
IMG01853,leaning_left,leaning_left,KEEP,mb20290_jpg.rf.b4d9429cff34c779fa7a733d94afdc88.jpg
IMG01854,leaning_right,leaning_right,KEEP,VidWebCam_frame_3311_png_jpg.rf.1cb52530bbab2113618acc7e70a6f790.jpg
IMG01855,leaning_right,leaning_right,KEEP,VidWebCam_frame_3311_png_jpg.rf.43b830c9680e0ae0d1529fc950836d97.jpg
IMG01856,leaning_right,leaning_right,KEEP,VidWebCam_frame_3311_png_jpg.rf.f95f2eace2f64f715f640ab675a19616.jpg
IMG01857,leaning_right,leaning_right,KEEP,VidWebCam_frame_3388_png_jpg.rf.024267ebd2bf2e150eb77fbcd375a1a8.jpg
IMG01858,leaning_right,leaning_right,KEEP,VidWebCam_frame_3388_png_jpg.rf.c3e17931b445c31e2798d2ae9596d1c2.jpg
IMG01859,leaning_right,leaning_right,KEEP,VidWebCam_frame_3388_png_jpg.rf.ebe83737c75d5f354ecffe37a1f23004.jpg
IMG01860,leaning_right,leaning_right,KEEP,VidWebCam_frame_847_png_jpg.rf.5cba0d3fe99a30584c2be08520fd788a.jpg
IMG01861,leaning_right,leaning_right,KEEP,VidWebCam_frame_847_png_jpg.rf.efa0dd97e1479da4c6ccfc9f29cdf4ff.jpg
IMG01862,leaning_right,leaning_right,KEEP,VidWebCam_frame_847_png_jpg.rf.f823f696798030659235471b210791a7.jpg
IMG01863,leaning_right,leaning_right,KEEP,VidWebCam_frame_924_png_jpg.rf.4683a5bafa8866b539cad785d14d4979.jpg
IMG01864,leaning_right,leaning_right,KEEP,VidWebCam_frame_924_png_jpg.rf.ada87442fc845c410593ff7a01e0f3f5.jpg
IMG01865,leaning_right,leaning_right,KEEP,VidWebCam_frame_924_png_jpg.rf.f9b402bb421f80bfaa49dfb78aa16986.jpg
IMG01866,leaning_right,leaning_right,KEEP,extract0007_jpg.rf.5e5af54446d89b92b0ea59dd108f76ae.jpg
IMG01867,leaning_right,leaning_right,KEEP,extract0008_jpg.rf.47363e6b20a9436bc997e2d7700c90dd.jpg
IMG01868,leaning_right,leaning_right,KEEP,extract0009_jpg.rf.e9474d1d6ec28e82131f13a0de0d19b9.jpg
IMG01869,leaning_right,leaning_right,KEEP,extract0016_jpg.rf.83d3b394fd980cedd025578e04157341.jpg
IMG01870,leaning_right,leaning_right,KEEP,extract0017_jpg.rf.a203f63e84a4c7cfc07043ef83d25417.jpg
IMG01895,leaning_right,leaning_right,KEEP,extract0479_jpg.rf.afa80b8f9d6c561f8f703921aae2dcf9.jpg
IMG01899,leaning_right,leaning_right,KEEP,extract0483_jpg.rf.ebf77666f0c56dc4b71243b425afebf2.jpg
IMG01900,leaning_right,leaning_right,KEEP,extract0484_jpg.rf.d74d67055477a1a29d472e3b7e215519.jpg
IMG01925,leaning_right,leaning_right,KEEP,extract0510_jpg.rf.ab31f02fd61acaaca7bc758d9bc4f9c3.jpg
IMG01953,leaning_right,leaning_right,KEEP,extract0538_jpg.rf.56c4d2fe9d6574fb466d9f502d578188.jpg
IMG01971,leaning_right,leaning_right,KEEP,extract0712_jpg.rf.56f74dd3f34e8f0a368c8282d04267f1.jpg
IMG01989,leaning_right,leaning_right,KEEP,extract0730_jpg.rf.e8d35b9dc7e604566f69ca8af44ee2aa.jpg
IMG01995,leaning_right,leaning_right,KEEP,extract0736_jpg.rf.21a06dcacb333674076ba0cb4dcf2905.jpg
IMG01996,leaning_right,leaning_right,KEEP,extract0737_jpg.rf.4eeb04d4a101be5886281eab8022a6be.jpg
IMG01997,leaning_right,leaning_right,KEEP,extract0738_jpg.rf.967e15676fd9715aa797e3ce908dd550.jpg
IMG01998,leaning_right,leaning_right,KEEP,extract0739_jpg.rf.2ac3dd9a56d2966aee3955f8af64151e.jpg
IMG02010,leaning_right,leaning_right,KEEP,extract0751_jpg.rf.e4c4c63ddc7821cb7bc1f7358d480535.jpg
IMG02020,leaning_right,leaning_right,KEEP,extract0761_jpg.rf.88ce655702099aee7ffb5cb90aac2437.jpg
IMG02021,leaning_right,leaning_right,KEEP,extract0762_jpg.rf.75a5db4193a70723d82a013e5531d665.jpg
IMG02022,leaning_right,leaning_right,KEEP,extract1210_jpg.rf.591e45bd3ccf446e89f45160d2fe3e9d.jpg
IMG02025,leaning_right,leaning_right,KEEP,extract1350_jpg.rf.862d568050bd6a5351d096bbfd0aaf58.jpg
IMG02026,leaning_right,leaning_right,KEEP,extract1351_jpg.rf.72653ac9047a0536ae6398af697680cc.jpg
IMG02027,leaning_right,leaning_right,KEEP,extract1352_jpg.rf.7f55fc6db701cfe85a7233f2a3a908c4.jpg
IMG02028,leaning_right,leaning_right,KEEP,extract1353_jpg.rf.88ee016009fb0a5e3a0ca0c4ff7a0e78.jpg
IMG02029,leaning_right,leaning_right,KEEP,extract1354_jpg.rf.6319c4787b78e1f024a76ab0c26a256d.jpg
IMG02030,leaning_right,leaning_right,KEEP,extract1355_jpg.rf.73203f35c7fc21a32157063b8f58db4c.jpg
IMG02031,leaning_right,leaning_right,KEEP,extract1356_jpg.rf.f4c54faf4cf3040d9a007d363b3a7f6f.jpg
IMG02032,leaning_right,leaning_right,KEEP,extract1357_jpg.rf.7456469c37e150ae3e4dd81cbb45ab65.jpg
IMG02061,leaning_right,leaning_right,KEEP,extract1903_jpg.rf.2732d95b032117ea8bb2bd976eb08144.jpg
IMG02065,leaning_right,leaning_right,KEEP,extract1908_jpg.rf.f90597ae402bdc0fb7aaa453c09878b7.jpg
IMG02073,leaning_right,leaning_right,KEEP,extract1916_jpg.rf.16be4095a79687b217b295b5cbcb2dab.jpg
IMG02079,leaning_right,leaning_right,KEEP,extract1922_jpg.rf.ff912a94a572788e07d699ab5cd4f0cc.jpg
IMG02080,leaning_right,leaning_right,KEEP,extract1923_jpg.rf.5865843ba88c915e50bfcb18ba0cd591.jpg
IMG02081,leaning_right,leaning_right,KEEP,extract1924_jpg.rf.9774484e483d2d049a47644b98d40ebd.jpg
IMG02097,leaning_right,leaning_right,KEEP,extract1940_jpg.rf.0e17b8e1a72aefe88b0fe0ebd3b3001b.jpg
IMG02099,leaning_right,leaning_right,KEEP,extract1942_jpg.rf.40884b8a3af6f1e59e2df63678abd7ad.jpg
IMG02109,leaning_right,leaning_right,KEEP,extract1952_jpg.rf.29c80f3339de27c8c030d492aaad096f.jpg
IMG02119,leaning_right,leaning_right,KEEP,extract1962_jpg.rf.58698b7ced9250d675982d626b6ebbf7.jpg
IMG02171,leaning_right,leaning_right,KEEP,extract2597_jpg.rf.717dfd50804d6444860756e5f6c67a0e.jpg
IMG02172,leaning_right,leaning_right,KEEP,extract2598_jpg.rf.a6ba4719b5e5b75b688a96ad37a66aa2.jpg
IMG02184,leaning_right,leaning_right,KEEP,extract2610_jpg.rf.15499d7f5006b3a89645640985ad8458.jpg
IMG02199,leaning_right,leaning_right,KEEP,extract2625_jpg.rf.2ada47d9c8fcf256e44e911fe48e8028.jpg
IMG02201,leaning_right,leaning_right,KEEP,extract2627_jpg.rf.47292aaff3fc843c763d8051341080d1.jpg
IMG02203,leaning_right,leaning_right,KEEP,extract2629_jpg.rf.4ee424e5cd7a2730252f12e6f627c056.jpg
IMG02205,leaning_right,leaning_right,KEEP,extract2631_jpg.rf.f1f71f80cfc3de7faf0f45650d69bbef.jpg
IMG02210,leaning_right,leaning_right,KEEP,extract2636_jpg.rf.3bb39d8f520751738c69ae31f1a360d8.jpg
IMG02212,leaning_right,leaning_right,KEEP,extract2638_jpg.rf.2d68fa13bd5675d9f760cd1ffb54304b.jpg
IMG02238,leaning_right,leaning_right,KEEP,extract2664_jpg.rf.17cef4f7923ada29980d3c2ba17cdf89.jpg
IMG02245,leaning_right,leaning_right,KEEP,extract2671_jpg.rf.dbf29d3df7a417d46ca8dc2bb4a68ab3.jpg
IMG02250,leaning_right,leaning_right,KEEP,extract2676_jpg.rf.d3f9ff6387c2bc03ec94378abcc1ebc1.jpg
IMG02258,leaning_right,leaning_right,KEEP,extract2684_jpg.rf.08bf3b83981143109e74cd29863a0f34.jpg
IMG02259,leaning_right,leaning_right,KEEP,extract2685_jpg.rf.e745a098bda2b6abedb6cff8043f7374.jpg
IMG02260,leaning_right,leaning_right,KEEP,extract2686_jpg.rf.c31d5f6f67c9dc16de96d2c583342599.jpg
IMG02262,leaning_right,leaning_right,KEEP,extract2688_jpg.rf.b114048494eb5c2c73fc9fe015fd7890.jpg
IMG02288,leaning_right,leaning_right,KEEP,extract3032_jpg.rf.fa084e52a31cf44d1c028ada66ee8561.jpg
IMG02332,leaning_right,leaning_right,KEEP,extract3076_jpg.rf.d671bd91ec4ab22cda3723e1eab987f8.jpg
IMG02357,leaning_right,leaning_right,KEEP,extract3102_jpg.rf.bc48bb62a307bd1aafe8c931a477bbdf.jpg
IMG02361,leaning_right,leaning_right,KEEP,extract3106_jpg.rf.5e40d2ac5cb0747b5851f32cc576680c.jpg
IMG02409,leaning_right,leaning_right,KEEP,extract3496_jpg.rf.9a5b179b4a15b4343c8d4e677cbbd004.jpg
IMG02417,leaning_right,leaning_right,KEEP,extract3504_jpg.rf.e546168b3312096074cd81ef9aee3ade.jpg
IMG02423,leaning_right,leaning_right,KEEP,extract3510_jpg.rf.4acb68b39feda2a0dd7f75e2a6ea2a4a.jpg
IMG02430,leaning_right,leaning_right,KEEP,extract3517_jpg.rf.a7243eb4625a4cb3ca3d305f4c0ae08a.jpg
IMG02453,leaning_right,leaning_right,KEEP,extract3540_jpg.rf.873129ff779d796cc0ab429197927474.jpg
IMG02467,leaning_right,leaning_right,KEEP,extract3554_jpg.rf.31ce7557f834f2eef399c701da08a6ac.jpg
IMG02497,leaning_right,leaning_right,KEEP,extract3584_jpg.rf.7608558ef4f148e76ced25af8f47e210.jpg
IMG02508,leaning_right,leaning_right,KEEP,mb0013_jpg.rf.c88940caeda27382e3c7e7df242e3687.jpg
IMG02509,leaning_right,leaning_right,KEEP,mb0014_jpg.rf.23b7c9b12a73250a807c5586d0663f0f.jpg
IMG02510,leaning_right,leaning_right,KEEP,mb0015_jpg.rf.7817e56de1c0b1559e38e57a7d33060a.jpg
IMG02512,leaning_right,leaning_right,KEEP,mb0018_jpg.rf.595d160bb127bd133e57994ed9c48db6.jpg
IMG02513,leaning_right,leaning_right,KEEP,mb0049_jpg.rf.1a440100a6a27f04e39de098d86f91ac.jpg
IMG02514,leaning_right,leaning_right,KEEP,mb0080_jpg.rf.71c2c2bd738a80795021fbc88c1cfbb6.jpg
IMG02515,leaning_right,leaning_right,KEEP,mb0081_jpg.rf.3dd965a908027625058248778bfbf546.jpg
IMG02516,leaning_right,leaning_right,KEEP,mb0082_jpg.rf.e2a8940f44faf670d6bc65028103a9bd.jpg
IMG02517,leaning_right,leaning_right,KEEP,mb0083_jpg.rf.b6cfd7bb39cc63058de6d8bc563d5072.jpg
IMG02519,leaning_right,leaning_right,KEEP,mb0127_jpg.rf.1839d8b1772a25346526e2237387f695.jpg
IMG02520,leaning_right,leaning_right,KEEP,mb0159_jpg.rf.b0ae4761b5a86105c29cdc41fee054c0.jpg
IMG02521,leaning_right,leaning_right,KEEP,mb0161_jpg.rf.5ebf65602412624a14d4be5861ebf7f3.jpg
IMG02522,leaning_right,leaning_right,KEEP,mb0181_jpg.rf.0cf06bc9f0324300482d3e68d574f9f1.jpg
IMG02523,leaning_right,leaning_right,KEEP,mb0182_jpg.rf.d08c673513f345f0b31f91b6f9450659.jpg
IMG02524,leaning_right,leaning_right,KEEP,mb0212_jpg.rf.0d9e807d2b6b31631683ef97c1855b0b.jpg
IMG02525,leaning_right,leaning_right,KEEP,mb0213_jpg.rf.a68e476fdac35c202b6be3dd658b1313.jpg
IMG02527,leaning_right,leaning_right,KEEP,mb0215_jpg.rf.6d60b706801e10c80d170a02b62635b5.jpg
IMG02529,leaning_right,leaning_right,KEEP,mb0278_jpg.rf.41b7d7a8040d48ee9b5895bcce6a80b4.jpg
IMG02531,leaning_right,leaning_right,KEEP,mb0280_jpg.rf.14a9ac3bf776384921455f6d2cbac8a0.jpg
IMG02532,leaning_right,leaning_right,KEEP,mb0338_jpg.rf.17e682e09258ca6c6554bbb6547e2367.jpg
IMG02534,leaning_right,leaning_right,KEEP,mb0389_jpg.rf.dede3bdb08538af6521928abc139c8d2.jpg
IMG02536,leaning_right,leaning_right,KEEP,mb0391_jpg.rf.d355594883b7dd2625f1e8b0b1ac49bb.jpg
IMG02538,leaning_right,leaning_right,KEEP,mb0424_jpg.rf.daec2710958b22ae35b49da389799f33.jpg
IMG02540,leaning_right,leaning_right,KEEP,mb0472_jpg.rf.9de49db94119bdd269a50b9b8858243a.jpg
IMG02542,leaning_right,leaning_right,KEEP,mb0523_jpg.rf.85b91bb6ca220d32c5e7f85433754161.jpg
IMG02546,leaning_right,leaning_right,KEEP,mb20011_jpg.rf.b6029ecb491536277da9b946f21de30b.jpg
IMG02548,leaning_right,leaning_right,KEEP,mb20014_jpg.rf.f081350b9d0797c1b011bd31411fa877.jpg
IMG02553,leaning_right,leaning_right,KEEP,mb20034_jpg.rf.2c04f5bf1937825e6342ba1ca9b7ce23.jpg
IMG02556,leaning_right,leaning_right,KEEP,mb20037_jpg.rf.13faf23e7766cf37a7f2254e17d6ef9a.jpg
IMG02566,leaning_right,leaning_right,KEEP,mb20047_jpg.rf.8600c1e4bdb8b5761670175081b4baae.jpg
IMG02575,leaning_right,leaning_right,KEEP,mb20092_jpg.rf.dbb2192892cab228281c9dc94851ccb4.jpg
IMG02576,leaning_right,leaning_right,KEEP,mb20093_jpg.rf.11854d67ec97a39f7c99d88f4b86c538.jpg
IMG02585,leaning_right,leaning_right,KEEP,mb20136_jpg.rf.f6dced5a330e0ef7d34fb173bf5989a3.jpg
IMG02592,leaning_right,leaning_right,KEEP,mb20163_jpg.rf.ab212f9fbea1a2ff90821696ec073212.jpg
IMG02593,leaning_right,leaning_right,KEEP,mb20188_jpg.rf.3c3d1b184236f6d9d3819fe31743945d.jpg
IMG02594,leaning_right,leaning_right,KEEP,mb20189_jpg.rf.c1a353a5de0ba29308346e242432ea61.jpg
IMG02599,leaning_right,leaning_right,KEEP,mb20225_jpg.rf.ccb684873f40997354131955b0e8d80d.jpg
IMG02603,leaning_right,leaning_right,KEEP,mb20229_jpg.rf.0aa459942c7c3d81aa6aa8ae79d296aa.jpg
IMG02612,leaning_right,leaning_right,KEEP,mb20285_jpg.rf.c316a80797036d52873ff8003ed44a38.jpg
IMG02613,upright,upright,KEEP,2023-11-21-031602_jpg.rf.0e6400240880705c13f2931f87221d05.jpg
IMG02614,upright,upright,KEEP,2023-11-21-031602_jpg.rf.21bf739e20850c77bcf88be1dccab0d2.jpg
IMG02615,upright,upright,KEEP,2023-11-21-031602_jpg.rf.6c84be4ff6d2ce28c1546759af4643f6.jpg
IMG02616,upright,upright,KEEP,VidWebCam_frame_0_png_jpg.rf.14c23e82183162b96435820829347a78.jpg
IMG02622,upright,upright,KEEP,VidWebCam_frame_1309_png_jpg.rf.e54279ba240b0a2793d92215c88c0423.jpg
IMG02623,upright,upright,KEEP,VidWebCam_frame_1386_png_jpg.rf.6c53bddb176431d5ad7231852aa6b18a.jpg
IMG02624,upright,upright,KEEP,VidWebCam_frame_1386_png_jpg.rf.8b2dabf4a9c36e33ce5eb5293bc12e03.jpg
IMG02625,upright,upright,KEEP,VidWebCam_frame_1386_png_jpg.rf.9c047ba1aa0c82f9018def56b020befe.jpg
IMG02626,upright,upright,KEEP,VidWebCam_frame_1925_png_jpg.rf.00befe0b06028c46f9ebe1ffcef548c3.jpg
IMG02628,upright,upright,KEEP,VidWebCam_frame_1925_png_jpg.rf.5cbd9a3d6f71c368dbd3609860fabd6b.jpg
IMG02629,upright,upright,KEEP,VidWebCam_frame_2002_png_jpg.rf.bd8e91ca13d3aa6582239a2334562851.jpg
IMG02630,upright,upright,KEEP,VidWebCam_frame_2079_png_jpg.rf.411733a5d08ea52482af889fa027eb8d.jpg
IMG02631,upright,upright,KEEP,VidWebCam_frame_2079_png_jpg.rf.53b35d3743bb47be183d1863c30d290d.jpg
IMG02632,upright,upright,KEEP,VidWebCam_frame_2079_png_jpg.rf.a1c350d59a66f9923a812558ccde3efe.jpg
IMG02633,upright,upright,KEEP,VidWebCam_frame_2695_png_jpg.rf.2ee7b97ab7fc4fb3e9a38ff46b0d54f3.jpg
IMG02635,upright,upright,KEEP,VidWebCam_frame_2772_png_jpg.rf.94b5a43badff921f747bf8bc0af52ccb.jpg
IMG02637,upright,upright,KEEP,VidWebCam_frame_308_png_jpg.rf.00ab7b5fcde090d26044b36a58e18b03.jpg
IMG02638,upright,upright,KEEP,VidWebCam_frame_308_png_jpg.rf.0d5984c1f48146b1e25042cea7760489.jpg
IMG02639,upright,upright,KEEP,VidWebCam_frame_308_png_jpg.rf.30e51406d9cd6f44560e396465280514.jpg
IMG02640,upright,upright,KEEP,VidWebCam_frame_3619_png_jpg.rf.bc02d8f43985294a29ae13e097fc7146.jpg
IMG02641,upright,upright,KEEP,VidWebCam_frame_3696_png_jpg.rf.3da794c71b0894fe8646cd6ca11e7e2b.jpg
IMG02642,upright,upright,KEEP,VidWebCam_frame_3696_png_jpg.rf.a9aad7c48aa713d37a5ce8e69329d7e2.jpg
IMG02643,upright,upright,KEEP,VidWebCam_frame_3696_png_jpg.rf.ab670b9ac66f0976b77797535c040f0a.jpg
IMG02644,upright,upright,KEEP,VidWebCam_frame_3773_png_jpg.rf.1efd7518aa93775f2d433f1cbcc4130e.jpg
IMG02645,upright,upright,KEEP,VidWebCam_frame_385_png_jpg.rf.20cd40ad329a0f944e2b10af18ceee67.jpg
IMG02648,upright,upright,KEEP,VidWebCam_frame_77_png_jpg.rf.cf71209e70c807a57df114b64f6d439d.jpg
IMG02654,upright,upright,KEEP,extract0003_jpg.rf.c064a8039f13f9f87dcab5f3a9a36f50.jpg
IMG02657,upright,upright,KEEP,extract0005_jpg.rf.230cbfea5d58e13622b3a9b1ffec9b38.jpg
IMG02661,upright,upright,KEEP,extract0007_jpg.rf.4fc8948f5809f36023e934e9a5fd2f68.jpg
IMG02664,upright,upright,KEEP,extract0008_jpg.rf.67b96cc73d7d64b70bc5d13117f8e081.jpg
IMG02671,upright,upright,KEEP,extract0010_jpg.rf.dd1d2ba781d11086f84a1aa04dffef84.jpg
IMG02679,upright,upright,KEEP,extract0015_jpg.rf.b4271f5d2c585798782180e1f754b9ed.jpg
IMG02680,upright,upright,KEEP,extract0015_jpg.rf.c6f37e5ffc85060401bc687a5bb901be.jpg
IMG02681,upright,upright,KEEP,extract0016_jpg.rf.831f8864dbdb5afec126fa8b9f5ad4a7.jpg
IMG02693,upright,upright,KEEP,extract0027_jpg.rf.87a38f33a202895a447b8e24fa982b2b.jpg
IMG02694,upright,upright,KEEP,extract0028_jpg.rf.767eb602d40f132246626f8984f625ff.jpg
IMG02791,upright,upright,KEEP,extract0227_jpg.rf.5c571073bef4a5a22db8569a9604ef5f.jpg
IMG02792,upright,upright,KEEP,extract0228_jpg.rf.4d704b9fb0ba8d29bc22f8cdd4adf4b1.jpg
IMG02793,upright,upright,KEEP,extract0229_jpg.rf.d0632aa508d355e285495a19af532b89.jpg
IMG02794,upright,upright,KEEP,extract0230_jpg.rf.318852e2b77c8beeb482e8fa68ad4879.jpg
IMG02854,upright,upright,KEEP,extract0767_jpg.rf.e312a3728047cf98e5471acc322e3094.jpg
IMG02877,upright,upright,KEEP,extract0890_jpg.rf.302e704635ecf3407e3815d140bd5a98.jpg
IMG02972,upright,upright,KEEP,extract1036_jpg.rf.88e2e0985cbe4d0f9c7ec8fc412ab606.jpg
IMG02988,upright,upright,KEEP,extract1555_jpg.rf.89d64efb6fa9980a325033ff40c105f2.jpg
IMG03150,upright,upright,KEEP,extract2294_jpg.rf.cd6d06b8b763babfbd097ccb9f4a2dee.jpg
IMG03165,upright,upright,KEEP,extract2434_jpg.rf.0d002932a71e3c086c69a3973f7caeca.jpg
IMG03189,upright,upright,KEEP,extract2710_jpg.rf.62c8cc91ea157a0da457765b21e73368.jpg
IMG03192,upright,upright,KEEP,extract2713_jpg.rf.0d7ef612bc243a0bd9a1fea2a8975cd7.jpg
IMG03256,upright,upright,KEEP,extract2845_jpg.rf.7208252dd68ecabccbfea642c57f9c8a.jpg
IMG03257,upright,upright,KEEP,extract2846_jpg.rf.093d8a520d696b8a6af7753265f01232.jpg
IMG03260,upright,upright,KEEP,extract2849_jpg.rf.49243bfac314249ea08db58201c41da4.jpg
IMG03262,upright,upright,KEEP,extract2851_jpg.rf.3e95467516e4380daace237478be6fac.jpg
IMG03298,upright,upright,KEEP,extract2888_jpg.rf.b2d034ba36af6abd148f5a575001815c.jpg
IMG03322,upright,upright,KEEP,extract2912_jpg.rf.bf758880a546add4ec7c2c26a9cea193.jpg
IMG03332,upright,upright,KEEP,extract2922_jpg.rf.c97d023fded786b89ab3a927af3ab30e.jpg
IMG03347,upright,upright,KEEP,extract2937_jpg.rf.fab8346fe5deccb0f650009d1e74174d.jpg
IMG03353,upright,upright,KEEP,extract2944_jpg.rf.c1866636db4b79e5cd49529d08ec7087.jpg
IMG03355,upright,upright,KEEP,extract2946_jpg.rf.a11f1730f6e567f54ce6619db55a5b67.jpg
IMG03359,upright,upright,KEEP,extract3109_jpg.rf.7046204837d5048f405faeacc8829249.jpg
IMG03364,upright,upright,KEEP,extract3114_jpg.rf.588a01f772e14f7685c4d648288eb665.jpg
IMG03389,upright,upright,KEEP,extract3155_jpg.rf.8d8fdf8032720655f5ca1f6d28a28f6f.jpg
IMG03622,upright,upright,KEEP,mb0067_jpg.rf.eb29201907afb461129c44650926a8f6.jpg
IMG03623,upright,upright,KEEP,mb0068_jpg.rf.30218ecc697e6435b8a7ff31d647921d.jpg
IMG03625,upright,upright,KEEP,mb0076_jpg.rf.21f2507b6489346ca869770b7a78e07c.jpg
IMG03627,upright,upright,KEEP,mb0078_jpg.rf.0f502c31c6bb0335ce295ecdc8414c1c.jpg
IMG03630,upright,upright,KEEP,mb0098_jpg.rf.eec95520c6e46fa2689594042ec86de3.jpg
IMG03631,upright,upright,KEEP,mb0099_jpg.rf.dd3108f276990deae0a49136bd12daa4.jpg
IMG03632,upright,upright,KEEP,mb0100_jpg.rf.c9b90826b9e66e215b4927fe6820ff2e.jpg
IMG03634,upright,upright,KEEP,mb0107_jpg.rf.d8bf651a241e84fbf974aa592f069669.jpg
IMG03635,upright,upright,KEEP,mb0118_jpg.rf.87a5ecc434ac7e4395556c8ed6ece2e4.jpg
IMG03636,upright,upright,KEEP,mb0119_jpg.rf.0272e8f140159cd0b70bdaac2bbcf2da.jpg
IMG03637,upright,upright,KEEP,mb0120_jpg.rf.c9560f1afc214104185b8def234a651e.jpg
IMG03638,upright,upright,KEEP,mb0121_jpg.rf.60efe63897a7df67496abba95a867479.jpg
IMG03639,upright,upright,KEEP,mb0122_jpg.rf.934d8a31d65eaa8d021185a4c1dea720.jpg
IMG03640,upright,upright,KEEP,mb0123_jpg.rf.1765aba4a874e1441cee9af13a7c8640.jpg
IMG03643,upright,upright,KEEP,mb0136_jpg.rf.7ec3558de49763c197bf98cbc61a202b.jpg
IMG03644,upright,upright,KEEP,mb0137_jpg.rf.03606c2cb43d4224f874ad6d4bac8c46.jpg
IMG03645,upright,upright,KEEP,mb0138_jpg.rf.68f5b522eb731a5ed613ec7d36537f8d.jpg
IMG03646,upright,upright,KEEP,mb0139_jpg.rf.6f2cf87cd03f6d9eb32e841505cfcc42.jpg
IMG03648,upright,upright,KEEP,mb0143_jpg.rf.d4c07961c410bf1721e4730551240cbd.jpg
IMG03650,upright,upright,KEEP,mb0162_jpg.rf.bc17b8889d4f3310314ceb94715e8175.jpg
IMG03651,upright,upright,KEEP,mb0163_jpg.rf.66d86af95a1330672d21b587f729ce93.jpg
IMG03653,upright,upright,KEEP,mb0165_jpg.rf.aeac79bd55e5a1be2b840f053adc7f2a.jpg
IMG03659,upright,upright,KEEP,mb0175_jpg.rf.a35e94fa7427b6266171fade4190f4e3.jpg
IMG03661,upright,upright,KEEP,mb0184_jpg.rf.3d6a975cfb576daa8c32c5a94ffb0d1b.jpg
IMG03662,upright,upright,KEEP,mb0185_jpg.rf.1c97eaa80ba3950a4838f5b197235aed.jpg
IMG03664,upright,upright,KEEP,mb0187_jpg.rf.85b10f6e23141986422ad4857632066e.jpg
IMG03667,upright,upright,KEEP,mb0202_jpg.rf.71a1877dad6634cdc04adc637e07ea0c.jpg
IMG03669,upright,upright,KEEP,mb0204_jpg.rf.cd177718187bd4958fcd213cb75e0643.jpg
IMG03675,upright,upright,KEEP,mb0224_jpg.rf.0b461703a9f21fcbbb4f834bcba41b24.jpg
IMG03679,upright,upright,KEEP,mb0228_jpg.rf.886aedd01fa156cdcc120b5554f567aa.jpg
IMG03680,upright,upright,KEEP,mb0241_jpg.rf.f27d5436556ecbfd106680401c93cac1.jpg
IMG03681,upright,upright,KEEP,mb0242_jpg.rf.b8bc9a0c4d562d2c3fe3e29009014e1a.jpg
IMG03682,upright,upright,KEEP,mb0243_jpg.rf.7ff67dbc18b26d29ba31a3697188c837.jpg
IMG03683,upright,upright,KEEP,mb0244_jpg.rf.34d8bbde49f9a9f8c75fc0e1b76b74b8.jpg
IMG03685,upright,upright,KEEP,mb0246_jpg.rf.d4a23220daa584dcba10efaaae34ea46.jpg
IMG03687,upright,upright,KEEP,mb0264_jpg.rf.58cc21787a3da12f99a3148a6927baad.jpg
IMG03691,upright,upright,KEEP,mb0268_jpg.rf.b44809168ce1ec377436d3cfa78c82ff.jpg
IMG03693,upright,upright,KEEP,mb0275_jpg.rf.0ee6c69347fabc796243db279725b450.jpg
IMG03694,upright,upright,KEEP,mb0283_jpg.rf.77e6302c3968a2fbc26e7d4b255d97a0.jpg
IMG03695,upright,upright,KEEP,mb0287_jpg.rf.aabf4ba1f301ca5f86fd4b554d68c717.jpg
IMG03696,upright,upright,KEEP,mb0288_jpg.rf.c27531f88805b8ec5bdf1cddb4467bad.jpg
IMG03699,upright,upright,KEEP,mb0294_jpg.rf.e28ac26bc95a70f642d99be7b4f5a491.jpg
IMG03700,upright,upright,KEEP,mb0297_jpg.rf.94137b4172f10efd0a154f6b7187dca8.jpg
IMG03701,upright,upright,KEEP,mb0299_jpg.rf.f658a279203ef67cae17d5566e4fbda8.jpg
IMG03702,upright,upright,KEEP,mb0310_jpg.rf.ffba7637f14d37b5867c021118ef134c.jpg
IMG03704,upright,upright,KEEP,mb0312_jpg.rf.fddceb56f32980fb6b380cf3fd04dc9c.jpg
IMG03707,upright,upright,KEEP,mb0323_jpg.rf.605ec55a16b7f2ab7d112cc785e43253.jpg
IMG03708,upright,upright,KEEP,mb0324_jpg.rf.a797477e770fda859374e463765a3656.jpg
IMG03709,upright,upright,KEEP,mb0325_jpg.rf.9a65a62a7e8b39feefe77ce0f0de8674.jpg
IMG03715,upright,upright,KEEP,mb0346_jpg.rf.ab16853f5b0b4995480eaa23d04a79c3.jpg
IMG03716,upright,upright,KEEP,mb0347_jpg.rf.d900d419a81fd0da73a1a9a644b63d60.jpg
IMG03719,upright,upright,KEEP,mb0355_jpg.rf.160b04d740ac04759ea07b1ab1fceb8e.jpg
IMG03720,upright,upright,KEEP,mb0356_jpg.rf.cab9c31d429ba3d8b35a645e02e91a08.jpg
IMG03724,upright,upright,KEEP,mb0376_jpg.rf.56bf13fdc91ef95a3a14fa1c82dc6dec.jpg
IMG03746,upright,upright,KEEP,mb0422_jpg.rf.257ece1d4dc814efec15ba32dd8c38f9.jpg
IMG03749,upright,upright,KEEP,mb0434_jpg.rf.59ec3e3eb828968b7fc76485a088f56b.jpg
IMG03752,upright,upright,KEEP,mb0438_jpg.rf.2fc94be67d7f675bd8a740aa7cd8f2f3.jpg
IMG03753,upright,upright,KEEP,mb0439_jpg.rf.9d7406c08b9103f255058c103c88736f.jpg
IMG03754,upright,upright,KEEP,mb0440_jpg.rf.8f5a8190ba8e7e2d9b1c5c78665bf2ba.jpg
IMG03757,upright,upright,KEEP,mb0443_jpg.rf.0fd8f16ee12cbe1d6b0f3f59e9bb428c.jpg
IMG03759,upright,upright,KEEP,mb0459_jpg.rf.e5fe62be4669bfe18b9b309930d95232.jpg
IMG03766,upright,upright,KEEP,mb0482_jpg.rf.173d1cd4fad32bbd0da680766ce803a5.jpg
IMG03769,upright,upright,KEEP,mb0488_jpg.rf.107f6293a0c991eac3a8826413ac21ee.jpg
IMG03773,upright,upright,KEEP,mb0506_jpg.rf.fb5aa7a3be3a35bc7cadc71a925386c9.jpg
IMG03780,upright,upright,KEEP,mb0522_jpg.rf.264f77fcc4e9566ac56279a45e1ebd64.jpg
IMG03781,upright,upright,KEEP,mb0530_jpg.rf.18906141dd28b1cffb5af1214f56c4ce.jpg
IMG03782,upright,upright,KEEP,mb0534_jpg.rf.b324eeef448ca60576a7331af9b560f2.jpg
IMG03849,leaning_backward,leaning_backward,KEEP,extract0006_jpg.rf.58a5a14615eb4179813a4060b0d356c5.jpg
IMG03850,leaning_backward,leaning_backward,KEEP,extract0008_jpg.rf.79fb262850f5a06f242ee3634227cc66.jpg
IMG03852,leaning_backward,leaning_backward,KEEP,extract0009_jpg.rf.f5243a54f628b87634dba85d78740515.jpg
IMG03853,leaning_backward,leaning_backward,KEEP,extract0010_jpg.rf.c3d6db6ef103d2b645c597064b8da058.jpg
IMG03854,leaning_backward,leaning_backward,KEEP,extract0010_jpg.rf.fcf6a6d58da376a5b536e7e14083305a.jpg
IMG03856,leaning_backward,leaning_backward,KEEP,extract0014_jpg.rf.143d65ba4aa4a2d6ecf90b236b088627.jpg
IMG03857,leaning_backward,leaning_backward,KEEP,extract0585_jpg.rf.1c77ddfbfb5657c73e97aa81d5148a65.jpg
IMG03864,leaning_backward,leaning_backward,KEEP,extract0600_jpg.rf.4555e1b0bbcf4a09d7ac357999e3f675.jpg
IMG03875,leaning_backward,leaning_backward,KEEP,extract0627_jpg.rf.05610eb7b343d23c4ecda5c1316d91b5.jpg
IMG03881,leaning_backward,leaning_backward,KEEP,extract2318_jpg.rf.6512aaeebac7230a61ebdfe91ed46bd6.jpg
IMG03884,leaning_backward,leaning_backward,KEEP,extract2323_jpg.rf.53377c616f3a1d5df114e7fe95e9e5bf.jpg
IMG03895,leaning_backward,leaning_backward,KEEP,extract2347_jpg.rf.af996a8154f864afba900a7c034f6d50.jpg
IMG03922,leaning_backward,leaning_backward,KEEP,extract3230_jpg.rf.cb2e41c6956daf5985e5823eec8d5126.jpg
IMG03937,leaning_backward,leaning_backward,KEEP,mb0072_jpg.rf.bec7392c33e52c542c5b52e3640ab7b9.jpg
IMG03940,leaning_backward,leaning_backward,KEEP,mb0145_jpg.rf.43a55590fbd0e750d541e9fff62fe67b.jpg
IMG03942,leaning_backward,leaning_backward,KEEP,mb0147_jpg.rf.cec1617c854bab105b0ad5c25ea6e1fb.jpg
IMG03943,leaning_backward,leaning_backward,KEEP,mb0160_jpg.rf.12c92f4a4f7b04b24423797a96fba56f.jpg
IMG03944,leaning_backward,leaning_backward,KEEP,mb0166_jpg.rf.60969c83034c5945e8d5039a8f3b92c6.jpg
IMG03945,leaning_backward,leaning_backward,KEEP,mb0197_jpg.rf.c8ab162686d0539f9e24f8afbbd95d9b.jpg
IMG03946,leaning_backward,leaning_backward,KEEP,mb0200_jpg.rf.587c50f70a96d2692f60d169fe9ee82e.jpg
IMG03950,leaning_backward,leaning_backward,KEEP,mb0316_jpg.rf.2ada29b5d482a3d635143272f9f3a11f.jpg
IMG03951,leaning_backward,leaning_backward,KEEP,mb0317_jpg.rf.08685f5e34c77d173b9a19f020a39a7d.jpg
IMG03952,leaning_backward,leaning_backward,KEEP,mb0318_jpg.rf.b75d1cbe0c575ed4b7fb30a2d5a7beb9.jpg
IMG03953,leaning_backward,leaning_backward,KEEP,mb0319_jpg.rf.dd98baa4b472613e734fbcf79d5a0442.jpg
IMG03956,leaning_backward,leaning_backward,KEEP,mb0446_jpg.rf.8923a827d987fa772544bf4ed3036a61.jpg
IMG03957,leaning_backward,leaning_backward,KEEP,mb0448_jpg.rf.1c278f8563b11f890c543d6e7af8054a.jpg
IMG03958,leaning_backward,leaning_backward,KEEP,mb0456_jpg.rf.55917d09df4e451dbdca1fe772454bcc.jpg
IMG03962,leaning_backward,leaning_backward,KEEP,mb0483_jpg.rf.5081942930ce6e43bbabbd27912f277f.jpg
IMG03964,leaning_backward,leaning_backward,KEEP,mb0500_jpg.rf.75a27bc6f61212d4b55bbcb58f6ddb20.jpg
IMG03965,leaning_backward,leaning_backward,KEEP,mb0500_jpg.rf.acaa27b4fc51412188bde73b66f02331.jpg
IMG03966,leaning_backward,leaning_backward,KEEP,mb0501_jpg.rf.c76c9cc8076b22847ac46a50dcba8bac.jpg
IMG03968,leaning_backward,leaning_backward,KEEP,mb0509_jpg.rf.e28d6dda563db19d3c96bba3e7d123f3.jpg
IMG03972,leaning_backward,leaning_backward,KEEP,mb20216_jpg.rf.bd0a99f4d5f19a2920c9fd11d1239197.jpg
IMG03973,leaning_backward,leaning_backward,KEEP,mb20220_jpg.rf.810c1eec85ece7c275ad8d1c49f1c7a8.jpg
IMG03977,leaning_backward,leaning_backward,KEEP,mb20254_jpg.rf.e7cd810bdb695ace95f3b76c2795be07.jpg
IMG03978,leaning_backward,leaning_backward,KEEP,mb20267_jpg.rf.910c31036f5670c376e045d73a87967e.jpg
IMG03984,leaning_backward,leaning_backward,KEEP,mb20281_jpg.rf.24027b39f97d552e3647f43d7177e7f3.jpg
IMG03986,leaning_backward,leaning_backward,KEEP,mb20292_jpg.rf.e27782ec84055012822836429068df62.jpg
IMG03987,leaning_backward,leaning_backward,KEEP,mb20293_jpg.rf.8dbc717b24472c0f82b1aa07d55fb8ad.jpg
IMG03989,leaning_backward,leaning_backward,KEEP,mb20298_jpg.rf.c9fafcefd06d396c8d91d4377828c6b0.jpg
IMG03991,leaning_forward,leaning_forward,KEEP,VidWebCam_frame_1001_png_jpg.rf.4f51901e10deb43ac2374828683da88e.jpg
IMG03992,leaning_forward,leaning_forward,KEEP,VidWebCam_frame_1078_png_jpg.rf.9e96a421c6da8519b99e9fd02bff26d3.jpg
IMG03993,leaning_forward,leaning_forward,KEEP,VidWebCam_frame_1078_png_jpg.rf.9ee0a9c6e8823a3c097e4ec4458c387d.jpg
IMG03994,leaning_forward,leaning_forward,KEEP,VidWebCam_frame_1078_png_jpg.rf.dd8f907b47f8badbc282845edc5a87fe.jpg
IMG03995,leaning_forward,leaning_forward,KEEP,VidWebCam_frame_1155_png_jpg.rf.3accf9a484805ceda966276e36ba91c9.jpg
IMG03996,leaning_forward,leaning_forward,KEEP,VidWebCam_frame_1155_png_jpg.rf.7f565605dbef239b4d8d3648a48ae3a4.jpg
IMG03997,leaning_forward,leaning_forward,KEEP,VidWebCam_frame_1155_png_jpg.rf.f48a987173ccba8c0e34a7251661181b.jpg
IMG03998,leaning_forward,leaning_forward,KEEP,VidWebCam_frame_1463_png_jpg.rf.92313e7b79eb7dd148059e5b50c3dd93.jpg
IMG04000,leaning_forward,leaning_forward,KEEP,VidWebCam_frame_1540_png_jpg.rf.24db6136840795a09d27e1022d07c7b8.jpg
IMG04001,leaning_forward,leaning_forward,KEEP,VidWebCam_frame_1540_png_jpg.rf.31702c5407d676d20c1d0f47f1bc1aea.jpg
IMG04003,leaning_forward,leaning_forward,KEEP,VidWebCam_frame_154_png_jpg.rf.292b2ad9d4b995fb1d876fcca4b9247a.jpg
IMG04004,leaning_forward,leaning_forward,KEEP,VidWebCam_frame_154_png_jpg.rf.5d70933add419fe49b2746c85b9fed05.jpg
IMG04005,leaning_forward,leaning_forward,KEEP,VidWebCam_frame_1617_png_jpg.rf.3a4adca6d337fc187b4cffc77adac5a0.jpg
IMG04006,leaning_forward,leaning_forward,KEEP,VidWebCam_frame_1617_png_jpg.rf.b278b3545bea148acd61940d00b1666f.jpg
IMG04008,leaning_forward,leaning_forward,KEEP,VidWebCam_frame_1694_png_jpg.rf.2934f3da7bfa7f0a8e8edfabe1de04ec.jpg
IMG04009,leaning_forward,leaning_forward,KEEP,VidWebCam_frame_1694_png_jpg.rf.95e506cd41f0acb934144d24600307d0.jpg
IMG04011,leaning_forward,leaning_forward,KEEP,VidWebCam_frame_1771_png_jpg.rf.18b284ca38ec60a0201c261bc5c666e3.jpg
IMG04015,leaning_forward,leaning_forward,KEEP,VidWebCam_frame_2156_png_jpg.rf.263a4715aa5b10054101b9f9992a3777.jpg
IMG04016,leaning_forward,leaning_forward,KEEP,VidWebCam_frame_2156_png_jpg.rf.8f052d0211701c66601887ff3437167c.jpg
IMG04017,leaning_forward,leaning_forward,KEEP,VidWebCam_frame_2156_png_jpg.rf.c4fb2ed88eb7cfd4c4677d4ae0c67807.jpg
IMG04018,leaning_forward,leaning_forward,KEEP,VidWebCam_frame_2233_png_jpg.rf.06b4343b6b3d9a8d9ed61b0d1b110d08.jpg
IMG04019,leaning_forward,leaning_forward,KEEP,VidWebCam_frame_2233_png_jpg.rf.674162ab33ea14d952e1657e37d9ece4.jpg
IMG04020,leaning_forward,leaning_forward,KEEP,VidWebCam_frame_2233_png_jpg.rf.852966f40bcfb382ec681bc37ec91061.jpg
IMG04021,leaning_forward,leaning_forward,KEEP,VidWebCam_frame_2310_png_jpg.rf.2ccd7aef647f287ebe8bbfc8a1462823.jpg
IMG04022,leaning_forward,leaning_forward,KEEP,VidWebCam_frame_2310_png_jpg.rf.70b5e1d5863294315bde1649eab26528.jpg
IMG04023,leaning_forward,leaning_forward,KEEP,VidWebCam_frame_2310_png_jpg.rf.fc6d2b0ed159c98e6ff55317b8233324.jpg
IMG04025,leaning_forward,leaning_forward,KEEP,VidWebCam_frame_2387_png_jpg.rf.6f4d2d3aef7a93bc1bbef6abb8201617.jpg
IMG04027,leaning_forward,leaning_forward,KEEP,VidWebCam_frame_2849_png_jpg.rf.88ed32720e72aaa919e38b1a8cb9e135.jpg
IMG04028,leaning_forward,leaning_forward,KEEP,VidWebCam_frame_2849_png_jpg.rf.eab30ebce601064feabd0b14e7e84f21.jpg
IMG04029,leaning_forward,leaning_forward,KEEP,VidWebCam_frame_2926_png_jpg.rf.8b6a01112eaa25ceec9970065174f5d1.jpg
IMG04030,leaning_forward,leaning_forward,KEEP,VidWebCam_frame_2926_png_jpg.rf.cbe88708b80caebe544f5de875ae72e3.jpg
IMG04032,leaning_forward,leaning_forward,KEEP,VidWebCam_frame_3003_png_jpg.rf.48cc1727705a0fd03319cf38baac7de6.jpg
IMG04033,leaning_forward,leaning_forward,KEEP,VidWebCam_frame_3003_png_jpg.rf.adb5b200c11011a735d08e00785c2775.jpg
IMG04034,leaning_forward,leaning_forward,KEEP,VidWebCam_frame_3003_png_jpg.rf.d59740fee3ce27ec5ada28e29d3d128f.jpg
IMG04035,leaning_forward,leaning_forward,KEEP,VidWebCam_frame_3080_png_jpg.rf.3f94fc6d5eb25c208cbe28a4348fc944.jpg
IMG04036,leaning_forward,leaning_forward,KEEP,VidWebCam_frame_3157_png_jpg.rf.42c2f8fd515ea71b2c1f416e433453c3.jpg
IMG04037,leaning_forward,leaning_forward,KEEP,VidWebCam_frame_3157_png_jpg.rf.6105527b917aa733de4b1528d4ed1294.jpg
IMG04038,leaning_forward,leaning_forward,KEEP,VidWebCam_frame_3157_png_jpg.rf.c825d8ac11144953c57128a54964c04c.jpg
IMG04039,leaning_forward,leaning_forward,KEEP,VidWebCam_frame_3234_png_jpg.rf.7081182cbcb3eac0499f2f8b51f2a0e3.jpg
IMG04040,leaning_forward,leaning_forward,KEEP,VidWebCam_frame_3234_png_jpg.rf.84e60f5b20aa6689f4d6ffece8c3ed7c.jpg
IMG04043,leaning_forward,leaning_forward,KEEP,VidWebCam_frame_3542_png_jpg.rf.be24829f93c30b6ae5307c4d6db01bb6.jpg
IMG04045,leaning_forward,leaning_forward,KEEP,VidWebCam_frame_462_png_jpg.rf.f8ee8b5d6241b1c5bf501be3e10823ae.jpg
IMG04046,leaning_forward,leaning_forward,KEEP,VidWebCam_frame_539_png_jpg.rf.5881725a3da0041ec93f8db385eff9a8.jpg
IMG04047,leaning_forward,leaning_forward,KEEP,VidWebCam_frame_616_png_jpg.rf.512f81e1db34787b8e6ecf6aba399c6e.jpg
IMG04087,leaning_forward,leaning_forward,KEEP,extract0317_jpg.rf.8e5f0423eaa3086e5fda86066a2c011e.jpg
IMG04099,leaning_forward,leaning_forward,KEEP,extract0330_jpg.rf.49da8baf8da4b5e3e41cb248f7e6cbc5.jpg
IMG04106,leaning_forward,leaning_forward,KEEP,extract0337_jpg.rf.96da723c58bca453fbe1b14960d18614.jpg
IMG04108,leaning_forward,leaning_forward,KEEP,extract0339_jpg.rf.83b51b04bade7d1eae7dd9d5d5c0bed1.jpg
IMG04173,leaning_forward,leaning_forward,KEEP,extract0763_jpg.rf.222b1181bd404708c22b0b14911c1744.jpg
IMG04179,leaning_forward,leaning_forward,KEEP,extract0834_jpg.rf.9820b121e9eff0d7ae630e7c8da46bcc.jpg
IMG04249,leaning_forward,leaning_forward,KEEP,extract1264_jpg.rf.39c979e5941167c4587b69de946017aa.jpg
IMG04251,leaning_forward,leaning_forward,KEEP,extract1268_jpg.rf.df0675f146fde3186063829d4bdac6ab.jpg
IMG04282,leaning_forward,leaning_forward,KEEP,extract1387_jpg.rf.39bd5fa97f44f984b9a9dca31224f660.jpg
IMG04286,leaning_forward,leaning_forward,KEEP,extract1391_jpg.rf.40be0ec2278fe159ba53d8ee5cc4cae3.jpg
IMG04287,leaning_forward,leaning_forward,KEEP,extract1392_jpg.rf.2d0949bc69cd061fa382ec12b9d0909a.jpg
IMG04291,leaning_forward,leaning_forward,KEEP,extract1396_jpg.rf.f70a71e88e756f2bed77019d9d7082e0.jpg
IMG04292,leaning_forward,leaning_forward,KEEP,extract1397_jpg.rf.0c72325f6058c2f743eb3422df3220c5.jpg
IMG04293,leaning_forward,leaning_forward,KEEP,extract1398_jpg.rf.c65f7ec8bb86b8ef3b2487f6a57306be.jpg
IMG04295,leaning_forward,leaning_forward,KEEP,extract1400_jpg.rf.5bf06e325672f96939c94e5aafff4b3b.jpg
IMG04296,leaning_forward,leaning_forward,KEEP,extract1401_jpg.rf.e8fa5d9655b0f3afbf07c1b49e6c39c5.jpg
IMG04297,leaning_forward,leaning_forward,KEEP,extract1402_jpg.rf.bd645f74423d328e014fee0fd3e32ad7.jpg
IMG04299,leaning_forward,leaning_forward,KEEP,extract1404_jpg.rf.d690f4626b37c3402086e419667f965a.jpg
IMG04305,leaning_forward,leaning_forward,KEEP,extract1410_jpg.rf.a407ae72a7ffeb83304d1eb07fe81846.jpg
IMG04309,leaning_forward,leaning_forward,KEEP,extract1414_jpg.rf.a0494d7434092eb7e979f0c8ff4a3439.jpg
IMG04313,leaning_forward,leaning_forward,KEEP,extract1418_jpg.rf.0b9fa5996893856e57647491ddaeab08.jpg
IMG04314,leaning_forward,leaning_forward,KEEP,extract1419_jpg.rf.4d418d40d939660a9aa458cc583d3f90.jpg
IMG04316,leaning_forward,leaning_forward,KEEP,extract1421_jpg.rf.20cddc4ef264b1f4ceec6fd1388f90c9.jpg
IMG04317,leaning_forward,leaning_forward,KEEP,extract1422_jpg.rf.4e7e380bc2bb15f40e3e26ef37990a83.jpg
IMG04319,leaning_forward,leaning_forward,KEEP,extract1424_jpg.rf.437aabc4401f21b9be0a9c820336f676.jpg
IMG04320,leaning_forward,leaning_forward,KEEP,extract1426_jpg.rf.27766fd6b1daca961e10cffcf88b10b4.jpg
IMG04321,leaning_forward,leaning_forward,KEEP,extract1427_jpg.rf.ae8469b8ba48a7137eabf06ab01cfe53.jpg
IMG04322,leaning_forward,leaning_forward,KEEP,extract1428_jpg.rf.02f29ada61024337aca14bac048c219a.jpg
IMG04323,leaning_forward,leaning_forward,KEEP,extract1429_jpg.rf.7b8b21004e89dd58dbfac74549132281.jpg
IMG04325,leaning_forward,leaning_forward,KEEP,extract1431_jpg.rf.c7add75c492c72ce409c546d2c83be2d.jpg
IMG04328,leaning_forward,leaning_forward,KEEP,extract1434_jpg.rf.0ad7f5f9f64eb4dfa60275198e5a7d48.jpg
IMG04329,leaning_forward,leaning_forward,KEEP,extract1435_jpg.rf.671bc2c1661bd0bcd6d26c49136ce577.jpg
IMG04331,leaning_forward,leaning_forward,KEEP,extract1437_jpg.rf.75055019d76a17bbfa98ace04c594c53.jpg
IMG04332,leaning_forward,leaning_forward,KEEP,extract1438_jpg.rf.8d8c00ed28765f3108dfd1a3475de907.jpg
IMG04333,leaning_forward,leaning_forward,KEEP,extract1439_jpg.rf.4d46783eb709fed00b1f3b85d1362dcb.jpg
IMG04334,leaning_forward,leaning_forward,KEEP,extract1440_jpg.rf.b678fed8f0bfae82464aea73ba59c9eb.jpg
IMG04335,leaning_forward,leaning_forward,KEEP,extract1452_jpg.rf.d52ae3e8bed5f518d023eb67e47c424f.jpg
IMG04339,leaning_forward,leaning_forward,KEEP,extract1456_jpg.rf.b2dde3e4a33b20aec8fd85e9097e3d7f.jpg
IMG04343,leaning_forward,leaning_forward,KEEP,extract1460_jpg.rf.fbef2a8887c529d1f50eca1ca4640876.jpg
IMG04344,leaning_forward,leaning_forward,KEEP,extract1461_jpg.rf.ad9af29c6073ff3ce762be579a223113.jpg
IMG04345,leaning_forward,leaning_forward,KEEP,extract1462_jpg.rf.11e3838da31820d9d61021bf3f761b78.jpg
IMG04348,leaning_forward,leaning_forward,KEEP,extract1465_jpg.rf.a6be9f5c05310716525c52eaf3c16e80.jpg
IMG04349,leaning_forward,leaning_forward,KEEP,extract1466_jpg.rf.966e0faf4e6d70ccf0f56e70bba072cf.jpg
IMG04351,leaning_forward,leaning_forward,KEEP,extract1468_jpg.rf.dabcdf52b9a544ba427cdeb6559e8ec2.jpg
IMG04355,leaning_forward,leaning_forward,KEEP,extract1472_jpg.rf.4e04348a82c08363e8d9c1eeb5b8454a.jpg
IMG04356,leaning_forward,leaning_forward,KEEP,extract1473_jpg.rf.278840debcb503c22c2cb04d9d6d82e9.jpg
IMG04357,leaning_forward,leaning_forward,KEEP,extract1474_jpg.rf.fe572de0d1467154d5194386d0c7cbea.jpg
IMG04358,leaning_forward,leaning_forward,KEEP,extract1475_jpg.rf.7681eca8186a400db3aa72f362d0aa9a.jpg
IMG04369,leaning_forward,leaning_forward,KEEP,extract1486_jpg.rf.b21811b0d2b917a4a54107ea52c2e209.jpg
IMG04376,leaning_forward,leaning_forward,KEEP,extract1493_jpg.rf.e98385fc0891a6ea4db871dd6ca81247.jpg
IMG04401,leaning_forward,leaning_forward,KEEP,extract1519_jpg.rf.6d2c11c9905781e39140ded9210fd7a9.jpg
IMG04402,leaning_forward,leaning_forward,KEEP,extract1520_jpg.rf.46b2990d562bc84b46256c14763eb87e.jpg
IMG04404,leaning_forward,leaning_forward,KEEP,extract1522_jpg.rf.4479f8aecbc07b22a5f1e52818521dd2.jpg
IMG04405,leaning_forward,leaning_forward,KEEP,extract1523_jpg.rf.9f8e33ce1695d984d0274f6b103ade90.jpg
IMG04406,leaning_forward,leaning_forward,KEEP,extract1524_jpg.rf.41576fe107ce4e21d4c016aa6173c5d1.jpg
IMG04407,leaning_forward,leaning_forward,KEEP,extract1525_jpg.rf.f97b309862db3047c017199df7793e32.jpg
IMG04410,leaning_forward,leaning_forward,KEEP,extract1528_jpg.rf.6fbb72b2e85c3eabf2aee3c8aeee3694.jpg
IMG04450,leaning_forward,leaning_forward,KEEP,extract1599_jpg.rf.d5060f87e15bd4fc59aa650e2b9b5005.jpg
IMG04451,leaning_forward,leaning_forward,KEEP,extract1600_jpg.rf.38d83ffd679ab5facc304955d8e7d9ec.jpg
IMG04453,leaning_forward,leaning_forward,KEEP,extract1602_jpg.rf.967095a4795a04e8d452f106af703fed.jpg
IMG04458,leaning_forward,leaning_forward,KEEP,extract1607_jpg.rf.c2c395bd501730a005aff2e209a1853d.jpg
IMG04459,leaning_forward,leaning_forward,KEEP,extract1608_jpg.rf.b4c12c2a3bfc73e63192d6e68acf4c16.jpg
IMG04467,leaning_forward,leaning_forward,KEEP,extract1616_jpg.rf.6988793ba204b298a9d3f6ad4869a1ac.jpg
IMG04472,leaning_forward,leaning_forward,KEEP,extract1621_jpg.rf.01f129f39fdb03a6c5134464741bd0e2.jpg
IMG04473,leaning_forward,leaning_forward,KEEP,extract1622_jpg.rf.a33687f970ce6fb2cd60e3f959a03ba3.jpg
IMG04474,leaning_forward,leaning_forward,KEEP,extract1623_jpg.rf.736421575763b65b9de5e58083ff0d51.jpg
IMG04475,leaning_forward,leaning_forward,KEEP,extract1624_jpg.rf.6efa44856deef65968d82e49c4bdff67.jpg
IMG04476,leaning_forward,leaning_forward,KEEP,extract1625_jpg.rf.d160de16b4bbc1b07f7693c5b9d0d0d1.jpg
IMG04477,leaning_forward,leaning_forward,KEEP,extract1626_jpg.rf.ae8648bb2521435113072fb6154f0d32.jpg
IMG04478,leaning_forward,leaning_forward,KEEP,extract1627_jpg.rf.dd2dd54a2b77041b0785c8830b169888.jpg
IMG04480,leaning_forward,leaning_forward,KEEP,extract1629_jpg.rf.e2fcef59d5cf1b146e27e360cdecec36.jpg
IMG04481,leaning_forward,leaning_forward,KEEP,extract1634_jpg.rf.4ea37bdf3ec63ed06ea95d38008bfa35.jpg
IMG04482,leaning_forward,leaning_forward,KEEP,extract1637_jpg.rf.0e0083d881edf9976cc8223c8e3b1cf7.jpg
IMG04483,leaning_forward,leaning_forward,KEEP,extract1672_jpg.rf.3a99e14157af84dd672a2eb3d6cf858e.jpg
IMG04485,leaning_forward,leaning_forward,KEEP,extract1678_jpg.rf.3cbecd7ef9ae3120e9859ae6e0cbf0a4.jpg
IMG04490,leaning_forward,leaning_forward,KEEP,extract1683_jpg.rf.1a803b2ccddc55baaee82c7af43f14ab.jpg
IMG04492,leaning_forward,leaning_forward,KEEP,extract1685_jpg.rf.1e6ffcdf0a689baf0604d4de169759fc.jpg
IMG04534,leaning_forward,leaning_forward,KEEP,extract2821_jpg.rf.d7e18a7b54fd2a663045ff6438018632.jpg
IMG04537,leaning_forward,leaning_forward,KEEP,extract2827_jpg.rf.a70bafc12c9ca71683b62239d2812806.jpg
IMG04542,leaning_forward,leaning_forward,KEEP,extract2836_jpg.rf.ac1fd8d5e48270939e024b1314254cfa.jpg
IMG04554,leaning_forward,leaning_forward,KEEP,extract3166_jpg.rf.c06ea8275a18b809edb8841124027ad2.jpg
IMG04570,leaning_forward,leaning_forward,KEEP,extract3182_jpg.rf.e37ecdd293aabb7b07de78d4429ba9a5.jpg
IMG04578,leaning_forward,leaning_forward,KEEP,extract3190_jpg.rf.b977ed9229cf6508fb227956d28df9f1.jpg
IMG04591,leaning_forward,leaning_forward,KEEP,extract3483_jpg.rf.218b1ff9634c66b68c1d37c6473efcb0.jpg
IMG04592,leaning_forward,leaning_forward,KEEP,extract3484_jpg.rf.d0a2f72293d1f5ca805199a6b5749e33.jpg
IMG04630,leaning_forward,leaning_forward,KEEP,mb0005_jpg.rf.b101e401bd93a8787ae9e4f6d01e4626.jpg
IMG04631,leaning_forward,leaning_forward,KEEP,mb0006_jpg.rf.4926da43ed567cc4d450d1d3d8bdb64f.jpg
IMG04633,leaning_forward,leaning_forward,KEEP,mb0008_jpg.rf.21ffef7d5ee16fd189a0a9049cd6852b.jpg
IMG04635,leaning_forward,leaning_forward,KEEP,mb0017_jpg.rf.a47819001842b3716ef81114c62ded4a.jpg
IMG04636,leaning_forward,leaning_forward,KEEP,mb0022_jpg.rf.1776eebe1f5522fc19d79661782579a7.jpg
IMG04637,leaning_forward,leaning_forward,KEEP,mb0032_jpg.rf.b3a87b5796a9ea057c271d35cb64abb4.jpg
IMG04638,leaning_forward,leaning_forward,KEEP,mb0033_jpg.rf.eae68889d500c36d75a42658a65871bd.jpg
IMG04639,leaning_forward,leaning_forward,KEEP,mb0034_jpg.rf.edea6654c7d77a74fc376f2bd336f744.jpg
IMG04640,leaning_forward,leaning_forward,KEEP,mb0036_jpg.rf.db385f9ef76569668a8ca08f9e1bdbda.jpg
IMG04641,leaning_forward,leaning_forward,KEEP,mb0037_jpg.rf.81ae2638d41c0386e066f500ba7b5f69.jpg
IMG04642,leaning_forward,leaning_forward,KEEP,mb0038_jpg.rf.aa344ec746ed1fd590cf7d44d939ad0a.jpg
IMG04644,leaning_forward,leaning_forward,KEEP,mb0047_jpg.rf.e1cedcbf53f1f328749bdc596ac08611.jpg
IMG04646,leaning_forward,leaning_forward,KEEP,mb0050_jpg.rf.22d4a4abdc908aed37a63e8e4a3fc796.jpg
IMG04647,leaning_forward,leaning_forward,KEEP,mb0051_jpg.rf.f08754bb2791a4977c3913078fb5570a.jpg
IMG04648,leaning_forward,leaning_forward,KEEP,mb0059_jpg.rf.3cbda5b7cca60abea04bfc75c01632ef.jpg
IMG04650,leaning_forward,leaning_forward,KEEP,mb0065_jpg.rf.5e2b8dd855facbe269ea28c138f5fe93.jpg
IMG04651,leaning_forward,leaning_forward,KEEP,mb0066_jpg.rf.832eef0d5e49faaa7a5ca78b25caf6e7.jpg
IMG04652,leaning_forward,leaning_forward,KEEP,mb0084_jpg.rf.917e72fd9664b5da3fd3612b31aaa64e.jpg
IMG04653,leaning_forward,leaning_forward,KEEP,mb0085_jpg.rf.2925cc11bbeb53a5a034c63d22157e5c.jpg
IMG04654,leaning_forward,leaning_forward,KEEP,mb0095_jpg.rf.81802bd09014b2079266e86ee7948874.jpg
IMG04656,leaning_forward,leaning_forward,KEEP,mb0103_jpg.rf.7c82e4f0b5c31aac4de2617da98de707.jpg
IMG04657,leaning_forward,leaning_forward,KEEP,mb0104_jpg.rf.6c0c74f3ba010699a496f3a695bd94d5.jpg
IMG04658,leaning_forward,leaning_forward,KEEP,mb0114_jpg.rf.b0deaef50cd80f9f18bc0cc6779bd7cf.jpg
IMG04659,leaning_forward,leaning_forward,KEEP,mb0115_jpg.rf.556bab89ba27f3767da54e3546b22e82.jpg
IMG04660,leaning_forward,leaning_forward,KEEP,mb0116_jpg.rf.b977b042c6ce947526e065b5ac467752.jpg
IMG04661,leaning_forward,leaning_forward,KEEP,mb0117_jpg.rf.2e6dd4eac6926612ed8fe5a6d52e088a.jpg
IMG04662,leaning_forward,leaning_forward,KEEP,mb0124_jpg.rf.4a6759b4e21b379641923ad5991014e4.jpg
IMG04664,leaning_forward,leaning_forward,KEEP,mb0128_jpg.rf.527cfc318f7986e117afcf8804dc8a26.jpg
IMG04665,leaning_forward,leaning_forward,KEEP,mb0129_jpg.rf.520a78dffa6e4e77610535459dccd4f4.jpg
IMG04667,leaning_forward,leaning_forward,KEEP,mb0140_jpg.rf.ee0128479e2465ce1ddd66371e33dcfe.jpg
IMG04669,leaning_forward,leaning_forward,KEEP,mb0178_jpg.rf.5680fe03e0aaa942e516157181442ab2.jpg
IMG04671,leaning_forward,leaning_forward,KEEP,mb0180_jpg.rf.85eaad940fa54cdd0daa8276605b1ed3.jpg
IMG04672,leaning_forward,leaning_forward,KEEP,mb0183_jpg.rf.2e6475fc6e887a08e278928a6149bd7e.jpg
IMG04673,leaning_forward,leaning_forward,KEEP,mb0190_jpg.rf.3804985a509963386be679e31dd8345d.jpg
IMG04674,leaning_forward,leaning_forward,KEEP,mb0191_jpg.rf.35fd2916bee8abb78e7505761c60e8fd.jpg
IMG04675,leaning_forward,leaning_forward,KEEP,mb0192_jpg.rf.224d87446024cab183e8da5808d4f99b.jpg
IMG04676,leaning_forward,leaning_forward,KEEP,mb0216_jpg.rf.a308613b517b8dd1634884683e9b70d3.jpg
IMG04677,leaning_forward,leaning_forward,KEEP,mb0217_jpg.rf.8fbc1fc42cbd588b7971972507b1ab3a.jpg
IMG04678,leaning_forward,leaning_forward,KEEP,mb0218_jpg.rf.9bcd5fcb5beb4d0121627f6bffc19455.jpg
IMG04679,leaning_forward,leaning_forward,KEEP,mb0229_jpg.rf.7fd5a149365c51fdd515e54c14cb4407.jpg
IMG04680,leaning_forward,leaning_forward,KEEP,mb0230_jpg.rf.172cd8192063064d74b99bfc96fe1bb9.jpg
IMG04681,leaning_forward,leaning_forward,KEEP,mb0231_jpg.rf.b66a8e4e6a4ab7f39c57d7021045a00e.jpg
IMG04682,leaning_forward,leaning_forward,KEEP,mb0232_jpg.rf.4b7b397ef2ca6b063c16d107c880a500.jpg
IMG04683,leaning_forward,leaning_forward,KEEP,mb0233_jpg.rf.c89929a24863f0d235033c4a59a4938c.jpg
IMG04684,leaning_forward,leaning_forward,KEEP,mb0234_jpg.rf.82b09db66caacbdefd710bc797dadc8c.jpg
IMG04685,leaning_forward,leaning_forward,KEEP,mb0235_jpg.rf.f5c15ecda6bf1843c640be2b2eed6f0b.jpg
IMG04686,leaning_forward,leaning_forward,KEEP,mb0236_jpg.rf.9f00a1a49cc12f06b0c36a26c1c789b1.jpg
IMG04687,leaning_forward,leaning_forward,KEEP,mb0239_jpg.rf.67aa6a1a466c3d000ff105eb46fa6366.jpg
IMG04688,leaning_forward,leaning_forward,KEEP,mb0240_jpg.rf.4b5a451d1ff324f75b59445ae1b205fa.jpg
IMG04689,leaning_forward,leaning_forward,KEEP,mb0247_jpg.rf.abcce0c80f4ea1a6fadf806ff68840c8.jpg
IMG04690,leaning_forward,leaning_forward,KEEP,mb0248_jpg.rf.4dad85c4249e06e6538a0cce131490ef.jpg
IMG04691,leaning_forward,leaning_forward,KEEP,mb0249_jpg.rf.097cc31ff822d416ee46b1f01d7b007c.jpg
IMG04692,leaning_forward,leaning_forward,KEEP,mb0250_jpg.rf.c70fed5922bb977fac2bca815b84c02f.jpg
IMG04693,leaning_forward,leaning_forward,KEEP,mb0261_jpg.rf.9b5b3604f6f315350a7c34c0896db747.jpg
IMG04694,leaning_forward,leaning_forward,KEEP,mb0262_jpg.rf.0c923dad9767a6f7b1b24b6d256ff610.jpg
IMG04696,leaning_forward,leaning_forward,KEEP,mb0272_jpg.rf.16cb94d9234008fecd561ff8d16c8549.jpg
IMG04697,leaning_forward,leaning_forward,KEEP,mb0273_jpg.rf.a8b012a2f1807d6fef5563c7fdca9e50.jpg
IMG04699,leaning_forward,leaning_forward,KEEP,mb0281_jpg.rf.913514b2e5c4b5108be7d54fda9c1a3e.jpg
IMG04700,leaning_forward,leaning_forward,KEEP,mb0282_jpg.rf.1923abe762c4e2515b3154bfecec98c0.jpg
IMG04701,leaning_forward,leaning_forward,KEEP,mb0295_jpg.rf.d45a73b0e71d89a51241d607e78ccbf7.jpg
IMG04702,leaning_forward,leaning_forward,KEEP,mb0296_jpg.rf.45545fac0d3d5def48aa45c771a694cc.jpg
IMG04703,leaning_forward,leaning_forward,KEEP,mb0302_jpg.rf.d2b1a6c536dac586ee3cde5f151ffd03.jpg
IMG04704,leaning_forward,leaning_forward,KEEP,mb0303_jpg.rf.970c35df3fa5513ce20cdfa7e97eb567.jpg
IMG04706,leaning_forward,leaning_forward,KEEP,mb0305_jpg.rf.5398e8dbbde379560749e5a92f150bf6.jpg
IMG04707,leaning_forward,leaning_forward,KEEP,mb0309_jpg.rf.21b953c281c5d8d014164af72bea7efe.jpg
IMG04708,leaning_forward,leaning_forward,KEEP,mb0320_jpg.rf.647bb1041d37b441edbe9d66ef83d34f.jpg
IMG04709,leaning_forward,leaning_forward,KEEP,mb0321_jpg.rf.eb3c6209f245d822b8fa7433c3aea3fb.jpg
IMG04710,leaning_forward,leaning_forward,KEEP,mb0322_jpg.rf.b5e4929a356ab136bf388a95a72d6c5a.jpg
IMG04711,leaning_forward,leaning_forward,KEEP,mb0331_jpg.rf.50c394fb5641bb8289d2729a187834d1.jpg
IMG04712,leaning_forward,leaning_forward,KEEP,mb0332_jpg.rf.b1e2bd50de79bb40d8ef03df35b5f461.jpg
IMG04713,leaning_forward,leaning_forward,KEEP,mb0333_jpg.rf.d4018d2c65eb856de483de6e7d121136.jpg
IMG04716,leaning_forward,leaning_forward,KEEP,mb0342_jpg.rf.3c287bd09d7e78c8d90f2c18eb94b96c.jpg
IMG04717,leaning_forward,leaning_forward,KEEP,mb0343_jpg.rf.2edca6261f2905898e7a2e322bf43764.jpg
IMG04718,leaning_forward,leaning_forward,KEEP,mb0344_jpg.rf.3974cb97b4d2e8db38ee443c2a1b0406.jpg
IMG04720,leaning_forward,leaning_forward,KEEP,mb0357_jpg.rf.c5c185ed1c7a2589eb3c62a0c6ba05be.jpg
IMG04722,leaning_forward,leaning_forward,KEEP,mb0360_jpg.rf.6c47f133ab54c1074ee61c176e82f36f.jpg
IMG04723,leaning_forward,leaning_forward,KEEP,mb0365_jpg.rf.de0fd12815fa96d1fd9d56c17698e694.jpg
IMG04724,leaning_forward,leaning_forward,KEEP,mb0366_jpg.rf.85ccc2893c1c70b3b20c6593e3f865cd.jpg
IMG04725,leaning_forward,leaning_forward,KEEP,mb0374_jpg.rf.5319451e36995a2c42f368db2eb25204.jpg
IMG04726,leaning_forward,leaning_forward,KEEP,mb0375_jpg.rf.d0efa84bbed1783330fc3e2fd1c8b9c0.jpg
IMG04727,leaning_forward,leaning_forward,KEEP,mb0393_jpg.rf.6a14e71746821c225c96979da6a47664.jpg
IMG04728,leaning_forward,leaning_forward,KEEP,mb0394_jpg.rf.05439e55a0d89d13c45b9f43a5f91f71.jpg
IMG04730,leaning_forward,leaning_forward,KEEP,mb0396_jpg.rf.f190bbe777fff77504761164fbf9e2a3.jpg
IMG04732,leaning_forward,leaning_forward,KEEP,mb0398_jpg.rf.85c5efe4e07c6f5ccd4bcfca8d7b6376.jpg
IMG04733,leaning_forward,leaning_forward,KEEP,mb0399_jpg.rf.23345ec95a2134aeed10028c4cbd4c98.jpg
IMG04737,leaning_forward,leaning_forward,KEEP,mb0418_jpg.rf.c8451e42c6906251e36174de107ec613.jpg
IMG04738,leaning_forward,leaning_forward,KEEP,mb0425_jpg.rf.ed9e988a6f779deb84408ac652b0bdce.jpg
IMG04739,leaning_forward,leaning_forward,KEEP,mb0426_jpg.rf.4b4194c7c046c6625cc31222ad0cd8b7.jpg
IMG04740,leaning_forward,leaning_forward,KEEP,mb0437_jpg.rf.dc49f681d70beb831ebbeaabb84ba74b.jpg
IMG04742,leaning_forward,leaning_forward,KEEP,mb0451_jpg.rf.351c1f612dd392079f8223a827039df1.jpg
IMG04744,leaning_forward,leaning_forward,KEEP,mb0455_jpg.rf.9ffabcfc5a1c6550fd8f50df93f500cf.jpg
IMG04745,leaning_forward,leaning_forward,KEEP,mb0464_jpg.rf.917d7d4f5365f6635a8570c0589a269b.jpg
IMG04746,leaning_forward,leaning_forward,KEEP,mb0465_jpg.rf.71f18856c68a149aa0e9612a8838a57b.jpg
IMG04748,leaning_forward,leaning_forward,KEEP,mb0474_jpg.rf.dba1917695a924a6d0c09ba0431c3656.jpg
IMG04749,leaning_forward,leaning_forward,KEEP,mb0475_jpg.rf.edd91f17a84a224fcd1b4c31eff114f1.jpg
IMG04750,leaning_forward,leaning_forward,KEEP,mb0476_jpg.rf.49e244ce8aa9378fc068329f2d3aa956.jpg
IMG04751,leaning_forward,leaning_forward,KEEP,mb0487_jpg.rf.5cb909a471ceaef89d74a5aa03c0df89.jpg
IMG04755,leaning_forward,leaning_forward,KEEP,mb0496_jpg.rf.4834c0443b18865b2ed1a4d34d7073a7.jpg
IMG04756,leaning_forward,leaning_forward,KEEP,mb0497_jpg.rf.79095b90208720380f761b5d18638a54.jpg
IMG04757,leaning_forward,leaning_forward,KEEP,mb0498_jpg.rf.a6f9d0160cf2687d42daa170d85d48d2.jpg
IMG04758,leaning_forward,leaning_forward,KEEP,mb0499_jpg.rf.a22577d3ff149329905810eba9976868.jpg
IMG04759,leaning_forward,leaning_forward,KEEP,mb0502_jpg.rf.e4e2dc9094931e131ec2b5868e2aeb49.jpg
IMG04762,leaning_forward,leaning_forward,KEEP,mb0528_jpg.rf.7e9b5d7492a2ad4255ba72453758454b.jpg
IMG04763,leaning_forward,leaning_forward,KEEP,mb0529_jpg.rf.300202c4b9947eb681ce62a231db73ed.jpg
IMG04773,leaning_forward,leaning_forward,KEEP,mb20060_jpg.rf.c195b65121335585811fa31877358ad7.jpg
IMG04791,leaning_forward,leaning_forward,KEEP,mb20180_jpg.rf.af3ecb70fc665aee6ca639ac27fc187d.jpg
IMG04793,leaning_forward,leaning_forward,KEEP,mb20182_jpg.rf.6183f6ecad9a9fcf75de4f2d9cb1faee.jpg
IMG04794,leaning_forward,leaning_forward,KEEP,mb20184_jpg.rf.4d9a3602b6526732ddb84b547a5e0908.jpg
IMG04796,leaning_forward,leaning_forward,KEEP,mb20187_jpg.rf.c1c0a511c447eac7bff28593420200c2.jpg
IMG04803,leaning_forward,leaning_forward,KEEP,mb20261_jpg.rf.38a2e7a522414d457afea0455dc96e70.jpg
IMG04805,leaning_forward,leaning_forward,KEEP,mb20263_jpg.rf.18de1ec5aa731af319d6243d45e3435e.jpg
IMG04806,leaning_forward,leaning_forward,KEEP,mb20264_jpg.rf.c70edefdb906dd3fbe2087ac06d34bba.jpg
IMG04812,leaning_right,leaning_right,KEEP,2023-11-21-031621_jpg.rf.15c3490df566e94c213d1f31fd9d6a95.jpg
IMG04813,leaning_right,leaning_right,KEEP,2023-11-21-031621_jpg.rf.1705732e60e3a4b019e1cf0a2d4e31d1.jpg
