capture_id,subject_id,fold_id,y_true,y_pred,label_true,label_pred,is_correct,prob_upright,prob_leaning_forward,prob_leaning_backward,prob_leaning_left,prob_leaning_right,prob_slouching
CAP000001,S001,0,0,1,upright,leaning_forward,False,0.1700584590435028,0.5977047681808472,0.06501328200101852,0.03857296332716942,0.03928832709789276,0.0893622413277626
CAP000002,S001,0,0,1,upright,leaning_forward,False,0.16622327268123627,0.5965774655342102,0.06354707479476929,0.03770306333899498,0.03840228542685509,0.09754686802625656
CAP000003,S001,0,0,1,upright,leaning_forward,False,0.19783902168273926,0.4508732259273529,0.0946287289261818,0.04487420618534088,0.04570642486214638,0.1660783588886261
CAP000004,S001,0,0,1,upright,leaning_forward,False,0.1745908558368683,0.576269268989563,0.06674601882696152,0.039601024240255356,0.04033544659614563,0.10245732963085175
CAP000005,S001,0,0,1,upright,leaning_forward,False,0.1896461844444275,0.4322018325328827,0.09177445620298386,0.043015893548727036,0.04381364956498146,0.19954794645309448
CAP000006,S001,0,1,5,leaning_forward,slouching,False,0.2436746060848236,0.2425999641418457,0.05656938999891281,0.04716569930315018,0.047647874802351,0.3623424470424652
CAP000007,S001,0,1,1,leaning_forward,leaning_forward,True,0.11310919374227524,0.4316268265247345,0.11744311451911926,0.06835566461086273,0.06905447691679001,0.20041076838970184
CAP000008,S001,0,1,1,leaning_forward,leaning_forward,True,0.09946105629205704,0.5870187878608704,0.061766259372234344,0.053555600345134735,0.05410310626029968,0.14409513771533966
CAP000009,S001,0,1,5,leaning_forward,slouching,False,0.09437702596187592,0.30042117834091187,0.09799320250749588,0.057035189121961594,0.05761827155947685,0.3925551474094391
CAP000010,S001,0,1,1,leaning_forward,leaning_forward,True,0.09255214035511017,0.4132484197616577,0.057475749403238297,0.049835436046123505,0.050344906747341156,0.33654335141181946
CAP000011,S001,0,0,1,upright,leaning_forward,False,0.28978338837623596,0.4198739230632782,0.08853297680616379,0.04027765989303589,0.04102463647723198,0.12050742655992508
CAP000012,S001,0,0,1,upright,leaning_forward,False,0.32874611020088196,0.40803828835487366,0.07919476926326752,0.036545321345329285,0.037223078310489655,0.11025242507457733
CAP000013,S001,0,0,0,upright,upright,True,0.5475650429725647,0.08732162415981293,0.10335510969161987,0.06037275865674019,0.061492420732975006,0.1398930698633194
CAP000014,S001,0,0,0,upright,upright,True,0.5301375985145569,0.08261826634407043,0.100742407143116,0.05712093040347099,0.05818028375506401,0.17120055854320526
CAP000015,S001,0,0,0,upright,upright,True,0.3802700638771057,0.3375316858291626,0.06982947885990143,0.04092784225940704,0.041686877608299255,0.12975408136844635
CAP000016,S001,0,1,2,leaning_forward,leaning_backward,False,0.05519247427582741,0.06626151502132416,0.768207848072052,0.021419202908873558,0.056037187576293945,0.032881733030080795
CAP000017,S001,0,1,2,leaning_forward,leaning_backward,False,0.02033439837396145,0.08673948049545288,0.7590358853340149,0.013736343011260033,0.013876767829060555,0.10627713799476624
CAP000018,S001,0,1,2,leaning_forward,leaning_backward,False,0.10161983966827393,0.0944037064909935,0.695690929889679,0.019164999946951866,0.01936093159019947,0.06975959986448288
CAP000019,S001,0,1,2,leaning_forward,leaning_backward,False,0.02988605760037899,0.07305291295051575,0.7061629295349121,0.01591968722641468,0.016082435846328735,0.15889602899551392
CAP000020,S001,0,1,2,leaning_forward,leaning_backward,False,0.1148018017411232,0.07946503162384033,0.5356029272079468,0.022494331002235413,0.022724291309714317,0.22491160035133362
CAP000021,S001,0,2,1,leaning_backward,leaning_forward,False,0.09150845557451248,0.3483046591281891,0.33777105808258057,0.03899186849594116,0.0397149920463562,0.1437089741230011
CAP000022,S001,0,2,0,leaning_backward,upright,False,0.3400265872478485,0.11515945941209793,0.16266098618507385,0.06399937719106674,0.0651862844824791,0.25296732783317566
CAP000023,S001,0,2,1,leaning_backward,leaning_forward,False,0.09984179586172104,0.37137570977211,0.3171331286430359,0.03726420924067497,0.03795529901981354,0.13642986118793488
CAP000024,S001,0,2,1,leaning_backward,leaning_forward,False,0.10013359785079956,0.47695422172546387,0.2728203237056732,0.036312300711870193,0.03698572888970375,0.07679377496242523
CAP000025,S001,0,2,2,leaning_backward,leaning_backward,True,0.04559364169836044,0.18964803218841553,0.6765689849853516,0.018381662666797638,0.01872255653142929,0.05108516290783882
CAP000026,S001,0,3,3,leaning_left,leaning_left,True,0.022387683391571045,0.023578453809022903,0.017743799835443497,0.9084764122962952,0.011506824754178524,0.016306759789586067
CAP000027,S001,0,3,3,leaning_left,leaning_left,True,0.016287358477711678,0.024330895394086838,0.011966193094849586,0.9188998341560364,0.01163884811103344,0.01687687262892723
CAP000028,S001,0,3,3,leaning_left,leaning_left,True,0.02223988063633442,0.018822569400072098,0.017626654356718063,0.9024786949157715,0.01143085677176714,0.027401333674788475
CAP000029,S001,0,3,3,leaning_left,leaning_left,True,0.01654389686882496,0.023150144144892693,0.011633260175585747,0.9188941717147827,0.011638776399195194,0.01813977211713791
CAP000030,S001,0,3,3,leaning_left,leaning_left,True,0.020141666755080223,0.027422169223427773,0.017894387245178223,0.9064135551452637,0.011480695568025112,0.016647545620799065
CAP000031,S001,0,4,4,leaning_right,leaning_right,True,0.026713110506534576,0.01896258071064949,0.015096516348421574,0.010812082327902317,0.905121386051178,0.023294372484087944
CAP000032,S001,0,4,4,leaning_right,leaning_right,True,0.030673380941152573,0.019451918080449104,0.02188398875296116,0.010765650309622288,0.9012344479560852,0.015990622341632843
CAP000033,S001,0,4,4,leaning_right,leaning_right,True,0.031053634360432625,0.018658680841326714,0.02251865528523922,0.010761774145066738,0.9009099006652832,0.016097363084554672
CAP000036,S001,0,5,5,slouching,slouching,True,0.08919799327850342,0.33684366941452026,0.1118198111653328,0.036147039383649826,0.03651658073067665,0.38947489857673645
CAP000037,S001,0,5,5,slouching,slouching,True,0.06287786364555359,0.3610571026802063,0.05228709802031517,0.03893556073307991,0.03933361545205116,0.445508748292923
CAP000038,S001,0,5,5,slouching,slouching,True,0.2193237841129303,0.14322206377983093,0.1542014628648758,0.03977326676249504,0.04017987102270126,0.40329959988594055
CAP000039,S001,0,5,2,slouching,leaning_backward,False,0.017143378034234047,0.05909550562500954,0.7457370758056641,0.012972624972462654,0.013105247169733047,0.15194609761238098
CAP000040,S001,0,5,5,slouching,slouching,True,0.17483070492744446,0.18830454349517822,0.12155245989561081,0.038779888302087784,0.03917635232210159,0.43735605478286743
CAP000048,S002,1,0,4,upright,leaning_right,False,0.06756489723920822,0.02758043073117733,0.08460536599159241,0.016396353021264076,0.7767768502235413,0.02707609161734581
CAP000049,S002,1,0,0,upright,upright,True,0.3309388756752014,0.13603584468364716,0.239838644862175,0.07888797670602798,0.06791410595178604,0.14638453722000122
CAP000050,S002,1,0,4,upright,leaning_right,False,0.07331420481204987,0.03072541579604149,0.047369010746479034,0.01756621152162552,0.8031846880912781,0.02784045785665512
CAP000051,S002,1,0,0,upright,upright,True,0.3184944987297058,0.11952319741249084,0.25473880767822266,0.07095453143119812,0.061084263026714325,0.17520467936992645
CAP000052,S002,1,0,0,upright,upright,True,0.3575221002101898,0.13611024618148804,0.22985009849071503,0.07850077003240585,0.06758075952529907,0.1304360330104828
CAP000053,S002,1,1,5,leaning_forward,slouching,False,0.026537353172898293,0.01969939097762108,0.033616628497838974,0.010913443751633167,0.009242666885256767,0.8999904990196228
CAP000054,S002,1,1,5,leaning_forward,slouching,False,0.2403627187013626,0.1574525684118271,0.0744279995560646,0.047121260315179825,0.039907306432724,0.44072815775871277
CAP000055,S002,1,1,5,leaning_forward,slouching,False,0.1043318584561348,0.11318426579236984,0.04939251393079758,0.029324021190404892,0.02524484507739544,0.678522527217865
CAP000056,S002,1,1,5,leaning_forward,slouching,False,0.13588285446166992,0.10446834564208984,0.04858651012182236,0.030785899609327316,0.026503365486860275,0.6537730097770691
CAP000057,S002,1,1,5,leaning_forward,slouching,False,0.13330508768558502,0.09349121898412704,0.049518585205078125,0.0328173004090786,0.028252186253666878,0.6626156568527222
CAP000058,S002,1,2,2,leaning_backward,leaning_backward,True,0.058257441967725754,0.035660598427057266,0.6820788979530334,0.018518894910812378,0.015942787751555443,0.18954139947891235
CAP000059,S002,1,2,2,leaning_backward,leaning_backward,True,0.048168525099754333,0.035896122455596924,0.7805904150009155,0.01930166780948639,0.016616670414805412,0.09942658245563507
CAP000060,S002,1,2,2,leaning_backward,leaning_backward,True,0.04043395072221756,0.039635516703128815,0.7706581950187683,0.021312367171049118,0.018347669392824173,0.1096123531460762
CAP000061,S002,1,2,2,leaning_backward,leaning_backward,True,0.04132761061191559,0.03510114178061485,0.7890052199363708,0.019190581515431404,0.016521036624908447,0.09885438531637192
CAP000062,S002,1,2,2,leaning_backward,leaning_backward,True,0.044212788343429565,0.033753927797079086,0.7091991901397705,0.01809110678732395,0.015574508346617222,0.1791684925556183
CAP000063,S002,1,3,3,leaning_left,leaning_left,True,0.05275668203830719,0.027123482897877693,0.03997232764959335,0.8382068276405334,0.013684968464076519,0.028255708515644073
CAP000064,S002,1,3,3,leaning_left,leaning_left,True,0.021514546126127243,0.009372375905513763,0.026528365910053253,0.9246358275413513,0.005069955252110958,0.012878886424005032
CAP000065,S002,1,3,3,leaning_left,leaning_left,True,0.01959187723696232,0.00830779317766428,0.017769955098628998,0.9380307197570801,0.0045270719565451145,0.011772606521844864
CAP000066,S002,1,3,3,leaning_left,leaning_left,True,0.019444536417722702,0.008279230445623398,0.02096114493906498,0.9348058104515076,0.004511508159339428,0.011997764930129051
CAP000067,S002,1,3,3,leaning_left,leaning_left,True,0.02025621384382248,0.008319961838424206,0.01580188237130642,0.9394047260284424,0.004533702973276377,0.011683512479066849
CAP000068,S002,1,4,4,leaning_right,leaning_right,True,0.016774198040366173,0.007770266849547625,0.012025432661175728,0.004016883205622435,0.9449967741966248,0.01441644225269556
CAP000069,S002,1,4,4,leaning_right,leaning_right,True,0.01856159418821335,0.007331572473049164,0.01132046990096569,0.004133148118853569,0.9431350231170654,0.015518155880272388
CAP000070,S002,1,4,4,leaning_right,leaning_right,True,0.01739197038114071,0.006739518139511347,0.012027399614453316,0.004014827776700258,0.9445133209228516,0.01531296782195568
CAP000071,S002,1,4,4,leaning_right,leaning_right,True,0.018039263784885406,0.006867309100925922,0.011373685672879219,0.004016839899122715,0.9449867010116577,0.014716221019625664
CAP000072,S002,1,4,4,leaning_right,leaning_right,True,0.01901456154882908,0.0076959216967225075,0.012365764006972313,0.004127776715904474,0.9419093728065491,0.01488657109439373
CAP000073,S002,1,5,0,slouching,upright,False,0.5938966274261475,0.07516130059957504,0.1403697282075882,0.04197409003973007,0.036135200411081314,0.1124630942940712
CAP000074,S002,1,5,0,slouching,upright,False,0.3066602945327759,0.13426554203033447,0.2394944429397583,0.072055883705616,0.06203239783644676,0.18549145758152008
CAP000075,S002,1,5,0,slouching,upright,False,0.3047190308570862,0.1334155946969986,0.23797836899757385,0.07159974426031113,0.06163971126079559,0.19064755737781525
CAP000076,S002,1,5,0,slouching,upright,False,0.31305450201034546,0.13559570908546448,0.24142315983772278,0.06987939029932022,0.060158681124448776,0.17988857626914978
CAP000077,S002,1,5,0,slouching,upright,False,0.30569320917129517,0.1338421255350113,0.23873917758464813,0.07182864844799042,0.06183677539229393,0.18806004524230957
CAP000083,S003,0,0,2,upright,leaning_backward,False,0.03477223590016365,0.03444083780050278,0.7931832075119019,0.017992990091443062,0.01832667924463749,0.10128409415483475
CAP000084,S003,0,0,2,upright,leaning_backward,False,0.036748334765434265,0.03639810159802437,0.7802388668060303,0.019015531986951828,0.019368188455700874,0.10823096334934235
CAP000085,S003,0,0,2,upright,leaning_backward,False,0.03473309800028801,0.034402068704366684,0.7922903895378113,0.017972735688090324,0.018306050449609756,0.10229568928480148
CAP000086,S003,0,0,2,upright,leaning_backward,False,0.036748334765434265,0.03639810159802437,0.7802388668060303,0.019015531986951828,0.019368188455700874,0.10823096334934235
CAP000087,S003,0,0,2,upright,leaning_backward,False,0.03553704917430878,0.03297913819551468,0.764702320098877,0.018636884167790413,0.01898251846432686,0.12916210293769836
CAP000088,S003,0,1,1,leaning_forward,leaning_forward,True,0.21778123080730438,0.37057408690452576,0.03140552341938019,0.03230210766196251,0.03290117532014847,0.3150358498096466
CAP000089,S003,0,1,5,leaning_forward,slouching,False,0.05807426571846008,0.25285229086875916,0.042487919330596924,0.030942028388381004,0.03151587396860123,0.5841276049613953
CAP000090,S003,0,1,1,leaning_forward,leaning_forward,True,0.23380431532859802,0.3511578142642975,0.034914836287498474,0.03591160476207733,0.03657761216163635,0.3076338768005371
CAP000091,S003,0,1,5,leaning_forward,slouching,False,0.2649569511413574,0.2808518707752228,0.03820858150720596,0.039299383759498596,0.04002821072936058,0.33665499091148376
CAP000092,S003,0,1,5,leaning_forward,slouching,False,0.17590047419071198,0.184293732047081,0.03945010155439377,0.028729723766446114,0.029262538999319077,0.5423634052276611
CAP000093,S003,0,2,2,leaning_backward,leaning_backward,True,0.10222025215625763,0.047552451491355896,0.7346199750900269,0.022266235202550888,0.022679174318909645,0.07066188007593155
CAP000094,S003,0,2,2,leaning_backward,leaning_backward,True,0.12415937334299088,0.03872617334127426,0.6678698062896729,0.02091718465089798,0.021305104717612267,0.12702235579490662
CAP000095,S003,0,2,2,leaning_backward,leaning_backward,True,0.12467708438634872,0.03888765349984169,0.5949872732162476,0.02100439742207527,0.021393941715359688,0.1990496665239334
CAP000096,S003,0,2,2,leaning_backward,leaning_backward,True,0.12700338661670685,0.0403561070561409,0.6562726497650146,0.021797556430101395,0.02220180630683899,0.1323685199022293
CAP000097,S003,0,2,2,leaning_backward,leaning_backward,True,0.1324181705713272,0.04207668825984001,0.6437800526618958,0.022726893424987793,0.02314838021993637,0.13584981858730316
CAP000098,S003,0,3,3,leaning_left,leaning_left,True,0.017547037452459335,0.013127968646585941,0.08248142153024673,0.8528600931167603,0.010802383534610271,0.023181140422821045
CAP000099,S003,0,3,3,leaning_left,leaning_left,True,0.017347829416394234,0.012978930957615376,0.0922679752111435,0.8431777954101562,0.010679746977984905,0.023547686636447906
CAP000100,S003,0,3,3,leaning_left,leaning_left,True,0.01746029406785965,0.013063072226941586,0.08524470031261444,0.8486440777778625,0.01074898336082697,0.024838849902153015
CAP000101,S003,0,3,3,leaning_left,leaning_left,True,0.01735876128077507,0.012987108901143074,0.09232611209154129,0.8437091112136841,0.010686476714909077,0.02293241210281849
CAP000102,S003,0,3,3,leaning_left,leaning_left,True,0.01735876128077507,0.012987108901143074,0.09232611209154129,0.8437091112136841,0.010686476714909077,0.02293241210281849
CAP000103,S003,0,4,4,leaning_right,leaning_right,True,0.06920648366212845,0.013173257000744343,0.012370787560939789,0.01033253874629736,0.8721027374267578,0.0228141937404871
CAP000104,S003,0,4,4,leaning_right,leaning_right,True,0.06923320144414902,0.012792264111340046,0.012375563383102417,0.010336527600884438,0.872439444065094,0.022823000326752663
CAP000105,S003,0,4,4,leaning_right,leaning_right,True,0.06925589591264725,0.012796456925570965,0.012379620224237442,0.010339915752410889,0.8727254271507263,0.022502657026052475
CAP000106,S003,0,4,4,leaning_right,leaning_right,True,0.06921859085559845,0.01278956513851881,0.012372951954603195,0.010334346443414688,0.8722553849220276,0.02302921563386917
CAP000107,S003,0,4,4,leaning_right,leaning_right,True,0.06918220221996307,0.012782840989530087,0.012366446666419506,0.010328913107514381,0.8717967867851257,0.023542828857898712
CAP000122,S004,2,0,0,upright,upright,True,0.9452125430107117,0.01459645014256239,0.006432746071368456,0.01248892955482006,0.0151276970282197,0.006141632329672575
CAP000123,S004,2,0,0,upright,upright,True,0.9502769708633423,0.013763083145022392,0.005622011609375477,0.011259270831942558,0.013638226315379143,0.005440415348857641
CAP000124,S004,2,0,0,upright,upright,True,0.945557177066803,0.014541316777467728,0.006514656823128462,0.012426027096807957,0.015051503665745258,0.005909317638725042
CAP000125,S004,2,0,0,upright,upright,True,0.9494028091430664,0.013597581535577774,0.006151006557047367,0.011619568802416325,0.014074652455747128,0.005154434125870466
CAP000126,S004,2,0,0,upright,upright,True,0.9401665925979614,0.012187423184514046,0.01502813771367073,0.011427568271756172,0.01384208258241415,0.007348172832280397
CAP000127,S004,2,1,1,leaning_forward,leaning_forward,True,0.004179889336228371,0.9887625575065613,0.0008709930698387325,0.0013436689041554928,0.0017294710269197822,0.0031134013552218676
CAP000128,S004,2,1,1,leaning_forward,leaning_forward,True,0.004106833133846521,0.9891056418418884,0.0008557697292417288,0.0013201840920373797,0.0016992430901154876,0.002912326483055949
CAP000129,S004,2,1,1,leaning_forward,leaning_forward,True,0.0033129097428172827,0.9912599921226501,0.0006601731292903423,0.001064969110302627,0.0013707495527341962,0.0023312221746891737
CAP000130,S004,2,1,1,leaning_forward,leaning_forward,True,0.003884088946506381,0.989535391330719,0.0008093549986369908,0.0012485807528719306,0.001607080572284758,0.002915536053478718
CAP000131,S004,2,1,1,leaning_forward,leaning_forward,True,0.003312809858471155,0.9912301301956177,0.000690313579980284,0.0010649370960891247,0.0013707082252949476,0.0023311518598347902
CAP000132,S004,2,2,2,leaning_backward,leaning_backward,True,0.016404423862695694,0.000762724841479212,0.9789692163467407,0.001175950514152646,0.0015046604676172137,0.0011829874711111188
CAP000133,S004,2,2,2,leaning_backward,leaning_backward,True,0.011740689165890217,0.0007246035966090858,0.9843299984931946,0.0010287095792591572,0.0013162610121071339,0.0008597273263148963
CAP000134,S004,2,2,2,leaning_backward,leaning_backward,True,0.011579029262065887,0.004075760021805763,0.9680142402648926,0.003611238207668066,0.004825053736567497,0.007894724607467651
CAP000135,S004,2,2,2,leaning_backward,leaning_backward,True,0.014697886072099209,0.0009565866203047335,0.9814175963401794,0.0009791807970032096,0.0012904440518468618,0.0006582666537724435
CAP000136,S004,2,2,2,leaning_backward,leaning_backward,True,0.016157541424036026,0.0011490545002743602,0.9791249632835388,0.0011638384312391281,0.001489162677899003,0.0009154765284620225
CAP000137,S004,2,3,3,leaning_left,leaning_left,True,0.009160215966403484,0.003551118541508913,0.07156793028116226,0.9054295420646667,0.004851130768656731,0.005440128035843372
CAP000138,S004,2,3,3,leaning_left,leaning_left,True,0.009236611425876617,0.0035807345993816853,0.06756661087274551,0.9129806756973267,0.0051079485565423965,0.001527373562566936
CAP000139,S004,2,3,3,leaning_left,leaning_left,True,0.01210794597864151,0.002677886513993144,0.07166988402605057,0.9071857929229736,0.004314065910875797,0.0020444574765861034
CAP000140,S004,2,3,3,leaning_left,leaning_left,True,0.009705709293484688,0.003467221511527896,0.05934720113873482,0.9211217761039734,0.004935207311064005,0.0014229163061827421
CAP000141,S004,2,3,3,leaning_left,leaning_left,True,0.011325825937092304,0.0034857613500207663,0.06986010819673538,0.9090534448623657,0.0048705474473536015,0.0014042735565453768
CAP000142,S004,2,4,4,leaning_right,leaning_right,True,0.0018606788944453,0.0021895028185099363,0.002560974797233939,0.0038817545864731073,0.9722836017608643,0.017223531380295753
CAP000143,S004,2,4,4,leaning_right,leaning_right,True,0.002264633309096098,0.0027284733951091766,0.004741518292576075,0.004014794249087572,0.9630119204521179,0.023238718509674072
CAP000144,S004,2,4,4,leaning_right,leaning_right,True,0.0023283050395548344,0.0024099440779536963,0.004613690543919802,0.0037367152981460094,0.970625102519989,0.016286270692944527
CAP000145,S004,2,4,4,leaning_right,leaning_right,True,0.0019065190572291613,0.0022994070313870907,0.002675787080079317,0.0038942531682550907,0.9728427529335022,0.016381235793232918
CAP000146,S004,2,4,4,leaning_right,leaning_right,True,0.002587039489299059,0.002374697010964155,0.00496462918817997,0.0037382645532488823,0.9710275530815125,0.015307821333408356
CAP000147,S004,2,5,1,slouching,leaning_forward,False,0.017801282927393913,0.9173430800437927,0.024097928777337074,0.005410595331341028,0.006964117754250765,0.02838304452598095
CAP000148,S004,2,5,0,slouching,upright,False,0.9491124749183655,0.010390943847596645,0.012791219167411327,0.007967734709382057,0.01125993300229311,0.008477695286273956
CAP000149,S004,2,5,0,slouching,upright,False,0.7957285642623901,0.07620730251073837,0.03903627768158913,0.030750874429941177,0.03678664192557335,0.021490368992090225
CAP000150,S004,2,5,1,slouching,leaning_forward,False,0.28305718302726746,0.34804263710975647,0.10993151366710663,0.07415466755628586,0.09677120298147202,0.08804278820753098
CAP000151,S004,2,5,0,slouching,upright,False,0.9075055122375488,0.02232677862048149,0.021488741040229797,0.015687167644500732,0.019512834027409554,0.013478918932378292
CAP000157,S005,3,0,5,upright,slouching,False,0.18511997163295746,0.1174941286444664,0.03633510693907738,0.03493082523345947,0.037512458860874176,0.5886075496673584
CAP000158,S005,3,0,5,upright,slouching,False,0.233539417386055,0.10824459046125412,0.03718365356326103,0.03574657812714577,0.03838850185275078,0.5468972325325012
CAP000159,S005,3,0,0,upright,upright,True,0.5120972394943237,0.038233641535043716,0.02528907172381878,0.024311698973178864,0.026108503341674805,0.37395980954170227
CAP000160,S005,3,0,0,upright,upright,True,0.5191768407821655,0.06429668515920639,0.024950841441750526,0.023986542597413063,0.025759316980838776,0.3418298065662384
CAP000161,S005,3,0,0,upright,upright,True,0.4941500425338745,0.08320938050746918,0.024307528510689735,0.02336808666586876,0.025095151737332344,0.34986984729766846
CAP000162,S005,3,1,1,leaning_forward,leaning_forward,True,0.10558435320854187,0.5799371004104614,0.034542035311460495,0.033748965710401535,0.0362432524561882,0.20994432270526886
CAP000163,S005,3,1,5,leaning_forward,slouching,False,0.06592954695224762,0.24412187933921814,0.06031709536910057,0.024054313078522682,0.025832096114754677,0.5797450542449951
CAP000164,S005,3,1,5,leaning_forward,slouching,False,0.06282149255275726,0.308514803647995,0.05781377851963043,0.021794551983475685,0.023405324667692184,0.5256500244140625
CAP000165,S005,3,1,5,leaning_forward,slouching,False,0.05261465534567833,0.2954208552837372,0.24633464217185974,0.01804286427795887,0.01937635987997055,0.3682105839252472
CAP000166,S005,3,1,5,leaning_forward,slouching,False,0.053043100982904434,0.2980935871601105,0.24149318039417267,0.018189791589975357,0.019534142687916756,0.36964619159698486
CAP000167,S005,3,2,0,leaning_backward,upright,False,0.504777193069458,0.02404831349849701,0.016371529549360275,0.015738802030682564,0.016902009025216103,0.42216217517852783
CAP000168,S005,3,2,0,leaning_backward,upright,False,0.9370811581611633,0.010530542582273483,0.006983720697462559,0.006713815499097109,0.00721001299098134,0.03148076310753822
CAP000169,S005,3,2,0,leaning_backward,upright,False,0.7628598809242249,0.04099844768643379,0.012153835967183113,0.011684116907417774,0.012547655031085014,0.15975606441497803
CAP000170,S005,3,2,0,leaning_backward,upright,False,0.7686851620674133,0.024800466373562813,0.009549177251756191,0.009180117398500443,0.009858593344688416,0.17792648077011108
CAP000171,S005,3,2,0,leaning_backward,upright,False,0.8462473750114441,0.02068447694182396,0.009839196689426899,0.009458928368985653,0.010158008895814419,0.1036120280623436
CAP000172,S005,3,3,3,leaning_left,leaning_left,True,0.0061482517048716545,0.008410004898905754,0.0028453257400542498,0.9720686078071594,0.0029854581225663424,0.007542387116700411
CAP000173,S005,3,3,3,leaning_left,leaning_left,True,0.004592977464199066,0.008068597875535488,0.00279759312979877,0.9749802350997925,0.0029353774152696133,0.0066251810640096664
CAP000174,S005,3,3,3,leaning_left,leaning_left,True,0.004876258317381144,0.009057288989424706,0.002797598484903574,0.9749820232391357,0.002935383003205061,0.005351376719772816
CAP000175,S005,3,3,3,leaning_left,leaning_left,True,0.006875842344015837,0.008403847925364971,0.0028432426042854786,0.9713568687438965,0.00298327230848372,0.007536864373832941
CAP000176,S005,3,3,3,leaning_left,leaning_left,True,0.007738738786429167,0.009084970690310001,0.002840659348294139,0.9704744219779968,0.002980561926960945,0.006880649831146002
CAP000177,S005,3,4,4,leaning_right,leaning_right,True,0.005576740484684706,0.015769490972161293,0.0026555343065410852,0.002625290071591735,0.9629576206207275,0.010415356606245041
CAP000178,S005,3,4,4,leaning_right,leaning_right,True,0.006952922325581312,0.004228970501571894,0.0026706436183303595,0.002640227321535349,0.9684366583824158,0.015070616267621517
CAP000179,S005,3,4,4,leaning_right,leaning_right,True,0.004467883612960577,0.004247359465807676,0.0026822565123438835,0.0026517079677432775,0.9726477265357971,0.013303110376000404
CAP000180,S005,3,4,4,leaning_right,leaning_right,True,0.004518269561231136,0.004241746850311756,0.002678711898624897,0.002648203866556287,0.9713624119758606,0.014550697058439255
CAP000182,S005,3,5,5,slouching,slouching,True,0.176290363073349,0.15524649620056152,0.015006134286522865,0.014426176436245441,0.015492373146116734,0.6235384345054626
CAP000183,S005,3,5,5,slouching,slouching,True,0.09977228194475174,0.11848742514848709,0.018442919477820396,0.01773013547062874,0.019040517508983612,0.72652667760849
CAP000184,S005,3,5,5,slouching,slouching,True,0.04508845880627632,0.18198245763778687,0.027855901047587395,0.027538646012544632,0.029573939740657806,0.6879606246948242
CAP000185,S005,3,5,5,slouching,slouching,True,0.043256137520074844,0.176139697432518,0.027726035565137863,0.026654480025172234,0.028624434024095535,0.6975992321968079
CAP000186,S005,3,5,5,slouching,slouching,True,0.08584190905094147,0.22898438572883606,0.03673138469457626,0.03531178832054138,0.03792157396674156,0.5752089619636536
CAP000193,S006,0,0,0,upright,upright,True,0.7625450491905212,0.11083576083183289,0.023408440873026848,0.023206958547234535,0.023637348785996437,0.0563664585351944
CAP000194,S006,0,0,0,upright,upright,True,0.7082805633544922,0.17581947147846222,0.021426744759082794,0.021242322400212288,0.021636273711919785,0.05159461498260498
CAP000195,S006,0,0,0,upright,upright,True,0.692251443862915,0.19211702048778534,0.0233283843845129,0.022859344258904457,0.02328328788280487,0.04616054892539978
CAP000196,S006,0,0,0,upright,upright,True,0.6959152817726135,0.18946456909179688,0.02300630509853363,0.022543737664818764,0.022961830720305443,0.046108316630125046
CAP000197,S006,0,0,0,upright,upright,True,0.6891586780548096,0.188479945063591,0.022621287032961845,0.022426581010222435,0.022842494770884514,0.05447102338075638
CAP000198,S006,0,1,1,leaning_forward,leaning_forward,True,0.13119451701641083,0.44233131408691406,0.02044229954481125,0.020475352182984352,0.02085508219897747,0.36470144987106323
CAP000199,S006,0,1,5,leaning_forward,slouching,False,0.20017582178115845,0.18078167736530304,0.03470828756690025,0.0344095453619957,0.03504769131541252,0.5148769617080688
CAP000200,S006,0,1,5,leaning_forward,slouching,False,0.2062603384256363,0.1567305326461792,0.03491360694169998,0.03545545041561127,0.03611299768090248,0.5305271148681641
CAP000201,S006,0,1,5,leaning_forward,slouching,False,0.30345192551612854,0.2305833250284195,0.05261523649096489,0.05216236785054207,0.05312975123524666,0.30805736780166626
CAP000202,S006,0,1,5,leaning_forward,slouching,False,0.16488860547542572,0.3133310079574585,0.028741084039211273,0.028889203444123268,0.02942497469484806,0.4347251057624817
CAP000203,S006,0,2,2,leaning_backward,leaning_backward,True,0.09953343868255615,0.028221001848578453,0.8109786510467529,0.015138331800699234,0.015419079922139645,0.03070951998233795
CAP000204,S006,0,2,2,leaning_backward,leaning_backward,True,0.121292844414711,0.044451069086790085,0.76474529504776,0.01844778284430504,0.018789906054735184,0.032273124903440475
CAP000205,S006,0,2,2,leaning_backward,leaning_backward,True,0.11258060485124588,0.0406624861061573,0.783545196056366,0.01687547191977501,0.017188433557748795,0.029147859662771225
CAP000206,S006,0,2,2,leaning_backward,leaning_backward,True,0.11262774467468262,0.040679510682821274,0.7838732600212097,0.016882536932826042,0.017195630818605423,0.028741352260112762
CAP000207,S006,0,2,2,leaning_backward,leaning_backward,True,0.1210617795586586,0.04436638951301575,0.7632884383201599,0.018412640318274498,0.02106780931353569,0.031802911311388016
CAP000208,S006,0,3,3,leaning_left,leaning_left,True,0.03573773801326752,0.045948684215545654,0.02589622139930725,0.8320986032485962,0.026419131085276604,0.033899664878845215
CAP000209,S006,0,3,1,leaning_left,leaning_forward,False,0.13358306884765625,0.4306541085243225,0.09834954887628555,0.11486401408910751,0.1003354862332344,0.12221381068229675
CAP000210,S006,0,3,1,leaning_left,leaning_forward,False,0.11840638518333435,0.34163323044776917,0.26720306277275085,0.08764780312776566,0.08345592767000198,0.10165363550186157
CAP000211,S006,0,3,1,leaning_left,leaning_forward,False,0.1401929408311844,0.448497474193573,0.09685588628053665,0.09701251983642578,0.09881167113780975,0.11862950026988983
CAP000212,S006,0,3,1,leaning_left,leaning_forward,False,0.12607362866401672,0.3659602403640747,0.25101351737976074,0.07915925234556198,0.08062730729579926,0.09716609120368958
CAP000213,S006,0,4,4,leaning_right,leaning_right,True,0.04641140624880791,0.018672749400138855,0.011749585159122944,0.010652128607034683,0.899077296257019,0.01343680452555418
CAP000214,S006,0,4,4,leaning_right,leaning_right,True,0.061935026198625565,0.01836877316236496,0.011558311991393566,0.010478721000254154,0.884441077709198,0.013218064792454243
CAP000215,S006,0,4,4,leaning_right,leaning_right,True,0.05803218483924866,0.018412137404084206,0.011585598811507225,0.010503459721803665,0.8865290880203247,0.014937454834580421
CAP000216,S006,0,4,4,leaning_right,leaning_right,True,0.0495363287627697,0.018116571009159088,0.01245744526386261,0.01059467252343893,0.8942278027534485,0.01506717223674059
CAP000217,S006,0,4,4,leaning_right,leaning_right,True,0.04987286403775215,0.018124863505363464,0.011691559106111526,0.010599521920084953,0.8946371078491211,0.015074069611728191
CAP000218,S006,0,5,0,slouching,upright,False,0.46526339650154114,0.1552364081144333,0.0906459391117096,0.08855675160884857,0.09019909054040909,0.11009836196899414
CAP000219,S006,0,5,0,slouching,upright,False,0.42185449600219727,0.15402643382549286,0.09348031878471375,0.09007550776004791,0.09676948189735413,0.1437937170267105
CAP000221,S006,0,5,0,slouching,upright,False,0.3645702004432678,0.12266189604997635,0.07342565804719925,0.07173335552215576,0.0730636939406395,0.2945452332496643
CAP000222,S006,0,5,0,slouching,upright,False,0.3978966176509857,0.13175040483474731,0.07886605709791183,0.07704836130142212,0.07847727835178375,0.23596128821372986
CAP000379,S011,3,0,1,upright,leaning_forward,False,0.132432758808136,0.7362493872642517,0.029080109670758247,0.027744662016630173,0.029795188456773758,0.04469795897603035
CAP000381,S011,3,0,1,upright,leaning_forward,False,0.13941985368728638,0.7318172454833984,0.029434476047754288,0.028649453073740005,0.030766846612095833,0.039912160485982895
CAP000382,S011,3,0,1,upright,leaning_forward,False,0.12496388703584671,0.7459317445755005,0.02881200611591339,0.028043584898114204,0.03011620044708252,0.04213257506489754
CAP000383,S011,3,0,1,upright,leaning_forward,False,0.14819130301475525,0.7273435592651367,0.028660954907536507,0.027344753965735435,0.029365722090005875,0.039093706756830215
CAP000384,S011,3,1,5,leaning_forward,slouching,False,0.006538079585880041,0.10463786870241165,0.009313405491411686,0.06548012793064117,0.004968835972249508,0.8090617060661316
CAP000388,S011,3,1,5,leaning_forward,slouching,False,0.007045970298349857,0.12106949836015701,0.009477786719799042,0.03885078802704811,0.005056535825133324,0.8184993863105774
CAP000389,S011,3,2,3,leaning_backward,leaning_left,False,0.007773636840283871,0.014689242467284203,0.007562070153653622,0.9629877209663391,0.0030658324249088764,0.003921472933143377
CAP000390,S011,3,2,3,leaning_backward,leaning_left,False,0.00833064690232277,0.015594570897519588,0.008573857136070728,0.9598932862281799,0.003285512328147888,0.004322144202888012
CAP000391,S011,3,2,3,leaning_backward,leaning_left,False,0.008493895642459393,0.01590016297996044,0.008741872385144234,0.9590443968772888,0.0033498958218842745,0.004469780717045069
CAP000392,S011,3,2,3,leaning_backward,leaning_left,False,0.010362566448748112,0.01682870462536812,0.008016388863325119,0.9566084146499634,0.003479207633063197,0.004704715218394995
CAP000393,S011,3,2,3,leaning_backward,leaning_left,False,0.008339139632880688,0.01543423067778349,0.00858259852975607,0.9605044722557068,0.0032888618297874928,0.003850731300190091
CAP000394,S011,3,3,3,leaning_left,leaning_left,True,0.004792422521859407,0.005715582519769669,0.002736513502895832,0.9793272614479065,0.0028712896164506674,0.004556881729513407
CAP000395,S011,3,3,3,leaning_left,leaning_left,True,0.005317757371813059,0.009883027523756027,0.0027045917231589556,0.9679033160209656,0.0028377955313771963,0.011353559792041779
CAP000396,S011,3,3,3,leaning_left,leaning_left,True,0.0047620669938623905,0.010568225756287575,0.0027191804256290197,0.9731242060661316,0.0028531027492135763,0.005973231978714466
CAP000397,S011,3,3,3,leaning_left,leaning_left,True,0.004828976467251778,0.01017660740762949,0.002717462833970785,0.9725095629692078,0.0028513006400316954,0.0069160680286586285
CAP000398,S011,3,3,3,leaning_left,leaning_left,True,0.004725119099020958,0.005716050509363413,0.002736737485975027,0.9794074296951294,0.002871524542570114,0.0045430827885866165
CAP000404,S011,3,5,1,slouching,leaning_forward,False,0.09639254212379456,0.38595905900001526,0.03596879541873932,0.19780413806438446,0.03818720579147339,0.24568822979927063
CAP000405,S011,3,5,1,slouching,leaning_forward,False,0.08132258802652359,0.48345887660980225,0.031461961567401886,0.1785401552915573,0.03310278430581093,0.19211366772651672
CAP000406,S011,3,5,1,slouching,leaning_forward,False,0.06632973998785019,0.534782350063324,0.029311956837773323,0.1597500741481781,0.03084065392613411,0.17898522317409515
CAP000407,S011,3,5,1,slouching,leaning_forward,False,0.0872795358300209,0.5004660487174988,0.029160289093852043,0.16036197543144226,0.03095877915620804,0.19177334010601044
CAP000408,S011,3,5,1,slouching,leaning_forward,False,0.1346701830625534,0.5975630283355713,0.01970764435827732,0.10837877541780472,0.020923135802149773,0.11875727772712708
CAP000416,S012,1,0,0,upright,upright,True,0.8799316883087158,0.03256464749574661,0.044115569442510605,0.012102251872420311,0.010418744757771492,0.02086709812283516
CAP000417,S012,1,0,0,upright,upright,True,0.8098416924476624,0.05509965121746063,0.06859869509935379,0.018818719312548637,0.016200903803110123,0.03144039586186409
CAP000418,S012,1,0,0,upright,upright,True,0.9138854146003723,0.032007649540901184,0.018465394154191017,0.011225459165871143,0.009663918986916542,0.01475219614803791
CAP000419,S012,1,0,0,upright,upright,True,0.8442373275756836,0.04973642900586128,0.05565189942717552,0.015049504116177559,0.012956012971699238,0.022368863224983215
CAP000420,S012,1,0,0,upright,upright,True,0.9242060780525208,0.029451651498675346,0.01609385572373867,0.00966971181333065,0.00832458771765232,0.012254160828888416
CAP000421,S012,1,1,1,leaning_forward,leaning_forward,True,0.10997436195611954,0.6723912358283997,0.03849686309695244,0.036012258380651474,0.031002700328826904,0.1121225357055664
CAP000422,S012,1,1,1,leaning_forward,leaning_forward,True,0.15369105339050293,0.6895850300788879,0.0339810810983181,0.031671155244112015,0.027265477925539017,0.0638062134385109
CAP000423,S012,1,1,1,leaning_forward,leaning_forward,True,0.11270199716091156,0.6738801598548889,0.032039593905210495,0.028823206201195717,0.02481369860470295,0.12774136662483215
CAP000424,S012,1,1,1,leaning_forward,leaning_forward,True,0.049439217895269394,0.7155188918113708,0.020270800217986107,0.01874563843011856,0.01613798923790455,0.17988751828670502
CAP000425,S012,1,1,1,leaning_forward,leaning_forward,True,0.08130284398794174,0.6246403455734253,0.026552269235253334,0.02455449290573597,0.021138790994882584,0.2218112349510193
CAP000436,S012,1,4,4,leaning_right,leaning_right,True,0.013535450212657452,0.011893132701516151,0.008637827821075916,0.006513270083814859,0.9171607494354248,0.04225954785943031
CAP000437,S012,1,4,4,leaning_right,leaning_right,True,0.01491297222673893,0.01488400250673294,0.010727263987064362,0.008088788948953152,0.8949289917945862,0.0564580075442791
CAP000438,S012,1,4,4,leaning_right,leaning_right,True,0.012162099592387676,0.015063500963151455,0.010801238007843494,0.008144567720592022,0.9011003375053406,0.05272827669978142
CAP000439,S012,1,4,4,leaning_right,leaning_right,True,0.012094036675989628,0.015059944242238998,0.010740790516138077,0.00809898879379034,0.8960574865341187,0.057948749512434006
CAP000440,S012,1,4,4,leaning_right,leaning_right,True,0.01169248390942812,0.015005473047494888,0.010748318396508694,0.008089050650596619,0.8949580192565918,0.0595066212117672
CAP000441,S012,1,5,5,slouching,slouching,True,0.019446982070803642,0.02426629513502121,0.01013369020074606,0.006882147863507271,0.0059247929602861404,0.933346152305603
CAP000442,S012,1,5,5,slouching,slouching,True,0.07003017514944077,0.10921626538038254,0.03362801671028137,0.02453671582043171,0.02112348936498165,0.7414653301239014
CAP000443,S012,1,5,5,slouching,slouching,True,0.02101464942097664,0.040895286947488785,0.025211989879608154,0.011046165600419044,0.009509566240012646,0.892322301864624
CAP000444,S012,1,5,5,slouching,slouching,True,0.014652593992650509,0.0304087083786726,0.01760943979024887,0.00798734836280346,0.0068762521259486675,0.9224656224250793
CAP000445,S012,1,5,5,slouching,slouching,True,0.014053293503820896,0.026268506422638893,0.017709268257021904,0.007442810572683811,0.0064074634574353695,0.9281186461448669
CAP000453,S013,2,0,1,upright,leaning_forward,False,0.00738903135061264,0.9582254886627197,0.008550402708351612,0.00775087159126997,0.007323781959712505,0.010760352946817875
CAP000454,S013,2,0,1,upright,leaning_forward,False,0.05878672003746033,0.6620511412620544,0.14628158509731293,0.04442285746335983,0.04197505861520767,0.04648270830512047
CAP000455,S013,2,0,0,upright,upright,True,0.7502777576446533,0.06389520317316055,0.09895078092813492,0.0315672904253006,0.03685368597507477,0.018455298617482185
CAP000456,S013,2,0,0,upright,upright,True,0.7037318348884583,0.07318300008773804,0.15012408792972565,0.0265059657394886,0.030944768339395523,0.015510337427258492
CAP000457,S013,2,0,0,upright,upright,True,0.6594513654708862,0.029573606327176094,0.23690107464790344,0.023569419980049133,0.026286642998456955,0.024217914789915085
CAP000458,S013,2,1,1,leaning_forward,leaning_forward,True,0.007534272503107786,0.7100828886032104,0.054853085428476334,0.00878375768661499,0.010848059318959713,0.20789794623851776
CAP000459,S013,2,1,5,leaning_forward,slouching,False,0.0023102527484297752,0.13240332901477814,0.10343456268310547,0.034279994666576385,0.004557017236948013,0.7230148315429688
CAP000460,S013,2,1,5,leaning_forward,slouching,False,0.007383805699646473,0.4169984757900238,0.006610316690057516,0.05459611490368843,0.007578761782497168,0.506832480430603
CAP000461,S013,2,1,5,leaning_forward,slouching,False,0.006059339735656977,0.13743610680103302,0.07540078461170197,0.010068257339298725,0.01002165675163269,0.7610138058662415
CAP000462,S013,2,1,5,leaning_forward,slouching,False,0.005836854688823223,0.12695834040641785,0.018635913729667664,0.018010277301073074,0.009653685614466667,0.8209049105644226
CAP000463,S013,2,2,2,leaning_backward,leaning_backward,True,0.2034921497106552,0.023791790008544922,0.6803140640258789,0.01857101544737816,0.02463226392865181,0.0491986982524395
CAP000464,S013,2,2,2,leaning_backward,leaning_backward,True,0.07264342904090881,0.0058740368112921715,0.8545556664466858,0.0065764631144702435,0.008353423327207565,0.05199704319238663
CAP000465,S013,2,2,5,leaning_backward,slouching,False,0.17288950085639954,0.014829074963927269,0.34802374243736267,0.013800516724586487,0.01830475963652134,0.4321523606777191
CAP000466,S013,2,2,0,leaning_backward,upright,False,0.6586134433746338,0.013062357902526855,0.08610256761312485,0.007524650543928146,0.009980565868318081,0.22471636533737183
CAP000467,S013,2,3,3,leaning_left,leaning_left,True,0.0019000823376700282,0.06142421066761017,0.0033197076991200447,0.9260045886039734,0.003166669514030218,0.004184778314083815
CAP000468,S013,2,3,3,leaning_left,leaning_left,True,0.002030071336776018,0.02655276469886303,0.0033067346084862947,0.960798442363739,0.003285654354840517,0.004026374313980341
CAP000469,S013,2,3,3,leaning_left,leaning_left,True,0.0013990573352202773,0.0021069995127618313,0.0034972529392689466,0.9869946837425232,0.0033752380404621363,0.002626733621582389
CAP000470,S013,2,3,3,leaning_left,leaning_left,True,0.0020376069005578756,0.02272764965891838,0.0033190089743584394,0.9643648862838745,0.003297850489616394,0.004253020044416189
CAP000471,S013,2,3,3,leaning_left,leaning_left,True,0.0019350803922861814,0.031214892864227295,0.0022365697659552097,0.9579019546508789,0.003275749273598194,0.0034357791300863028
CAP000472,S013,2,4,4,leaning_right,leaning_right,True,0.004341283813118935,0.002497215522453189,0.0009367712191306055,0.0026377688627690077,0.961793839931488,0.027793094515800476
CAP000473,S013,2,4,4,leaning_right,leaning_right,True,0.00295075960457325,0.0019294595113024116,0.0011192545061931014,0.002766683232039213,0.9637123346328735,0.027521470561623573
CAP000474,S013,2,4,4,leaning_right,leaning_right,True,0.011238266713917255,0.0014273729175329208,0.011034012772142887,0.002667146734893322,0.9469004273414612,0.026732800528407097
CAP000475,S013,2,4,4,leaning_right,leaning_right,True,0.012141500599682331,0.0013551412848755717,0.08117052912712097,0.0025297992397099733,0.881199061870575,0.021603979170322418
CAP000476,S013,2,4,4,leaning_right,leaning_right,True,0.023264840245246887,0.0014027825091034174,0.0025470813270658255,0.0027212989516556263,0.9479037523269653,0.022160274907946587
CAP000477,S013,2,5,1,slouching,leaning_forward,False,0.025682682171463966,0.8262733221054077,0.013380024582147598,0.023354986682534218,0.02145676128566265,0.08985220640897751
CAP000478,S013,2,5,1,slouching,leaning_forward,False,0.012178424745798111,0.9463858604431152,0.004711880814284086,0.006572543643414974,0.006302740424871445,0.023848529905080795
CAP000479,S013,2,5,1,slouching,leaning_forward,False,0.025174438953399658,0.8979408144950867,0.007568385452032089,0.013180547393858433,0.015031826682388783,0.0411040298640728
CAP000480,S013,2,5,1,slouching,leaning_forward,False,0.01963413506746292,0.9133935570716858,0.006393012125045061,0.013932794332504272,0.013360854238271713,0.03328566998243332
CAP000481,S013,2,5,1,slouching,leaning_forward,False,0.018137512728571892,0.8761544823646545,0.008042166009545326,0.013287676498293877,0.014755004085600376,0.06962317228317261
CAP000488,S014,3,0,0,upright,upright,True,0.9048852324485779,0.012414010241627693,0.006460086442530155,0.0062104188837111,0.06101036071777344,0.009019868448376656
CAP000489,S014,3,0,0,upright,upright,True,0.8888664841651917,0.017601948231458664,0.0072729699313640594,0.006991885602474213,0.06868740171194077,0.010579293593764305
CAP000490,S014,3,0,4,upright,leaning_right,False,0.3820226788520813,0.08075973391532898,0.04181802645325661,0.04020183905959129,0.39493781328201294,0.06025989353656769
CAP000491,S014,3,0,4,upright,leaning_right,False,0.37795329093933105,0.06804154068231583,0.04305897653102875,0.041394829750061035,0.4066576063632965,0.06289378553628922
CAP000492,S014,3,0,4,upright,leaning_right,False,0.34608474373817444,0.07042182981967926,0.0453047975897789,0.043553855270147324,0.4278676211833954,0.066767118871212
CAP000493,S014,3,1,1,leaning_forward,leaning_forward,True,0.03465511277318001,0.8157009482383728,0.023520413786172867,0.007953161373734474,0.008540954440832138,0.10962938517332077
CAP000494,S014,3,1,1,leaning_forward,leaning_forward,True,0.03669404983520508,0.8492122888565063,0.024749264121055603,0.007252801675349474,0.007788834162056446,0.07430276274681091
CAP000495,S014,3,1,1,leaning_forward,leaning_forward,True,0.03956048935651779,0.44639456272125244,0.29669398069381714,0.009518148377537727,0.010221606120467186,0.1976112574338913
CAP000496,S014,3,1,1,leaning_forward,leaning_forward,True,0.03949461504817009,0.6934204697608948,0.029587067663669586,0.010004532523453236,0.010743936523795128,0.216749370098114
CAP000502,S014,3,3,3,leaning_left,leaning_left,True,0.004226343240588903,0.010855224914848804,0.002668545814231038,0.9550034403800964,0.0027999745216220617,0.02444651909172535
CAP000503,S014,3,3,3,leaning_left,leaning_left,True,0.006663412321358919,0.006155127659440041,0.002784235868602991,0.9767647385597229,0.002921362640336156,0.004711143206804991
CAP000504,S014,3,3,3,leaning_left,leaning_left,True,0.004300820175558329,0.006214200984686613,0.0027392208576202393,0.9802961945533752,0.0028741301503032446,0.0035754137206822634
CAP000505,S014,3,3,3,leaning_left,leaning_left,True,0.00416208803653717,0.007180991116911173,0.002737092087045312,0.979534387588501,0.002871896605938673,0.0035135906655341387
CAP000506,S014,3,3,3,leaning_left,leaning_left,True,0.006742182187736034,0.007010138593614101,0.0027802379336208105,0.975362241268158,0.0029171679634600878,0.005187978036701679
CAP000507,S014,3,4,4,leaning_right,leaning_right,True,0.0068410285748541355,0.005240458529442549,0.0026884526014328003,0.00265783304348588,0.9792137742042542,0.003358511719852686
CAP000508,S014,3,4,4,leaning_right,leaning_right,True,0.006840674206614494,0.004778917878866196,0.0026883133687078953,0.002657695207744837,0.9791629910469055,0.0038713549729436636
CAP000509,S014,3,4,4,leaning_right,leaning_right,True,0.005620316136628389,0.004803668241947889,0.002693189075216651,0.002662515500560403,0.9809389114379883,0.0032813558354973793
CAP000510,S014,3,4,4,leaning_right,leaning_right,True,0.006837352644652128,0.005262155085802078,0.002687007887288928,0.002656404860317707,0.978687584400177,0.003869475331157446
CAP000511,S014,3,5,5,slouching,slouching,True,0.17832626402378082,0.26710009574890137,0.05459224432706833,0.05248236656188965,0.05636117607355118,0.39113783836364746
CAP000512,S014,3,5,1,slouching,leaning_forward,False,0.06339343637228012,0.8244182467460632,0.022123413160443306,0.021268386393785477,0.022840268909931183,0.04595625773072243
CAP000513,S014,3,5,5,slouching,slouching,True,0.1608547568321228,0.2073933482170105,0.05621680989861488,0.054044146090745926,0.0580383837223053,0.4634524881839752
CAP000528,S015,4,1,5,leaning_forward,slouching,False,0.15421167016029358,0.23161837458610535,0.031534191220998764,0.020045144483447075,0.021783683449029922,0.5408069491386414
CAP000529,S015,4,1,1,leaning_forward,leaning_forward,True,0.319173127412796,0.3469427525997162,0.029935769736766815,0.021979324519634247,0.02335900254547596,0.25860998034477234
CAP000530,S015,4,1,5,leaning_forward,slouching,False,0.09730371832847595,0.34608161449432373,0.019757311791181564,0.018232036381959915,0.02322726510465145,0.49539804458618164
CAP000531,S015,4,1,5,leaning_forward,slouching,False,0.26107487082481384,0.25851890444755554,0.03333287313580513,0.02395285665988922,0.025841470807790756,0.3972790241241455
CAP000532,S015,4,1,5,leaning_forward,slouching,False,0.20959994196891785,0.36666733026504517,0.019799064844846725,0.015687018632888794,0.016515342518687248,0.37173131108283997
CAP000545,S015,4,4,4,leaning_right,leaning_right,True,0.039474669843912125,0.00917782075703144,0.016460388898849487,0.004199117887765169,0.9202027916908264,0.010485273785889149
CAP000546,S015,4,4,4,leaning_right,leaning_right,True,0.025522323325276375,0.006697012111544609,0.011446550488471985,0.003387080505490303,0.94317626953125,0.009770740754902363
CAP000547,S015,4,4,4,leaning_right,leaning_right,True,0.03850798308849335,0.010577233508229256,0.014863785356283188,0.004338634200394154,0.9210928082466125,0.010619553737342358
CAP000583,S016,3,4,4,leaning_right,leaning_right,True,0.008172270841896534,0.0038419857155531645,0.013197378255426884,0.002624156419187784,0.9625418186187744,0.009622402489185333
CAP000585,S016,3,4,4,leaning_right,leaning_right,True,0.009613504633307457,0.003837221534922719,0.012990366667509079,0.0026221012230962515,0.9617879986763,0.009148773737251759
CAP000597,S017,4,0,0,upright,upright,True,0.9599865078926086,0.016913173720240593,0.006563546136021614,0.004550827667117119,0.004101965576410294,0.007883946411311626
CAP000598,S017,4,0,0,upright,upright,True,0.9411521553993225,0.020888185128569603,0.008053740486502647,0.012642376124858856,0.005275144707411528,0.011988365091383457
CAP000599,S017,4,0,0,upright,upright,True,0.9306414127349854,0.028086699545383453,0.012021196074783802,0.006481940392404795,0.006987852044403553,0.01578093320131302
CAP000600,S017,4,0,0,upright,upright,True,0.930744469165802,0.028374172747135162,0.008538368158042431,0.006680516060441732,0.006261076312512159,0.019401412457227707
CAP000601,S017,4,0,0,upright,upright,True,0.9388818740844727,0.02389635518193245,0.00836951844394207,0.006977832410484552,0.006539722438901663,0.015334691852331161
CAP000603,S017,4,1,5,leaning_forward,slouching,False,0.21402546763420105,0.30257201194763184,0.042350608855485916,0.034485720098018646,0.03628043830394745,0.3702857792377472
CAP000604,S017,4,1,5,leaning_forward,slouching,False,0.12830539047718048,0.18350480496883392,0.029395604506134987,0.023830590769648552,0.0248888973146677,0.6100746989250183
CAP000605,S017,4,1,5,leaning_forward,slouching,False,0.06267790496349335,0.24962687492370605,0.022729093208909035,0.019818183034658432,0.018125809729099274,0.6270221471786499
CAP000606,S017,4,1,5,leaning_forward,slouching,False,0.08375357836484909,0.2742299437522888,0.030887840315699577,0.027843665331602097,0.02502589486539364,0.5582590103149414
CAP000607,S017,4,2,2,leaning_backward,leaning_backward,True,0.06014126166701317,0.006926138885319233,0.9005828499794006,0.008219057694077492,0.004164882004261017,0.019965732470154762
CAP000608,S017,4,2,2,leaning_backward,leaning_backward,True,0.08330938220024109,0.005940072704106569,0.876962423324585,0.009021339006721973,0.004538258537650108,0.020228475332260132
CAP000609,S017,4,2,2,leaning_backward,leaning_backward,True,0.24286898970603943,0.029369432479143143,0.5713618993759155,0.0416889563202858,0.0204907339066267,0.09421998262405396
CAP000610,S017,4,2,2,leaning_backward,leaning_backward,True,0.12180864810943604,0.04134586080908775,0.7642692923545837,0.02265048958361149,0.011133050546050072,0.038792647421360016
CAP000611,S017,4,2,2,leaning_backward,leaning_backward,True,0.04754094406962395,0.013162496499717236,0.9107644557952881,0.008150020614266396,0.0040058558806777,0.016376212239265442
CAP000612,S017,4,3,3,leaning_left,leaning_left,True,0.004114821553230286,0.00446836045011878,0.002476754132658243,0.981994092464447,0.001794857089407742,0.005151067394763231
CAP000613,S017,4,3,3,leaning_left,leaning_left,True,0.01001740898936987,0.0036144270561635494,0.0027539380826056004,0.979099452495575,0.0018724221736192703,0.0026423169765621424
CAP000614,S017,4,3,3,leaning_left,leaning_left,True,0.008170695044100285,0.0035661691799759865,0.0025476664304733276,0.981153666973114,0.0018041969742625952,0.0027576046995818615
CAP000615,S017,4,3,3,leaning_left,leaning_left,True,0.007685574237257242,0.004347460810095072,0.002652945928275585,0.9809144735336304,0.0018037570407614112,0.0025958127807825804
CAP000616,S017,4,3,3,leaning_left,leaning_left,True,0.00808294303715229,0.004577150102704763,0.002651097485795617,0.980230987071991,0.0018025002209469676,0.002655264688655734
CAP000622,S017,4,5,5,slouching,slouching,True,0.05038381740450859,0.34621748328208923,0.02071637101471424,0.011972530744969845,0.01302027516067028,0.5576895475387573
CAP000623,S017,4,5,5,slouching,slouching,True,0.029625948518514633,0.10528188943862915,0.022843433544039726,0.009714367799460888,0.00918436236679554,0.8233500123023987
CAP000624,S017,4,5,5,slouching,slouching,True,0.046647947281599045,0.37501752376556396,0.019756928086280823,0.013718140311539173,0.012969693168997765,0.531889796257019
CAP000625,S017,4,5,5,slouching,slouching,True,0.0563378669321537,0.2634478509426117,0.02189638279378414,0.01699819788336754,0.01607079617679119,0.625248908996582
CAP000626,S017,4,5,5,slouching,slouching,True,0.03418228030204773,0.11411527544260025,0.023746952414512634,0.010513474233448505,0.009939870797097683,0.8075021505355835
CAP000633,S018,2,0,0,upright,upright,True,0.8717330694198608,0.07038738578557968,0.005598919000476599,0.012823364697396755,0.014722348190844059,0.024734865874052048
CAP000634,S018,2,0,0,upright,upright,True,0.9300560355186462,0.03722227364778519,0.006821568589657545,0.008326788432896137,0.00955988559871912,0.008013440296053886
CAP000635,S018,2,0,0,upright,upright,True,0.9565423727035522,0.022262463346123695,0.0030944112222641706,0.005571071989834309,0.00639607897028327,0.006133563816547394
CAP000636,S018,2,0,0,upright,upright,True,0.9644020199775696,0.02137245051562786,0.002286453964188695,0.0037117309402674437,0.00426139310002327,0.003965976182371378
CAP000637,S018,2,0,0,upright,upright,True,0.9608427882194519,0.020464137196540833,0.004223116207867861,0.004608877468854189,0.005291395355015993,0.004569690208882093
CAP000638,S018,2,1,0,leaning_forward,upright,False,0.7036818265914917,0.04594062641263008,0.17019282281398773,0.028375282883644104,0.02722208760678768,0.024587353691458702
CAP000639,S018,2,1,0,leaning_forward,upright,False,0.6889789700508118,0.08697110414505005,0.13191094994544983,0.028265658766031265,0.03152428939938545,0.032349009066820145
CAP000640,S018,2,1,1,leaning_forward,leaning_forward,True,0.030247638002038002,0.7348610758781433,0.03691218048334122,0.05930984392762184,0.06108289211988449,0.07758637517690659
CAP000641,S018,2,1,0,leaning_forward,upright,False,0.700614333152771,0.03848655894398689,0.19640161097049713,0.022639747709035873,0.028686856850981712,0.013170933350920677
CAP000642,S018,2,1,0,leaning_forward,upright,False,0.630260169506073,0.04034265875816345,0.2108609527349472,0.03812678903341293,0.03784475103020668,0.04256463795900345
CAP000643,S018,2,2,2,leaning_backward,leaning_backward,True,0.14957894384860992,0.08355741947889328,0.4911801815032959,0.04808542877435684,0.06549534201622009,0.16210266947746277
CAP000644,S018,2,2,2,leaning_backward,leaning_backward,True,0.003794715041294694,0.005424425471574068,0.9640011787414551,0.004566870164126158,0.006057417951524258,0.016155369579792023
CAP000645,S018,2,2,2,leaning_backward,leaning_backward,True,0.00451561389490962,0.0053686415776610374,0.9727734923362732,0.0037946817465126514,0.004679728299379349,0.008867822587490082
CAP000646,S018,2,2,2,leaning_backward,leaning_backward,True,0.0024587262887507677,0.00287023582495749,0.9810923933982849,0.002440360141918063,0.0030373961199074984,0.008100857958197594
CAP000647,S018,2,2,2,leaning_backward,leaning_backward,True,0.02269452065229416,0.015854142606258392,0.9392104744911194,0.006176362279802561,0.008056255988776684,0.008008242584764957
CAP000648,S018,2,3,3,leaning_left,leaning_left,True,0.0018228860571980476,0.013035496696829796,0.0042465850710868835,0.9706282615661621,0.003261533798649907,0.007005201652646065
CAP000649,S018,2,3,3,leaning_left,leaning_left,True,0.0019183908589184284,0.020212212577462196,0.0026692920364439487,0.9651603102684021,0.003386609721928835,0.006653149146586657
CAP000650,S018,2,3,3,leaning_left,leaning_left,True,0.002051408402621746,0.031767960637807846,0.004401383921504021,0.951737642288208,0.0034680350217968225,0.0065735867246985435
CAP000651,S018,2,3,3,leaning_left,leaning_left,True,0.0020271907560527325,0.04186490178108215,0.005114776082336903,0.9405019879341125,0.003427093382924795,0.007064067758619785
CAP000652,S018,2,3,3,leaning_left,leaning_left,True,0.0020568962208926678,0.026949452236294746,0.004962343722581863,0.9542837142944336,0.003631118917837739,0.008116529323160648
CAP000653,S018,2,4,4,leaning_right,leaning_right,True,0.0037559291813522577,0.0009409943595528603,0.009030207991600037,0.00277662742882967,0.9671761393547058,0.01632012613117695
CAP000654,S018,2,4,4,leaning_right,leaning_right,True,0.005697429180145264,0.0013672049390152097,0.004730048589408398,0.0026157584507018328,0.9809417724609375,0.004647827707231045
CAP000655,S018,2,4,4,leaning_right,leaning_right,True,0.005240147467702627,0.001080692745745182,0.004156022798269987,0.002550124889239669,0.9820536375045776,0.004919372498989105
CAP000656,S018,2,4,4,leaning_right,leaning_right,True,0.0026548507157713175,0.0014116308884695172,0.004389042966067791,0.0025479786563664675,0.9812271595001221,0.007769351359456778
CAP000657,S018,2,4,4,leaning_right,leaning_right,True,0.002636485965922475,0.0009935011621564627,0.008541049435734749,0.0027647388633340597,0.963034987449646,0.022029215469956398
CAP000658,S018,2,5,1,slouching,leaning_forward,False,0.02664342150092125,0.844463586807251,0.0156939048320055,0.024846605956554413,0.017452368512749672,0.07090016454458237
CAP000659,S018,2,5,1,slouching,leaning_forward,False,0.025235969573259354,0.8603371381759644,0.019556546583771706,0.012477433308959007,0.01627516746520996,0.0661177933216095
CAP000660,S018,2,5,1,slouching,leaning_forward,False,0.01564881205558777,0.9233375787734985,0.016346067190170288,0.007737249601632357,0.01009222399443388,0.026837993413209915
CAP000661,S018,2,5,1,slouching,leaning_forward,False,0.01770797185599804,0.9266893863677979,0.011018937453627586,0.008892684243619442,0.011599336750805378,0.024091672152280807
CAP000662,S018,2,5,1,slouching,leaning_forward,False,0.06472651660442352,0.7433825731277466,0.03415646404027939,0.05118928104639053,0.035955581814050674,0.07058955729007721
CAP000669,S019,1,0,1,upright,leaning_forward,False,0.16504302620887756,0.5169607996940613,0.06306440383195877,0.03461233898997307,0.02931341901421547,0.19100598990917206
CAP000670,S019,1,0,0,upright,upright,True,0.7045705318450928,0.18270182609558105,0.021729696542024612,0.017006361857056618,0.014640658162534237,0.05935094505548477
CAP000671,S019,1,0,0,upright,upright,True,0.6026890873908997,0.24757203459739685,0.03386383503675461,0.015668170526623726,0.013488618656992912,0.08671822398900986
CAP000672,S019,1,0,0,upright,upright,True,0.6434269547462463,0.1815684586763382,0.02851560339331627,0.012867783196270466,0.011077784933149815,0.12254346162080765
CAP000673,S019,1,0,1,upright,leaning_forward,False,0.3255167305469513,0.48201659321784973,0.011675325222313404,0.010303044691681862,0.008869819343090057,0.16161850094795227
CAP000742,S021,2,0,0,upright,upright,True,0.8994231820106506,0.04859273508191109,0.016354292631149292,0.011645101942121983,0.015189502388238907,0.008795134723186493
CAP000743,S021,2,0,0,upright,upright,True,0.7004168629646301,0.023111630231142044,0.2351578176021576,0.012955871410667896,0.015477265231311321,0.012880525551736355
CAP000744,S021,2,0,0,upright,upright,True,0.7609812617301941,0.03750035911798477,0.14205381274223328,0.02022610977292061,0.02454296313226223,0.014695445075631142
CAP000745,S021,2,0,2,upright,leaning_backward,False,0.43590331077575684,0.018738478422164917,0.48454102873802185,0.013675118796527386,0.015644516795873642,0.03149750456213951
CAP000746,S021,2,0,0,upright,upright,True,0.7770364284515381,0.04468984156847,0.12452412396669388,0.019197724759578705,0.02432546392083168,0.01022639311850071
CAP000747,S021,2,1,0,leaning_forward,upright,False,0.8823148012161255,0.05870220810174942,0.03165125474333763,0.009703898802399635,0.01114092767238617,0.006486940663307905
CAP000748,S021,2,1,0,leaning_forward,upright,False,0.8836855888366699,0.042132142931222916,0.055612415075302124,0.0066703129559755325,0.008311684243381023,0.003587917424738407
CAP000749,S021,2,1,0,leaning_forward,upright,False,0.8613272309303284,0.0606251023709774,0.05163728818297386,0.009307174943387508,0.010404105298221111,0.006699120160192251
CAP000750,S021,2,1,0,leaning_forward,upright,False,0.8078740835189819,0.06649479269981384,0.09612958133220673,0.010525058023631573,0.011543624103069305,0.007432848680764437
CAP000751,S021,2,1,0,leaning_forward,upright,False,0.8992596864700317,0.05675900727510452,0.021438373252749443,0.00778401643037796,0.008936733938753605,0.005822242237627506
CAP000752,S021,2,2,0,leaning_backward,upright,False,0.7952423095703125,0.04396086186170578,0.12628519535064697,0.012753323651850224,0.016594452783465385,0.005163879599422216
CAP000753,S021,2,2,0,leaning_backward,upright,False,0.7243571877479553,0.037507183849811554,0.20412375032901764,0.01294167060405016,0.0168395284563303,0.004230738151818514
CAP000754,S021,2,2,0,leaning_backward,upright,False,0.7992880344390869,0.03266260772943497,0.13036683201789856,0.014091435819864273,0.01785528101027012,0.005735814105719328
CAP000755,S021,2,2,0,leaning_backward,upright,False,0.7611259818077087,0.033822644501924515,0.16714435815811157,0.014498836360871792,0.01732051558792591,0.0060876780189573765
CAP000756,S021,2,2,0,leaning_backward,upright,False,0.71433424949646,0.04833844676613808,0.19492943584918976,0.016416996717453003,0.020801998674869537,0.005178880877792835
CAP000757,S021,2,3,3,leaning_left,leaning_left,True,0.007047989871352911,0.004727890715003014,0.02366417832672596,0.9587542414665222,0.004083072301000357,0.0017226004274562001
CAP000758,S021,2,3,3,leaning_left,leaning_left,True,0.0067266253754496574,0.0024358751252293587,0.029037218540906906,0.9562838673591614,0.003827705979347229,0.0016887406818568707
CAP000760,S021,2,3,3,leaning_left,leaning_left,True,0.005192991811782122,0.001703808200545609,0.031152931973338127,0.9566161036491394,0.0037568167317658663,0.0015773383202031255
CAP000761,S021,2,3,3,leaning_left,leaning_left,True,0.004058035556226969,0.0021164193749427795,0.022786898538470268,0.9656239748001099,0.0038135387003421783,0.001601153053343296
CAP000762,S021,2,4,4,leaning_right,leaning_right,True,0.012861072085797787,0.0014436516212299466,0.009865492582321167,0.0027669474948197603,0.9661612510681152,0.006901564076542854
CAP000763,S021,2,4,4,leaning_right,leaning_right,True,0.013509164564311504,0.0014106712769716978,0.0063504669815301895,0.0027098259888589382,0.9731738567352295,0.0028459408786147833
CAP000764,S021,2,4,4,leaning_right,leaning_right,True,0.010901505127549171,0.0017151011852547526,0.00598988588899374,0.002699590753763914,0.9694981575012207,0.009195798076689243
CAP000765,S021,2,4,4,leaning_right,leaning_right,True,0.010525195859372616,0.0014840745134279132,0.005928508006036282,0.002680661855265498,0.9360320568084717,0.043349478393793106
CAP000766,S021,2,4,4,leaning_right,leaning_right,True,0.010928550735116005,0.0014913449995219707,0.006155704613775015,0.0027062881272286177,0.971903383731842,0.006814685650169849
CAP000767,S021,2,5,5,slouching,slouching,True,0.0013059767661616206,0.018104538321495056,0.003955273423343897,0.0027118076104670763,0.0030585061758756638,0.970863938331604
CAP000768,S021,2,5,5,slouching,slouching,True,0.001288241590373218,0.10995697230100632,0.0035673289094120264,0.002179770264774561,0.0029166436288505793,0.8800910115242004
CAP000769,S021,2,5,5,slouching,slouching,True,0.0007698460249230266,0.004045495297759771,0.01443334762006998,0.0015640131896361709,0.0020927281584590673,0.9770945906639099
CAP000779,S022,2,0,2,upright,leaning_backward,False,0.3914296627044678,0.01762637495994568,0.5191656947135925,0.020142406225204468,0.02444140613079071,0.027194425463676453
CAP000781,S022,2,0,2,upright,leaning_backward,False,0.40007850527763367,0.011456314474344254,0.5392639636993408,0.016173649579286575,0.019625592976808548,0.013401957228779793
CAP000783,S022,2,0,0,upright,upright,True,0.5094666481018066,0.016205711290240288,0.4041393995285034,0.021310558542609215,0.02585887722671032,0.023018773645162582
CAP000804,S022,2,5,0,slouching,upright,False,0.389524906873703,0.10596290975809097,0.25363269448280334,0.052475959062576294,0.06665496528148651,0.13174855709075928
CAP000805,S022,2,5,0,slouching,upright,False,0.6353340148925781,0.07876168191432953,0.08299057185649872,0.04322174936532974,0.058870699256658554,0.10082130134105682
CAP000806,S022,2,5,0,slouching,upright,False,0.449945330619812,0.14103548228740692,0.1320016086101532,0.05768260732293129,0.07523937523365021,0.1440955400466919
CAP000807,S022,2,5,0,slouching,upright,False,0.47645729780197144,0.14492757618427277,0.12006776034832001,0.05739729478955269,0.07817868143320084,0.12297143787145615
CAP000808,S022,2,5,0,slouching,upright,False,0.30325552821159363,0.10631830245256424,0.3021487891674042,0.05859411135315895,0.07109986245632172,0.158583402633667
CAP000852,S024,4,0,5,upright,slouching,False,0.3575124740600586,0.03866364434361458,0.1245589628815651,0.01522210706025362,0.017424464225769043,0.44661837816238403
CAP000853,S024,4,0,5,upright,slouching,False,0.2705143988132477,0.02623930387198925,0.08112704753875732,0.010643166489899158,0.012183030135929585,0.5992931127548218
CAP000854,S024,4,0,5,upright,slouching,False,0.33213990926742554,0.03339136019349098,0.03208381310105324,0.01083074975758791,0.012397761456668377,0.5791563987731934
CAP000855,S024,4,0,0,upright,upright,True,0.5377354025840759,0.0345638133585453,0.03444884344935417,0.015318984165787697,0.01763097010552883,0.36030200123786926
CAP000856,S024,4,0,0,upright,upright,True,0.4575936794281006,0.04308707267045975,0.10093404352664948,0.014601071365177631,0.016713574528694153,0.3670705258846283
CAP000857,S024,4,1,5,leaning_forward,slouching,False,0.2792237401008606,0.01842372864484787,0.03627033904194832,0.009270875714719296,0.010612200945615768,0.6461990475654602
CAP000858,S024,4,1,0,leaning_forward,upright,False,0.6244970560073853,0.04705800861120224,0.018823809921741486,0.010283389128744602,0.011567795649170876,0.2877699136734009
CAP000859,S024,4,1,5,leaning_forward,slouching,False,0.22523216903209686,0.07142278552055359,0.00965979415923357,0.005331183783710003,0.005997055675834417,0.6823570132255554
CAP000860,S024,4,1,5,leaning_forward,slouching,False,0.33887818455696106,0.0366041325032711,0.011286824010312557,0.007603588979691267,0.008703689090907574,0.5969235897064209
CAP000861,S024,4,1,5,leaning_forward,slouching,False,0.08539579808712006,0.02364449016749859,0.011380723677575588,0.004516482353210449,0.005169931799173355,0.8698925375938416
CAP000862,S024,4,2,2,leaning_backward,leaning_backward,True,0.02785356342792511,0.0076736947521567345,0.9576060771942139,0.0017274090787395835,0.0018814707873389125,0.0032578199170529842
CAP000863,S024,4,2,2,leaning_backward,leaning_backward,True,0.01930718682706356,0.0037025166675448418,0.9697074890136719,0.0016513876616954803,0.0017446454148739576,0.0038867411203682423
CAP000864,S024,4,2,2,leaning_backward,leaning_backward,True,0.026253394782543182,0.007989844307303429,0.9587666392326355,0.0017864530673250556,0.0019457804737612605,0.00325789931230247
CAP000865,S024,4,2,2,leaning_backward,leaning_backward,True,0.040910765528678894,0.01075714360922575,0.9412705898284912,0.001839943346567452,0.0019438493764027953,0.0032777816522866488
CAP000867,S024,4,3,3,leaning_left,leaning_left,True,0.012375942431390285,0.006648503243923187,0.012068691663444042,0.9605423808097839,0.0031545802485197783,0.005209857597947121
CAP000868,S024,4,3,3,leaning_left,leaning_left,True,0.012308668345212936,0.007027816493064165,0.011920304968953133,0.960481584072113,0.0031157953198999166,0.005145805887877941
CAP000869,S024,4,3,3,leaning_left,leaning_left,True,0.01368147786706686,0.006658786442130804,0.012729393318295479,0.9593409895896912,0.0031120951753109694,0.004477230366319418
CAP000870,S024,4,4,4,leaning_right,leaning_right,True,0.005583726800978184,0.002154778689146042,0.36526888608932495,0.0009069478837773204,0.6236516237258911,0.0024340187665075064
CAP000871,S024,4,4,4,leaning_right,leaning_right,True,0.005049406550824642,0.001158504979684949,0.3887467086315155,0.0009006293257698417,0.6015569567680359,0.002587768714874983
CAP000872,S024,4,4,4,leaning_right,leaning_right,True,0.004256456159055233,0.0013016447192057967,0.43301036953926086,0.0008118907571770251,0.558286726474762,0.0023329041432589293
CAP000873,S024,4,4,4,leaning_right,leaning_right,True,0.005123128183186054,0.0013151861494407058,0.42667055130004883,0.0008201071177609265,0.5639366507530212,0.0021344118285924196
CAP000874,S024,4,4,4,leaning_right,leaning_right,True,0.004630058538168669,0.0014717265730723739,0.41919970512390137,0.0008309983531944454,0.5714258551597595,0.002441622316837311
CAP000875,S024,4,5,5,slouching,slouching,True,0.0058465334586799145,0.09439875930547714,0.003286573104560375,0.002646553795784712,0.0030332067981362343,0.8907884359359741
CAP000876,S024,4,5,5,slouching,slouching,True,0.009768317453563213,0.18454872071743011,0.00551814679056406,0.004490506369620562,0.005146554671227932,0.7905277609825134
CAP000877,S024,4,5,5,slouching,slouching,True,0.0089138587936759,0.1466701477766037,0.004986814223229885,0.00405812356621027,0.004651002120226622,0.830720067024231
CAP000878,S024,4,5,5,slouching,slouching,True,0.010246934369206429,0.17837722599506378,0.005547184497117996,0.004466939717531204,0.005119544919580221,0.7962421774864197
CAP000879,S024,4,5,5,slouching,slouching,True,0.007962661795318127,0.15109939873218536,0.0044598509557545185,0.0035753468982875347,0.004097693599760532,0.8288050889968872
