capture_id,fold,true_class_id,pred_class_id,true_label,pred_label,correct,prob_leaning_backward,prob_leaning_forward,prob_leaning_left,prob_leaning_right,prob_slouching,prob_upright
CAP000001,0,5,5,upright,upright,1,0.047258474,0.0023332364,0.118330814,0.013052727,0.0032814315,0.8157434
CAP000002,0,5,5,upright,upright,1,0.09510552,0.004921957,0.19883703,0.03666359,0.017021922,0.64745
CAP000003,0,5,5,upright,upright,1,0.06361145,0.005429152,0.19452558,0.017733203,0.0044316985,0.7142689
CAP000004,0,5,5,upright,upright,1,0.10812531,0.0045820475,0.2183364,0.030358184,0.016980745,0.6216173
CAP000005,0,5,5,upright,upright,1,0.07035019,0.005218723,0.20564127,0.017238613,0.004814432,0.6967368
CAP000006,0,1,5,leaning_forward,upright,0,0.08201916,0.00912344,0.009835571,0.20249033,0.025833223,0.6706983
CAP000007,0,1,5,leaning_forward,upright,0,0.030046225,0.008378052,0.006040775,0.13146064,0.017537227,0.80653703
CAP000008,0,1,5,leaning_forward,upright,0,0.007525036,0.1288379,0.005555982,0.13455431,0.08397495,0.6395518
CAP000009,0,1,5,leaning_forward,upright,0,0.004079842,0.015138717,0.0026631504,0.1066001,0.009162948,0.86235523
CAP000010,0,1,5,leaning_forward,upright,0,0.0059136194,0.024826352,0.004047155,0.08221007,0.010604483,0.8723983
CAP000011,0,5,3,upright,leaning_right,0,0.16602351,0.037566125,0.03677824,0.5241115,0.08823509,0.14728549
CAP000012,0,5,0,upright,leaning_backward,0,0.81358546,0.004485782,0.003622346,0.11825297,0.04433203,0.015721438
CAP000013,0,5,0,upright,leaning_backward,0,0.80228156,0.005898682,0.004952969,0.16169956,0.009973449,0.015193726
CAP000014,0,5,3,upright,leaning_right,0,0.24188493,0.01456194,0.010658097,0.66018593,0.029326105,0.04338293
CAP000015,0,5,3,upright,leaning_right,0,0.17827348,0.0143460855,0.0118948,0.7242691,0.029243413,0.041973073
CAP000016,0,1,0,leaning_forward,leaning_backward,0,0.55389893,0.0064440193,0.009148902,0.40078607,0.0023490803,0.027372995
CAP000017,0,1,1,leaning_forward,leaning_forward,1,0.16422561,0.56599927,0.009470214,0.012709283,0.18364297,0.06395267
CAP000018,0,1,1,leaning_forward,leaning_forward,1,0.03384883,0.69929665,0.0028909799,0.01978235,0.23392098,0.010260259
CAP000019,0,1,0,leaning_forward,leaning_backward,0,0.5053996,0.25075597,0.00698685,0.018326066,0.20447204,0.014059447
CAP000020,0,1,1,leaning_forward,leaning_forward,1,0.03770594,0.82908785,0.003082355,0.018641507,0.10464952,0.0068328776
CAP000021,0,0,0,leaning_backward,leaning_backward,1,0.82395416,0.004147911,0.0073455456,0.11972664,0.040845685,0.0039800163
CAP000022,0,0,0,leaning_backward,leaning_backward,1,0.7159829,0.0035158624,0.0062692477,0.20357582,0.05864109,0.0120151015
CAP000023,0,0,3,leaning_backward,leaning_right,0,0.27476445,0.010186639,0.020004401,0.5119556,0.13386276,0.049226124
CAP000024,0,0,3,leaning_backward,leaning_right,0,0.041139755,0.0040324545,0.008610692,0.853893,0.06008999,0.032234114
CAP000025,0,0,3,leaning_backward,leaning_right,0,0.029971825,0.0049195746,0.011007178,0.9267515,0.0104156975,0.016934255
CAP000026,0,2,5,leaning_left,upright,0,0.107000485,0.004769463,0.23714559,0.027374068,0.0043673636,0.61934304
CAP000027,0,2,2,leaning_left,leaning_left,1,0.2509106,0.006284399,0.41575867,0.06380273,0.009289815,0.25395384
CAP000028,0,2,2,leaning_left,leaning_left,1,0.20582078,0.006316849,0.476114,0.053222828,0.008377513,0.250148
CAP000029,0,2,5,leaning_left,upright,0,0.15407383,0.01334258,0.24103312,0.036364544,0.0060827523,0.5491032
CAP000030,0,2,5,leaning_left,upright,0,0.14718665,0.0068607093,0.34903103,0.04107996,0.006427887,0.4494138
CAP000031,0,3,0,leaning_right,leaning_backward,0,0.85565805,0.015299425,0.012427093,0.06938943,0.038172625,0.009053345
CAP000032,0,3,0,leaning_right,leaning_backward,0,0.47042423,0.08891847,0.03759371,0.15502545,0.20230627,0.045731883
CAP000033,0,3,0,leaning_right,leaning_backward,0,0.3322424,0.057555288,0.036483303,0.2944737,0.22423178,0.05501358
CAP000036,0,4,0,slouching,leaning_backward,0,0.48575664,0.030582137,0.1182246,0.07448759,0.02048219,0.2704668
CAP000037,0,4,3,slouching,leaning_right,0,0.42142844,0.01802939,0.026305247,0.43307415,0.047322158,0.053840656
CAP000038,0,4,3,slouching,leaning_right,0,0.15010454,0.04074652,0.052951228,0.4872153,0.010775853,0.25820658
CAP000039,0,4,0,slouching,leaning_backward,0,0.68591094,0.014860307,0.09804364,0.01658441,0.010432797,0.17416792
CAP000040,0,4,5,slouching,upright,0,0.12488458,0.017261192,0.02791512,0.17297027,0.30056643,0.3564024
CAP000453,0,5,5,upright,upright,1,0.015491138,0.10577093,0.0014384241,0.000872074,0.08601047,0.79041696
CAP000454,0,5,1,upright,leaning_forward,0,0.018530117,0.5239822,0.005564813,0.0050135884,0.028161177,0.41874808
CAP000455,0,5,1,upright,leaning_forward,0,0.007443031,0.9484766,0.010774504,0.006338579,0.01775782,0.009209456
CAP000456,0,5,1,upright,leaning_forward,0,0.0068066195,0.9570897,0.0054963785,0.006049789,0.014815631,0.009741923
CAP000457,0,5,1,upright,leaning_forward,0,0.0021509735,0.9850134,0.0034290738,0.0016838788,0.006358657,0.0013640174
CAP000458,0,1,1,leaning_forward,leaning_forward,1,0.0022337425,0.961991,0.00052460376,0.000778307,0.03021281,0.0042595575
CAP000459,0,1,4,leaning_forward,slouching,0,0.017306315,0.15286444,0.028065642,0.0033292228,0.41447964,0.38395467
CAP000460,0,1,1,leaning_forward,leaning_forward,1,0.011337303,0.82663566,0.0014968194,0.0016218841,0.036549408,0.12235886
CAP000461,0,1,1,leaning_forward,leaning_forward,1,0.0020579412,0.9447689,0.0011498724,0.00081497,0.04041051,0.010797798
CAP000462,0,1,1,leaning_forward,leaning_forward,1,0.00038943588,0.9796821,0.00037406708,0.00025959074,0.013146014,0.006148851
CAP000463,0,0,1,leaning_backward,leaning_forward,0,0.0057093436,0.96569645,0.0037628415,0.0035279214,0.015939439,0.0053640306
CAP000464,0,0,1,leaning_backward,leaning_forward,0,0.016295983,0.95706373,0.0020200186,0.0019201911,0.0058692233,0.016830841
CAP000465,0,0,1,leaning_backward,leaning_forward,0,0.012235512,0.8836099,0.010117911,0.006939063,0.024631333,0.062466294
CAP000466,0,0,1,leaning_backward,leaning_forward,0,0.050488617,0.85483164,0.009409139,0.0072767437,0.029227043,0.048766796
CAP000467,0,2,2,leaning_left,leaning_left,1,0.015688334,0.0007737659,0.9771393,0.0006511892,0.00378638,0.001961051
CAP000468,0,2,2,leaning_left,leaning_left,1,0.014879834,0.00052508846,0.9793003,0.00079420704,0.0027473145,0.0017532085
CAP000469,0,2,0,leaning_left,leaning_backward,0,0.6855472,0.012461688,0.23253916,0.0129267145,0.039978173,0.01654709
CAP000470,0,2,0,leaning_left,leaning_backward,0,0.44122827,0.018002704,0.3833323,0.01842293,0.09301086,0.046002913
CAP000471,0,2,2,leaning_left,leaning_left,1,0.014705951,0.0005969202,0.9823772,0.00041262386,0.00086483033,0.0010424923
CAP000472,0,3,5,leaning_right,upright,0,0.038608454,0.22079554,0.029144518,0.077048756,0.055855308,0.5785474
CAP000473,0,3,5,leaning_right,upright,0,0.04604093,0.13131495,0.08158102,0.11537265,0.08349611,0.54219437
CAP000474,0,3,3,leaning_right,leaning_right,1,0.01807016,0.055355214,0.04236356,0.66233766,0.013666536,0.20820686
CAP000475,0,3,3,leaning_right,leaning_right,1,0.040767748,0.12519364,0.068839304,0.54279745,0.030761432,0.19164039
CAP000476,0,3,1,leaning_right,leaning_forward,0,0.00974119,0.8465981,0.012331064,0.005461822,0.08303154,0.04283624
CAP000477,0,4,0,slouching,leaning_backward,0,0.74730057,0.082155526,0.0034469396,0.002190224,0.07461878,0.090287976
CAP000478,0,4,5,slouching,upright,0,0.025341975,0.04604335,0.0023591937,0.0017075501,0.41513792,0.50941
CAP000479,0,4,5,slouching,upright,0,0.003720132,0.03231407,0.0012432619,0.0010143144,0.01789599,0.94381225
CAP000480,0,4,1,slouching,leaning_forward,0,0.008354209,0.44053906,0.0105693,0.0032705409,0.42939448,0.10787246
CAP000481,0,4,4,slouching,slouching,1,0.0053471886,0.05654507,0.001272605,0.00094941485,0.81051517,0.12537059
CAP000633,0,5,4,upright,slouching,0,0.0017000409,0.14751342,0.0005627818,0.00052533334,0.5621208,0.28757763
CAP000634,0,5,4,upright,slouching,0,0.002367378,0.28295287,0.00046425886,0.0003827264,0.5716097,0.14222309
CAP000635,0,5,5,upright,upright,1,0.0021910153,0.3484937,0.00032153574,0.00030138544,0.09504205,0.5536504
CAP000636,0,5,4,upright,slouching,0,0.000832047,0.08574073,0.00043892636,0.00045721626,0.8856602,0.02687092
CAP000637,0,5,4,upright,slouching,0,0.0011786721,0.30427656,0.00044249,0.0004045292,0.6757352,0.017962571
CAP000638,0,1,4,leaning_forward,slouching,0,0.009301616,0.0824585,0.003619995,0.00282464,0.6425655,0.25922975
CAP000639,0,1,5,leaning_forward,upright,0,0.054116905,0.35323665,0.0062862975,0.006342269,0.07032709,0.50969076
CAP000640,0,1,5,leaning_forward,upright,0,0.16368379,0.32690695,0.0074369065,0.00750362,0.047287546,0.44718122
CAP000641,0,1,5,leaning_forward,upright,0,0.016107379,0.22920372,0.005840025,0.004153538,0.26034003,0.48435533
CAP000642,0,1,4,leaning_forward,slouching,0,0.0048725926,0.13146794,0.0026966443,0.0017458271,0.79466087,0.06455614
CAP000643,0,0,1,leaning_backward,leaning_forward,0,0.020384382,0.7837939,0.011083751,0.0077318256,0.09315738,0.08384875
CAP000644,0,0,4,leaning_backward,slouching,0,0.002271295,0.418018,0.0020077915,0.0012020773,0.5723393,0.0041615423
CAP000645,0,0,1,leaning_backward,leaning_forward,0,0.020443931,0.43721622,0.009721785,0.0073024817,0.18724844,0.33806714
CAP000646,0,0,1,leaning_backward,leaning_forward,0,0.030977858,0.37890816,0.009182281,0.00933266,0.23883398,0.3327651
CAP000647,0,0,4,leaning_backward,slouching,0,0.0026404297,0.2888133,0.001664644,0.0010763176,0.6892063,0.016598957
CAP000648,0,2,2,leaning_left,leaning_left,1,0.38004884,0.0024820925,0.61157763,0.0018068013,0.0019734805,0.0021111504
CAP000649,0,2,2,leaning_left,leaning_left,1,0.14955384,0.0026819736,0.8369128,0.0025604437,0.0032349573,0.0050560194
CAP000650,0,2,2,leaning_left,leaning_left,1,0.13498096,0.003351008,0.85103285,0.002402332,0.0029570598,0.005275824
CAP000651,0,2,2,leaning_left,leaning_left,1,0.1793284,0.0033070801,0.80711335,0.002278354,0.0032348032,0.0047380277
CAP000652,0,2,2,leaning_left,leaning_left,1,0.36624458,0.0027005987,0.6248016,0.0018351867,0.002490922,0.0019271092
CAP000653,0,3,4,leaning_right,slouching,0,0.0007160733,0.00217643,0.0039136345,0.35912657,0.6193468,0.014720459
CAP000654,0,3,3,leaning_right,leaning_right,1,0.0011442096,0.0012274678,0.011578238,0.530056,0.42904964,0.026944418
CAP000655,0,3,4,leaning_right,slouching,0,0.00086680445,0.002129969,0.0054783495,0.35492012,0.61804366,0.018561088
CAP000656,0,3,4,leaning_right,slouching,0,0.00080010295,0.0028057247,0.005749347,0.35658666,0.6160848,0.017973408
CAP000657,0,3,3,leaning_right,leaning_right,1,0.0012714986,0.003928426,0.0053205336,0.7284607,0.24541558,0.015603171
CAP000658,0,4,1,slouching,leaning_forward,0,0.0067066145,0.6527745,0.0015008479,0.0016214375,0.03672636,0.30067027
CAP000659,0,4,1,slouching,leaning_forward,0,0.013584195,0.5947978,0.0032715532,0.0028102566,0.16189803,0.22363819
CAP000660,0,4,1,slouching,leaning_forward,0,0.0073169856,0.88038605,0.0035009484,0.001907697,0.066696644,0.04019168
CAP000661,0,4,1,slouching,leaning_forward,0,0.018534904,0.8061282,0.004180499,0.003013703,0.12312234,0.04502038
CAP000662,0,4,1,slouching,leaning_forward,0,0.010928889,0.6748345,0.0022941658,0.0031985182,0.24548778,0.063256174
CAP000048,1,5,1,upright,leaning_forward,0,0.021452231,0.61563015,0.009583081,0.028824361,0.21406229,0.11044785
CAP000049,1,5,1,upright,leaning_forward,0,0.015915323,0.780942,0.007887396,0.017926121,0.1351863,0.042142887
CAP000050,1,5,1,upright,leaning_forward,0,0.015107901,0.7782039,0.007331313,0.019127764,0.13316664,0.04706242
CAP000051,1,5,1,upright,leaning_forward,0,0.0015286517,0.9615207,0.00066839316,0.0020791625,0.027318617,0.0068844785
CAP000052,1,5,1,upright,leaning_forward,0,0.003419475,0.93056077,0.0014857538,0.004700142,0.042436235,0.01739766
CAP000053,1,1,1,leaning_forward,leaning_forward,1,0.0010037612,0.9531036,0.00086827256,0.000505637,0.040279046,0.004239714
CAP000054,1,1,1,leaning_forward,leaning_forward,1,0.0009402675,0.9722739,0.00041443386,0.000754221,0.015527729,0.010089493
CAP000055,1,1,1,leaning_forward,leaning_forward,1,0.0012913604,0.96921104,0.0005714774,0.0015353598,0.009651204,0.01773951
CAP000056,1,1,1,leaning_forward,leaning_forward,1,0.001218772,0.9785897,0.0005818086,0.0011331963,0.0064008282,0.012075738
CAP000057,1,1,1,leaning_forward,leaning_forward,1,0.0009256415,0.98197305,0.0004119761,0.0010127504,0.006654438,0.009022097
CAP000058,1,0,1,leaning_backward,leaning_forward,0,0.0074481214,0.91466844,0.0036295298,0.006685465,0.062480476,0.005087984
CAP000059,1,0,1,leaning_backward,leaning_forward,0,0.02094156,0.6235394,0.01083566,0.014582529,0.2665876,0.063513316
CAP000060,1,0,1,leaning_backward,leaning_forward,0,0.03283104,0.421065,0.015531853,0.022955215,0.32097328,0.18664357
CAP000061,1,0,1,leaning_backward,leaning_forward,0,0.032196727,0.43042094,0.013346018,0.024410792,0.37463966,0.12498584
CAP000062,1,0,4,leaning_backward,slouching,0,0.020176189,0.15255113,0.007809874,0.0127071915,0.75931495,0.047440656
CAP000063,1,2,1,leaning_left,leaning_forward,0,0.007762389,0.6064624,0.0057649342,0.04799082,0.26431128,0.06770818
CAP000064,1,2,1,leaning_left,leaning_forward,0,0.011016961,0.723027,0.007398914,0.050256815,0.14434129,0.06395906
CAP000065,1,2,1,leaning_left,leaning_forward,0,0.007815018,0.86540884,0.006162801,0.0045555765,0.07748668,0.038571056
CAP000066,1,2,1,leaning_left,leaning_forward,0,0.003863439,0.93287885,0.0032850958,0.0024377594,0.03501187,0.022522986
CAP000067,1,2,1,leaning_left,leaning_forward,0,0.003122494,0.94010264,0.001986421,0.0023324937,0.03494219,0.017513838
CAP000068,1,3,1,leaning_right,leaning_forward,0,0.29752338,0.34873995,0.0105663845,0.013024979,0.24183886,0.08830646
CAP000069,1,3,1,leaning_right,leaning_forward,0,0.056215007,0.8950546,0.0018799815,0.001965185,0.034365095,0.010520167
CAP000070,1,3,1,leaning_right,leaning_forward,0,0.12234297,0.40619597,0.008269967,0.0106393015,0.32872608,0.123825744
CAP000071,1,3,1,leaning_right,leaning_forward,0,0.046357784,0.5897352,0.013383048,0.015760304,0.15072997,0.18403372
CAP000072,1,3,1,leaning_right,leaning_forward,0,0.21705559,0.33009484,0.01610784,0.018427152,0.23282142,0.18549317
CAP000073,1,4,1,slouching,leaning_forward,0,0.0032282844,0.95372236,0.000510417,0.0011141411,0.013144471,0.028280308
CAP000074,1,4,1,slouching,leaning_forward,0,0.0026353581,0.9159788,0.0012067839,0.002688159,0.01842059,0.05907031
CAP000075,1,4,1,slouching,leaning_forward,0,0.0034311013,0.9479043,0.0013680016,0.0024440757,0.012831922,0.03202064
CAP000076,1,4,1,slouching,leaning_forward,0,0.0071247695,0.9459252,0.0012399055,0.0059283487,0.021020083,0.01876172
CAP000077,1,4,1,slouching,leaning_forward,0,0.0017732187,0.94534206,0.00078949635,0.001456966,0.012163078,0.038475186
CAP000416,1,5,5,upright,upright,1,0.058287993,0.39607003,0.0035324732,0.0075698574,0.010670486,0.52386916
CAP000417,1,5,5,upright,upright,1,0.022872929,0.25932848,0.0021422342,0.0047707334,0.012399822,0.69848585
CAP000418,1,5,5,upright,upright,1,0.008790076,0.24651656,0.0023948026,0.0060809082,0.006481457,0.7297362
CAP000419,1,5,5,upright,upright,1,0.009142523,0.4018689,0.002580607,0.0057639866,0.0123976655,0.5682463
CAP000420,1,5,5,upright,upright,1,0.010636165,0.116631694,0.0024868613,0.0074483105,0.034024887,0.82877207
CAP000421,1,1,5,leaning_forward,upright,0,0.024345286,0.063755095,0.0026666496,0.0027075792,0.026113724,0.8804116
CAP000422,1,1,5,leaning_forward,upright,0,0.10452733,0.09196616,0.0019416058,0.002033407,0.0038234491,0.79570806
CAP000423,1,1,5,leaning_forward,upright,0,0.0035711585,0.0053128903,0.00082080223,0.0012199014,0.0019350597,0.98714024
CAP000424,1,1,1,leaning_forward,leaning_forward,1,0.023951922,0.428206,0.007176406,0.010520112,0.12690386,0.40324166
CAP000425,1,1,5,leaning_forward,upright,0,0.010278329,0.027494356,0.0030179238,0.0071405442,0.021560777,0.930508
CAP000436,1,3,3,leaning_right,leaning_right,1,0.01179633,0.049047027,0.007202433,0.63389754,0.05008064,0.247976
CAP000437,1,3,3,leaning_right,leaning_right,1,0.01361849,0.038509604,0.0067363717,0.509784,0.20749053,0.22386104
CAP000438,1,3,3,leaning_right,leaning_right,1,0.0142298415,0.047369312,0.006944101,0.49338895,0.1933899,0.24467786
CAP000439,1,3,3,leaning_right,leaning_right,1,0.012145466,0.035308145,0.0059269336,0.48122028,0.20257859,0.2628206
CAP000440,1,3,3,leaning_right,leaning_right,1,0.013128678,0.02760021,0.0058911955,0.48957688,0.17545848,0.28834453
CAP000441,1,4,5,slouching,upright,0,0.07483234,0.047952604,0.019676818,0.014334657,0.3882561,0.4549475
CAP000442,1,4,1,slouching,leaning_forward,0,0.033010375,0.4147708,0.00834384,0.006571724,0.31009904,0.22720419
CAP000443,1,4,4,slouching,slouching,1,0.04690458,0.1411351,0.012304022,0.012193074,0.52182543,0.2656378
CAP000444,1,4,1,slouching,leaning_forward,0,0.040521007,0.43967,0.008749014,0.007051508,0.29580447,0.20820405
CAP000445,1,4,1,slouching,leaning_forward,0,0.04226551,0.5720637,0.008865515,0.012392474,0.15217243,0.21224037
CAP000742,1,5,5,upright,upright,1,0.004718449,0.037761692,0.002888466,0.002825303,0.04078982,0.9110163
CAP000743,1,5,1,upright,leaning_forward,0,0.005216147,0.6860973,0.0027382935,0.0027766025,0.038563155,0.2646085
CAP000744,1,5,5,upright,upright,1,0.0030647828,0.3346219,0.0007844025,0.00082673127,0.0027083883,0.6579938
CAP000745,1,5,5,upright,upright,1,0.007852741,0.20359178,0.0039535533,0.004126767,0.06788264,0.7125925
CAP000746,1,5,1,upright,leaning_forward,0,0.022091124,0.53624034,0.0041553606,0.004022894,0.024855305,0.40863496
CAP000747,1,1,5,leaning_forward,upright,0,0.03624198,0.15863265,0.0051993565,0.009477911,0.2726064,0.5178417
CAP000748,1,1,5,leaning_forward,upright,0,0.021826688,0.18660046,0.0044952002,0.0052609127,0.12728848,0.65452826
CAP000749,1,1,5,leaning_forward,upright,0,0.018295469,0.035981964,0.0034665477,0.0074532824,0.057785716,0.877017
CAP000750,1,1,5,leaning_forward,upright,0,0.016840871,0.05038008,0.0030426655,0.008076729,0.035605505,0.88605416
CAP000751,1,1,5,leaning_forward,upright,0,0.022261553,0.040637754,0.0036576914,0.010226806,0.09015645,0.8330598
CAP000752,1,0,5,leaning_backward,upright,0,0.022621367,0.42291877,0.00320269,0.005534214,0.060752068,0.48497087
CAP000753,1,0,0,leaning_backward,leaning_backward,1,0.35103986,0.28053883,0.0048573096,0.0060963486,0.020216452,0.3372512
CAP000754,1,0,5,leaning_backward,upright,0,0.13538277,0.32453355,0.0034427308,0.0037406895,0.011297455,0.52160275
CAP000755,1,0,1,leaning_backward,leaning_forward,0,0.016281093,0.764003,0.0024616765,0.0025092377,0.0336947,0.18105036
CAP000756,1,0,1,leaning_backward,leaning_forward,0,0.005152798,0.6152183,0.0029817715,0.003520682,0.04647174,0.32665467
CAP000757,1,2,0,leaning_left,leaning_backward,0,0.8424233,0.012439148,0.013307905,0.09328312,0.026595892,0.011950581
CAP000758,1,2,0,leaning_left,leaning_backward,0,0.8474851,0.008835748,0.011090304,0.08433864,0.03943661,0.0088135395
CAP000760,1,2,0,leaning_left,leaning_backward,0,0.84668356,0.0074157845,0.015281031,0.07104006,0.041375842,0.018203676
CAP000761,1,2,0,leaning_left,leaning_backward,0,0.7680764,0.01033071,0.018920714,0.07500677,0.103954226,0.023711182
CAP000762,1,3,3,leaning_right,leaning_right,1,0.0009873972,0.00613829,0.001807245,0.9544002,0.00029247117,0.03637439
CAP000763,1,3,3,leaning_right,leaning_right,1,0.0009392793,0.002744225,0.002358467,0.8520865,0.00047003553,0.14140156
CAP000764,1,3,3,leaning_right,leaning_right,1,0.0011704607,0.003737385,0.0021684933,0.96134,0.00020840132,0.031375255
CAP000765,1,3,3,leaning_right,leaning_right,1,0.0011035985,0.0033629134,0.0015239377,0.9821147,0.0004430642,0.011451797
CAP000766,1,3,3,leaning_right,leaning_right,1,0.0018834842,0.0032426151,0.0020142142,0.98822623,0.000601551,0.004031895
CAP000767,1,4,3,slouching,leaning_right,0,0.00074924633,0.038514104,0.00059742527,0.9486535,0.0030254207,0.008460308
CAP000768,1,4,3,slouching,leaning_right,0,0.0008682548,0.026070181,0.00052341446,0.9454575,0.020405777,0.006674795
CAP000769,1,4,3,slouching,leaning_right,0,0.0004101914,0.014646966,0.00031622438,0.9772018,0.00536412,0.0020607112
CAP000193,2,5,0,upright,leaning_backward,0,0.81086797,0.0044271527,0.05614865,0.012718575,0.03286307,0.08297465
CAP000194,2,5,0,upright,leaning_backward,0,0.8710314,0.002402961,0.07883523,0.00757428,0.019370498,0.020785594
CAP000195,2,5,0,upright,leaning_backward,0,0.85328245,0.0037654205,0.08875567,0.009518536,0.026082292,0.018595599
CAP000196,2,5,0,upright,leaning_backward,0,0.6567081,0.006404007,0.06076448,0.016659917,0.03933938,0.22012416
CAP000197,2,5,0,upright,leaning_backward,0,0.8106486,0.0045558754,0.10788161,0.010938607,0.03233659,0.03363875
CAP000198,2,1,0,leaning_forward,leaning_backward,0,0.8229832,0.0048819026,0.0043127383,0.028764864,0.07812413,0.060933124
CAP000199,2,1,0,leaning_forward,leaning_backward,0,0.75039876,0.007989157,0.008829981,0.048434045,0.09456152,0.08978652
CAP000200,2,1,0,leaning_forward,leaning_backward,0,0.65388197,0.008080288,0.013862522,0.05576687,0.16912428,0.099284105
CAP000201,2,1,0,leaning_forward,leaning_backward,0,0.8771301,0.0024610618,0.0024005037,0.024807712,0.04201248,0.05118814
CAP000202,2,1,0,leaning_forward,leaning_backward,0,0.80586016,0.004998796,0.0036314647,0.033907868,0.09824804,0.053353682
CAP000203,2,0,2,leaning_backward,leaning_left,0,0.0024455108,0.00034649496,0.9940141,0.0010296153,0.0007636623,0.0014006224
CAP000204,2,0,2,leaning_backward,leaning_left,0,0.004671883,0.00042679935,0.99034774,0.0013973241,0.0013584989,0.001797698
CAP000205,2,0,2,leaning_backward,leaning_left,0,0.004053957,0.0005963029,0.9903584,0.0019199026,0.0013525295,0.0017189328
CAP000206,2,0,2,leaning_backward,leaning_left,0,0.002744792,0.0002986302,0.99416524,0.000986381,0.0008624373,0.000942547
CAP000207,2,0,2,leaning_backward,leaning_left,0,0.0026767887,0.00034205057,0.9939726,0.0010295723,0.0009444427,0.0010345125
CAP000208,2,2,2,leaning_left,leaning_left,1,0.14281425,0.0031032208,0.81607896,0.007131713,0.010022814,0.020848976
CAP000209,2,2,0,leaning_left,leaning_backward,0,0.7186162,0.0015141102,0.25730821,0.0046219127,0.0081959665,0.009743575
CAP000210,2,2,0,leaning_left,leaning_backward,0,0.61617064,0.00445072,0.30776253,0.015092297,0.024038611,0.032485187
CAP000211,2,2,0,leaning_left,leaning_backward,0,0.9155489,0.0012229247,0.06667043,0.0032167856,0.0058824066,0.007458573
CAP000212,2,2,0,leaning_left,leaning_backward,0,0.9368485,0.0007758702,0.047074072,0.0036932721,0.0047542118,0.006854035
CAP000213,2,3,0,leaning_right,leaning_backward,0,0.7702619,0.0041675675,0.05642223,0.115014054,0.023701752,0.030432506
CAP000214,2,3,0,leaning_right,leaning_backward,0,0.6843229,0.004044669,0.08174397,0.14940402,0.03433886,0.04614561
CAP000215,2,3,0,leaning_right,leaning_backward,0,0.55606884,0.008191564,0.13053747,0.178241,0.05561427,0.07134681
CAP000216,2,3,0,leaning_right,leaning_backward,0,0.7403054,0.004302274,0.08602357,0.106781825,0.03292332,0.0296636
CAP000217,2,3,0,leaning_right,leaning_backward,0,0.503766,0.009308679,0.16188262,0.19697335,0.07126722,0.056802105
CAP000218,2,4,0,slouching,leaning_backward,0,0.6689898,0.009850492,0.03199643,0.016327705,0.1867876,0.086047955
CAP000219,2,4,0,slouching,leaning_backward,0,0.66053677,0.0080361515,0.023875112,0.012418511,0.17557001,0.11956349
CAP000221,2,4,0,slouching,leaning_backward,0,0.66404223,0.011531188,0.023095949,0.067873165,0.15516984,0.07828761
CAP000222,2,4,0,slouching,leaning_backward,0,0.6831485,0.010575655,0.044475436,0.0654238,0.12428561,0.07209103
CAP000528,2,1,5,leaning_forward,upright,0,0.065202594,0.038734976,0.043964144,0.029084664,0.022785176,0.8002285
CAP000529,2,1,0,leaning_forward,leaning_backward,0,0.74284905,0.09326149,0.010115124,0.026455244,0.0144918095,0.11282728
CAP000530,2,1,5,leaning_forward,upright,0,0.19441459,0.038625896,0.1284043,0.124340706,0.08576072,0.4284538
CAP000531,2,1,5,leaning_forward,upright,0,0.17749953,0.10163813,0.07538734,0.17227359,0.047387905,0.42581347
CAP000532,2,1,5,leaning_forward,upright,0,0.19184648,0.12707832,0.081630096,0.061076734,0.03476416,0.50360423
CAP000545,2,3,3,leaning_right,leaning_right,1,0.022218993,0.010723378,0.3056532,0.54444385,0.012552953,0.10440761
CAP000546,2,3,3,leaning_right,leaning_right,1,0.004731029,0.00045160623,0.01751532,0.9745885,0.00095239124,0.0017611142
CAP000547,2,3,3,leaning_right,leaning_right,1,0.059789952,0.008378813,0.41003674,0.44893897,0.022345154,0.050510403
CAP000583,2,3,3,leaning_right,leaning_right,1,0.00035055232,0.00017452256,0.0011578619,0.9953922,0.001174051,0.0017508629
CAP000585,2,3,3,leaning_right,leaning_right,1,0.00041144263,0.0009135751,0.0011849687,0.9945458,0.0006750731,0.0022691074
CAP000597,2,5,5,upright,upright,1,0.13972683,0.0039163698,0.008919509,0.0066607497,0.010372608,0.830404
CAP000598,2,5,5,upright,upright,1,0.018462963,0.010569747,0.0034103275,0.0039226753,0.10174117,0.86189306
CAP000599,2,5,4,upright,slouching,0,0.07836103,0.021706866,0.023514692,0.011778016,0.45054317,0.41409624
CAP000600,2,5,4,upright,slouching,0,0.0042954683,0.016369825,0.009530326,0.0036090615,0.5970804,0.3691149
CAP000601,2,5,4,upright,slouching,0,0.0021364964,0.008295361,0.0015190282,0.0012721118,0.80310893,0.18366803
CAP000603,2,1,5,leaning_forward,upright,0,0.002072047,0.065435626,0.0045317374,0.0018744124,0.065965384,0.8601208
CAP000604,2,1,5,leaning_forward,upright,0,0.002342789,0.072690204,0.0023976846,0.0015780013,0.024466319,0.896525
CAP000605,2,1,5,leaning_forward,upright,0,0.016321244,0.09189175,0.0063529145,0.0077237543,0.15156415,0.7261462
CAP000606,2,1,1,leaning_forward,leaning_forward,1,0.0041138874,0.529387,0.0015305543,0.0017311682,0.027656948,0.43558043
CAP000607,2,0,2,leaning_backward,leaning_left,0,0.0078022317,0.0017432733,0.9026216,0.0025944405,0.07310679,0.012131607
CAP000608,2,0,4,leaning_backward,slouching,0,0.04019116,0.008066988,0.37369853,0.01429557,0.4000033,0.16374446
CAP000609,2,0,2,leaning_backward,leaning_left,0,0.0040502744,0.00059362623,0.9658419,0.0014140763,0.020266036,0.007834114
CAP000610,2,0,2,leaning_backward,leaning_left,0,0.0014748821,0.0007628655,0.97010136,0.0008102744,0.018879266,0.007971415
CAP000611,2,0,2,leaning_backward,leaning_left,0,0.01355467,0.004679032,0.6898875,0.009280543,0.2125468,0.07005143
CAP000612,2,2,2,leaning_left,leaning_left,1,0.0006971585,0.000113436545,0.99694973,0.0003512058,0.00018313466,0.0017053878
CAP000613,2,2,2,leaning_left,leaning_left,1,0.0006432919,0.0002844327,0.99729365,0.00069662597,0.00016272275,0.0009192736
CAP000614,2,2,2,leaning_left,leaning_left,1,0.0005267787,7.952243e-05,0.9983333,0.00036355478,0.00013485951,0.00056203845
CAP000615,2,2,2,leaning_left,leaning_left,1,0.00034763457,6.887354e-05,0.99858594,0.0003727157,0.000107787884,0.000517112
CAP000616,2,2,2,leaning_left,leaning_left,1,0.00046317602,6.8340036e-05,0.99865437,0.00017274923,0.00013756716,0.0005037764
CAP000622,2,4,4,slouching,slouching,1,0.0029290542,0.09945115,0.014308687,0.006522773,0.76694727,0.109841
CAP000623,2,4,4,slouching,slouching,1,0.0056000017,0.27479735,0.007945348,0.014973511,0.4706186,0.22606516
CAP000624,2,4,4,slouching,slouching,1,0.0069274115,0.05554575,0.3223898,0.014665064,0.51975214,0.08071982
CAP000625,2,4,4,slouching,slouching,1,0.0064023277,0.070320785,0.011445708,0.017480088,0.6092217,0.2851294
CAP000626,2,4,4,slouching,slouching,1,0.0029329187,0.167258,0.0052911546,0.006707701,0.6882728,0.1295375
CAP000669,2,5,5,upright,upright,1,0.0052717095,0.034801316,0.001874373,0.0030073612,0.0020377643,0.95300746
CAP000670,2,5,5,upright,upright,1,0.0015500915,0.035790395,0.0012198287,0.0021910355,0.004825186,0.9544234
CAP000671,2,5,5,upright,upright,1,0.0018014556,0.02943796,0.00088646443,0.0020840212,0.0036580944,0.96213204
CAP000672,2,5,5,upright,upright,1,0.0042709946,0.18157351,0.0061667887,0.006921774,0.012119116,0.7889479
CAP000673,2,5,5,upright,upright,1,0.0035168638,0.02168462,0.004662573,0.012458108,0.014325335,0.94335246
CAP000083,3,5,3,upright,leaning_right,0,0.0035597733,0.036700804,0.0024167707,0.88283855,0.057793107,0.016691027
CAP000084,3,5,3,upright,leaning_right,0,0.0034011223,0.053366743,0.0032027068,0.854267,0.068048984,0.017713463
CAP000085,3,5,3,upright,leaning_right,0,0.0035078179,0.063909136,0.0032268013,0.84090334,0.07018371,0.018269144
CAP000086,3,5,3,upright,leaning_right,0,0.0033721272,0.06143698,0.0031754032,0.8469842,0.06746886,0.017562453
CAP000087,3,5,3,upright,leaning_right,0,0.0034078683,0.033219717,0.004393968,0.88545334,0.05736055,0.016164497
CAP000088,3,1,3,leaning_forward,leaning_right,0,0.026584776,0.031077463,0.0055123037,0.86672217,0.017867522,0.05223575
CAP000089,3,1,3,leaning_forward,leaning_right,0,0.025761347,0.05016536,0.005377103,0.8694897,0.01870459,0.030501917
CAP000090,3,1,3,leaning_forward,leaning_right,0,0.028005447,0.042672362,0.0063845045,0.8534471,0.019562,0.049928658
CAP000091,3,1,3,leaning_forward,leaning_right,0,0.0227387,0.040096615,0.004909068,0.8718817,0.017972875,0.04240096
CAP000092,3,1,3,leaning_forward,leaning_right,0,0.022509715,0.04603653,0.005899918,0.86957055,0.020635383,0.035347894
CAP000093,3,0,3,leaning_backward,leaning_right,0,0.003295999,0.08313333,0.0025842567,0.6148527,0.23481385,0.06131983
CAP000094,3,0,4,leaning_backward,slouching,0,0.0038807676,0.12169775,0.0027412837,0.23602723,0.5298188,0.1058342
CAP000095,3,0,3,leaning_backward,leaning_right,0,0.0024798382,0.12250835,0.0022249934,0.4939307,0.30588078,0.072975315
CAP000096,3,0,3,leaning_backward,leaning_right,0,0.003522047,0.13638212,0.0026253168,0.40715098,0.34646636,0.10385317
CAP000097,3,0,3,leaning_backward,leaning_right,0,0.0026925579,0.11399015,0.0024158512,0.54033506,0.2613313,0.07923508
CAP000098,3,2,3,leaning_left,leaning_right,0,0.00066209433,0.010171766,0.0017815398,0.96787006,0.0158486,0.0036659907
CAP000099,3,2,3,leaning_left,leaning_right,0,0.00063083845,0.012405148,0.0016460117,0.95911866,0.02243707,0.0037623222
CAP000100,3,2,3,leaning_left,leaning_right,0,0.0009610065,0.007386402,0.0015398768,0.9708155,0.013609514,0.0056876615
CAP000101,3,2,3,leaning_left,leaning_right,0,0.00069943507,0.0089540575,0.0016370974,0.96352315,0.01926307,0.0059232255
CAP000102,3,2,3,leaning_left,leaning_right,0,0.00092233653,0.016615419,0.0025537934,0.93788266,0.032804813,0.009220982
CAP000103,3,3,1,leaning_right,leaning_forward,0,0.002473824,0.83489865,0.0013966933,0.14742732,0.0035639307,0.01023965
CAP000104,3,3,1,leaning_right,leaning_forward,0,0.0028576965,0.66812515,0.0017289213,0.25560158,0.02642039,0.04526627
CAP000105,3,3,1,leaning_right,leaning_forward,0,0.0026083887,0.7474913,0.001880825,0.20417058,0.03449604,0.009352877
CAP000106,3,3,1,leaning_right,leaning_forward,0,0.0034756511,0.54574746,0.0022119218,0.4167773,0.023305405,0.008482236
CAP000107,3,3,3,leaning_right,leaning_right,1,0.0035225516,0.46365795,0.0024625566,0.5028574,0.019691426,0.007808093
CAP000122,3,5,3,upright,leaning_right,0,0.002736174,0.002556318,0.0035068078,0.97950476,0.010702379,0.0009936073
CAP000123,3,5,3,upright,leaning_right,0,0.00048908393,0.0027735366,0.004123206,0.97613597,0.014369693,0.002108549
CAP000124,3,5,3,upright,leaning_right,0,0.0034842058,0.0023496589,0.0035966118,0.97846645,0.01099373,0.0011094013
CAP000125,3,5,3,upright,leaning_right,0,0.0032736764,0.0021183281,0.0036593575,0.97957885,0.010235319,0.0011343893
CAP000126,3,5,3,upright,leaning_right,0,0.0041862265,0.0030520111,0.0055305827,0.9699744,0.015469178,0.0017876485
CAP000127,3,1,3,leaning_forward,leaning_right,0,0.0097741615,0.019599771,0.22325347,0.69350845,0.016690671,0.03717351
CAP000128,3,1,3,leaning_forward,leaning_right,0,0.007935957,0.008474346,0.09750471,0.85042125,0.010120251,0.025543477
CAP000129,3,1,3,leaning_forward,leaning_right,0,0.0063944375,0.019961856,0.014130893,0.91485965,0.017211637,0.027441509
CAP000130,3,1,3,leaning_forward,leaning_right,0,0.014818667,0.015466991,0.017962106,0.87968135,0.022799328,0.04927154
CAP000131,3,1,3,leaning_forward,leaning_right,0,0.006590562,0.01512725,0.118433625,0.8156751,0.014966749,0.029206783
CAP000132,3,0,4,leaning_backward,slouching,0,0.0037686087,0.08785565,0.037110146,0.27236328,0.31088772,0.28801462
CAP000133,3,0,4,leaning_backward,slouching,0,0.002718824,0.16285473,0.024733122,0.091603324,0.5728707,0.14521937
CAP000134,3,0,4,leaning_backward,slouching,0,0.0026377444,0.13628098,0.027428666,0.08520805,0.5635765,0.18486802
CAP000135,3,0,4,leaning_backward,slouching,0,0.0023737552,0.12634145,0.023205448,0.18689448,0.56920683,0.09197807
CAP000136,3,0,4,leaning_backward,slouching,0,0.0028464433,0.1706863,0.025894076,0.09986533,0.5814167,0.11929114
CAP000137,3,2,3,leaning_left,leaning_right,0,0.0002197858,0.00071079953,0.00095180096,0.99340445,0.0037824858,0.0009307395
CAP000138,3,2,3,leaning_left,leaning_right,0,0.00022936692,0.0008636905,0.0013575804,0.99274653,0.0040897126,0.0007131066
CAP000139,3,2,3,leaning_left,leaning_right,0,0.0017752735,0.0028456147,0.0022021818,0.97483927,0.016798552,0.0015390548
CAP000140,3,2,3,leaning_left,leaning_right,0,0.00059564575,0.002079108,0.0016736386,0.9759823,0.009664584,0.010004738
CAP000141,3,2,3,leaning_left,leaning_right,0,0.00048436844,0.0011038599,0.0013779995,0.9799178,0.006467414,0.010648578
CAP000142,3,3,2,leaning_right,leaning_left,0,0.015943574,0.0053696786,0.94353753,0.02567131,0.002785912,0.006692029
CAP000143,3,3,2,leaning_right,leaning_left,0,0.022892779,0.0057530077,0.8817027,0.07275806,0.011585237,0.005308149
CAP000144,3,3,2,leaning_right,leaning_left,0,0.026904194,0.006627336,0.7971894,0.092758164,0.06960479,0.006916148
CAP000145,3,3,2,leaning_right,leaning_left,0,0.024293603,0.00504886,0.8751997,0.07821386,0.012002523,0.005241434
CAP000146,3,3,2,leaning_right,leaning_left,0,0.028957287,0.0091717485,0.7882555,0.09189084,0.0748725,0.00685216
CAP000147,3,4,2,slouching,leaning_left,0,0.02960947,0.006067794,0.48795983,0.32256043,0.012643298,0.14115922
CAP000148,3,4,3,slouching,leaning_right,0,0.02073671,0.04556324,0.036646713,0.8679115,0.015091486,0.014050367
CAP000149,3,4,3,slouching,leaning_right,0,0.014929323,0.032781184,0.029334549,0.8973733,0.0113121215,0.014269508
CAP000150,3,4,3,slouching,leaning_right,0,0.02194417,0.03562808,0.03885677,0.84497416,0.019505762,0.039091036
CAP000151,3,4,3,slouching,leaning_right,0,0.017947752,0.031210655,0.027524373,0.8576209,0.056151193,0.009545114
CAP000779,3,5,1,upright,leaning_forward,0,0.0010642933,0.7204928,0.001459938,0.00081688317,0.25855064,0.017615438
CAP000781,3,5,1,upright,leaning_forward,0,0.0003333759,0.878745,0.00036287904,0.00018620052,0.11322711,0.0071454477
CAP000783,3,5,1,upright,leaning_forward,0,0.001288855,0.5580277,0.0012894352,0.00074997894,0.42134926,0.017294798
CAP000804,3,4,4,slouching,slouching,1,0.022337405,0.30922952,0.0029475437,0.0021131965,0.65660083,0.0067714965
CAP000805,3,4,4,slouching,slouching,1,0.0044550635,0.06511609,0.00044887737,0.00023220877,0.9293903,0.00035750068
CAP000806,3,4,4,slouching,slouching,1,0.009167848,0.08140731,0.0008602721,0.0005693214,0.90725917,0.0007360578
CAP000807,3,4,4,slouching,slouching,1,0.0030236274,0.03138598,0.000346589,0.000218597,0.964665,0.00036027597
CAP000808,3,4,4,slouching,slouching,1,0.010080438,0.12774648,0.002298011,0.0014375175,0.8533148,0.0051227114
CAP000852,3,5,5,upright,upright,1,0.0036925848,0.1062694,0.18441312,0.31008723,0.007835,0.3877027
CAP000853,3,5,5,upright,upright,1,0.0031303363,0.112588786,0.18339096,0.3069588,0.008762207,0.38516888
CAP000854,3,5,3,upright,leaning_right,0,0.0034510635,0.09241414,0.20655322,0.35078314,0.009310204,0.33748826
CAP000855,3,5,5,upright,upright,1,0.003988323,0.104496285,0.18404046,0.31291887,0.008766253,0.3857898
CAP000856,3,5,3,upright,leaning_right,0,0.003402115,0.113099106,0.20655914,0.33973396,0.0093451245,0.3278606
CAP000857,3,1,5,leaning_forward,upright,0,0.0030033821,0.10493844,0.18051457,0.29868376,0.0065183006,0.40634152
CAP000858,3,1,5,leaning_forward,upright,0,0.003189616,0.08623241,0.19170792,0.28611794,0.007135573,0.42561647
CAP000859,3,1,3,leaning_forward,leaning_right,0,0.006854181,0.10357971,0.1802849,0.37236327,0.006880417,0.33003753
CAP000860,3,1,3,leaning_forward,leaning_right,0,0.003061564,0.09108443,0.18401156,0.36546713,0.007843013,0.3485323
CAP000861,3,1,5,leaning_forward,upright,0,0.006645426,0.071113706,0.17479402,0.351778,0.006587489,0.38908133
CAP000862,3,0,5,leaning_backward,upright,0,0.0033273888,0.08653755,0.19530785,0.33886972,0.0060631777,0.36989433
CAP000863,3,0,5,leaning_backward,upright,0,0.0033995311,0.084628694,0.20190643,0.35073504,0.0062637334,0.35306662
CAP000864,3,0,5,leaning_backward,upright,0,0.0037173466,0.10280105,0.17849094,0.3032737,0.0062389467,0.40547806
CAP000865,3,0,3,leaning_backward,leaning_right,0,0.002965313,0.13127391,0.13907436,0.41151297,0.0066337786,0.30853963
CAP000867,3,2,3,leaning_left,leaning_right,0,0.0002554811,0.016608011,0.008423408,0.9593773,0.00067678874,0.014658991
CAP000868,3,2,3,leaning_left,leaning_right,0,0.0002493749,0.017326036,0.017058406,0.9499478,0.0006726313,0.014745816
CAP000869,3,2,3,leaning_left,leaning_right,0,0.00041590873,0.029906487,0.014068791,0.92989385,0.0011218179,0.024593147
CAP000870,3,3,3,leaning_right,leaning_right,1,0.01737453,0.2179655,0.2899572,0.3943291,0.009660207,0.07071345
CAP000871,3,3,2,leaning_right,leaning_left,0,0.03282847,0.15971436,0.3818897,0.36759925,0.011399559,0.046568695
CAP000872,3,3,3,leaning_right,leaning_right,1,0.010232404,0.14749177,0.11277214,0.68907017,0.0057668947,0.0346666
CAP000873,3,3,3,leaning_right,leaning_right,1,0.009407891,0.14891513,0.0536338,0.747159,0.0067700977,0.034114093
CAP000874,3,3,3,leaning_right,leaning_right,1,0.013444467,0.09429428,0.29118308,0.5380057,0.008576498,0.054495964
CAP000875,3,4,3,slouching,leaning_right,0,0.011321268,0.1367716,0.039768327,0.7921109,0.0039042102,0.016123679
CAP000876,3,4,3,slouching,leaning_right,0,0.008661963,0.02070728,0.030660506,0.91222495,0.003069391,0.024675936
CAP000877,3,4,3,slouching,leaning_right,0,0.0111053195,0.021438567,0.0317433,0.9150346,0.0030770013,0.017601172
CAP000878,3,4,3,slouching,leaning_right,0,0.012319115,0.015905922,0.03217913,0.9177653,0.0031853223,0.018645214
CAP000879,3,4,3,slouching,leaning_right,0,0.010702699,0.03236573,0.029998848,0.9063206,0.0032022963,0.017409854
CAP000157,4,5,1,upright,leaning_forward,0,0.010449857,0.52854776,0.0455076,0.014690415,0.012203371,0.38860098
CAP000158,4,5,5,upright,upright,1,0.011842394,0.088895716,0.073629655,0.013279116,0.0135256,0.79882747
CAP000159,4,5,5,upright,upright,1,0.006016172,0.29582715,0.024577284,0.0071611786,0.011847572,0.6545707
CAP000160,4,5,5,upright,upright,1,0.004315545,0.021610275,0.02538302,0.0035104614,0.008652225,0.93652844
CAP000161,4,5,5,upright,upright,1,0.0066922223,0.035123423,0.035136916,0.0064988877,0.0058636623,0.9106849
CAP000162,4,1,1,leaning_forward,leaning_forward,1,0.002979323,0.9748206,0.0014956386,0.0027179704,0.014701856,0.0032845926
CAP000163,4,1,1,leaning_forward,leaning_forward,1,0.004330381,0.926033,0.0012435403,0.0032773018,0.057559635,0.007556093
CAP000164,4,1,1,leaning_forward,leaning_forward,1,0.0046237186,0.92097604,0.0013750424,0.0034849641,0.062307883,0.007232361
CAP000165,4,1,1,leaning_forward,leaning_forward,1,0.003681727,0.9727759,0.0010976851,0.0022125067,0.014986432,0.005245755
CAP000166,4,1,1,leaning_forward,leaning_forward,1,0.0029210488,0.95917183,0.0008857671,0.0018804593,0.030171365,0.0049695587
CAP000167,4,0,2,leaning_backward,leaning_left,0,0.034156267,0.004568978,0.7027062,0.0044020806,0.0013286166,0.2528379
CAP000168,4,0,2,leaning_backward,leaning_left,0,0.013079185,0.0025615348,0.8996835,0.002043696,0.0013120468,0.08132013
CAP000169,4,0,2,leaning_backward,leaning_left,0,0.016991982,0.005638187,0.9037818,0.0026058059,0.0015524746,0.0694297
CAP000170,4,0,2,leaning_backward,leaning_left,0,0.025111685,0.0067685386,0.8191319,0.004012531,0.0020557428,0.14291959
CAP000171,4,0,2,leaning_backward,leaning_left,0,0.019124111,0.0048665158,0.83226144,0.003914646,0.0018503765,0.1379829
CAP000172,4,2,2,leaning_left,leaning_left,1,0.008346964,0.0030043165,0.973096,0.0012726258,0.00038127357,0.013898828
CAP000173,4,2,2,leaning_left,leaning_left,1,0.0056475783,0.0014758407,0.98405105,0.00071190624,0.00017983105,0.00793377
CAP000174,4,2,2,leaning_left,leaning_left,1,0.004942701,0.0011851904,0.9891816,0.00062166166,0.00012025171,0.003948616
CAP000175,4,2,2,leaning_left,leaning_left,1,0.0052654594,0.0025240819,0.9727413,0.0006405592,0.00031481878,0.018513713
CAP000176,4,2,2,leaning_left,leaning_left,1,0.0033102557,0.0009857,0.99253476,0.0004183021,0.00014247751,0.002608461
CAP000177,4,3,3,leaning_right,leaning_right,1,0.0007710245,0.0031874862,0.41271973,0.5799236,0.00073537306,0.0026627313
CAP000178,4,3,3,leaning_right,leaning_right,1,0.0010899011,0.0017257719,0.037700392,0.9497397,0.0025573014,0.007186925
CAP000179,4,3,3,leaning_right,leaning_right,1,0.00065756077,0.00032167963,0.024164228,0.9700614,0.00043008928,0.0043650805
CAP000180,4,3,3,leaning_right,leaning_right,1,0.00073677296,0.0006519639,0.024309134,0.9701028,0.0012248877,0.0029744157
CAP000182,4,4,1,slouching,leaning_forward,0,0.0026614198,0.77573746,0.0029107817,0.0077267704,0.044243544,0.16672003
CAP000183,4,4,1,slouching,leaning_forward,0,0.0040120455,0.7880836,0.0035778466,0.009497521,0.030080479,0.16474849
CAP000184,4,4,1,slouching,leaning_forward,0,0.004193695,0.5075691,0.006247086,0.015679125,0.062329035,0.40398198
CAP000185,4,4,1,slouching,leaning_forward,0,0.004099088,0.6081477,0.0074158097,0.01728349,0.083899304,0.27915466
CAP000186,4,4,1,slouching,leaning_forward,0,0.0048759803,0.46897885,0.008204103,0.019035773,0.055901315,0.44300398
CAP000379,4,5,3,upright,leaning_right,0,0.0075452905,0.009019406,0.00046419355,0.96920186,0.002417147,0.011352085
CAP000381,4,5,3,upright,leaning_right,0,0.010598077,0.017294444,0.00076255045,0.9368371,0.008628399,0.025879417
CAP000382,4,5,3,upright,leaning_right,0,0.009758936,0.01480509,0.00067781826,0.9519957,0.008366731,0.01439575
CAP000383,4,5,3,upright,leaning_right,0,0.006787408,0.009576541,0.0003594254,0.9704681,0.002350166,0.010458385
CAP000384,4,1,4,leaning_forward,slouching,0,0.009316174,0.049347084,0.00084956485,0.0013426183,0.9356527,0.0034919116
CAP000388,4,1,4,leaning_forward,slouching,0,0.027506068,0.08465251,0.003796038,0.022362407,0.842318,0.019364946
CAP000389,4,0,0,leaning_backward,leaning_backward,1,0.9791052,0.008582866,0.0019446878,0.002825287,0.0065997075,0.0009422438
CAP000390,4,0,0,leaning_backward,leaning_backward,1,0.86645085,0.049700063,0.0090358,0.016342156,0.015857104,0.042614
CAP000391,4,0,0,leaning_backward,leaning_backward,1,0.9068242,0.039594892,0.0054343226,0.022080882,0.018169826,0.007895918
CAP000392,4,0,0,leaning_backward,leaning_backward,1,0.949597,0.025724387,0.004029095,0.008222608,0.009756965,0.002669882
CAP000393,4,0,0,leaning_backward,leaning_backward,1,0.9576053,0.019823095,0.0028343508,0.010499578,0.006793596,0.0024440796
CAP000394,4,2,2,leaning_left,leaning_left,1,0.003943339,0.00093204423,0.992007,0.0024158356,0.0004245991,0.00027711733
CAP000395,4,2,2,leaning_left,leaning_left,1,0.0032708712,0.0006944499,0.99302095,0.002268476,0.0003390783,0.0004061798
CAP000396,4,2,2,leaning_left,leaning_left,1,0.0027340201,0.0012864148,0.99266666,0.0023070353,0.0006937226,0.00031209958
CAP000397,4,2,2,leaning_left,leaning_left,1,0.002703712,0.0012862181,0.9925148,0.0020487132,0.0010969422,0.00034959847
CAP000398,4,2,2,leaning_left,leaning_left,1,0.0052912114,0.0010768545,0.98850775,0.0037617364,0.00080206955,0.0005603621
CAP000404,4,4,4,slouching,slouching,1,0.047829863,0.25036415,0.008237329,0.17197695,0.48343435,0.038157284
CAP000405,4,4,3,slouching,leaning_right,0,0.0026450274,0.0036042351,0.0005748119,0.95856637,0.031347014,0.0032625026
CAP000406,4,4,3,slouching,leaning_right,0,0.0024370733,0.0035712495,0.00044412166,0.96994317,0.021290299,0.0023140714
CAP000407,4,4,3,slouching,leaning_right,0,0.012614414,0.03316237,0.0024948057,0.79692686,0.14349325,0.0113083515
CAP000408,4,4,3,slouching,leaning_right,0,0.051245186,0.01529097,0.0014459718,0.88005716,0.03914228,0.012818415
CAP000488,4,5,0,upright,leaning_backward,0,0.48840228,0.3675477,0.006137366,0.007573617,0.05024385,0.08009518
CAP000489,4,5,0,upright,leaning_backward,0,0.9136116,0.050324935,0.0015318239,0.0020058341,0.00798691,0.024538944
CAP000490,4,5,0,upright,leaning_backward,0,0.5511112,0.33817226,0.019197108,0.005590393,0.026143694,0.059785344
CAP000491,4,5,0,upright,leaning_backward,0,0.60108536,0.32797775,0.0019597693,0.0024183898,0.030375047,0.036183674
CAP000492,4,5,0,upright,leaning_backward,0,0.87738514,0.09596123,0.0013783401,0.0015135274,0.0062219836,0.017539779
CAP000493,4,1,5,leaning_forward,upright,0,0.000360167,0.0059252097,0.00012764627,0.00022305193,0.0054365266,0.9879274
CAP000494,4,1,5,leaning_forward,upright,0,0.013313048,0.19142155,0.0021442804,0.008298751,0.14481387,0.64000857
CAP000495,4,1,4,leaning_forward,slouching,0,0.003956463,0.06303276,0.00086146465,0.0010846045,0.6069216,0.32414314
CAP000496,4,1,1,leaning_forward,leaning_forward,1,0.018787423,0.6051674,0.0028981513,0.004065334,0.11745178,0.25162992
CAP000502,4,2,2,leaning_left,leaning_left,1,0.0026603567,0.00039264967,0.9957432,0.00016508906,0.00018031988,0.00085839164
CAP000503,4,2,2,leaning_left,leaning_left,1,0.001539762,0.00041409183,0.99713564,0.00013869915,0.00016340043,0.0006084335
CAP000504,4,2,2,leaning_left,leaning_left,1,0.0046063713,0.00038418913,0.9942023,0.0002323704,0.00020644185,0.00036824288
CAP000505,4,2,2,leaning_left,leaning_left,1,0.0137171745,0.000878699,0.98310477,0.0008888631,0.0004442288,0.0009662325
CAP000506,4,2,2,leaning_left,leaning_left,1,0.0052690627,0.0003995942,0.99332595,0.00022358466,0.00018082987,0.00060094905
CAP000507,4,3,3,leaning_right,leaning_right,1,0.00055996067,0.0014637966,0.016563285,0.97854334,0.0018433793,0.001026231
CAP000508,4,3,3,leaning_right,leaning_right,1,0.0006489492,0.00041689456,0.0044640284,0.9932191,0.00054124783,0.00070985034
CAP000509,4,3,3,leaning_right,leaning_right,1,0.00054486305,0.0003551632,0.011238616,0.98311996,0.0007764472,0.0039649345
CAP000510,4,3,3,leaning_right,leaning_right,1,0.0006614562,0.0010319456,0.017281013,0.97783524,0.001300544,0.0018897825
CAP000511,4,4,5,slouching,upright,0,0.0050923615,0.024970083,0.008881168,0.0071656937,0.12438276,0.82950795
CAP000512,4,4,1,slouching,leaning_forward,0,0.057741456,0.5284244,0.0142394975,0.00966466,0.12366229,0.26626766
CAP000513,4,4,5,slouching,upright,0,0.004445125,0.09676079,0.0050312616,0.007729565,0.2272226,0.6588106
