capture_id,subject_id,session_id,calibration_id,primary_posture,head_state,shoulder_state,pelvis_state,repetition,subset,quality,notes
CAP000001,S001,SE01,CAL_001,upright,,,,1,controlled,pending,
CAP000002,S001,SE01,CAL_001,upright,,,,1,controlled,pending,
CAP000003,S001,SE01,CAL_001,upright,,,,1,controlled,pending,
CAP000004,S001,SE01,CAL_001,upright,,,,1,controlled,pending,
CAP000005,S001,SE01,CAL_001,upright,,,,1,controlled,pending,
CAP000006,S001,SE01,CAL_001,leaning_forward,,,,1,controlled,pending,
CAP000007,S001,SE01,CAL_001,leaning_forward,,,,1,controlled,pending,
CAP000008,S001,SE01,CAL_001,leaning_forward,,,,1,controlled,pending,
CAP000009,S001,SE01,CAL_001,leaning_forward,,,,1,controlled,pending,
CAP000010,S001,SE01,CAL_001,leaning_forward,,,,1,controlled,pending,
CAP000011,S001,SE01,CAL_001,upright,,,,1,controlled,pending,
CAP000012,S001,SE01,CAL_001,upright,,,,2,controlled,pending,
CAP000013,S001,SE01,CAL_001,upright,,,,3,controlled,pending,
CAP000014,S001,SE01,CAL_001,upright,,,,4,controlled,pending,
CAP000015,S001,SE01,CAL_001,upright,,,,5,controlled,pending,
CAP000016,S001,SE01,CAL_001,leaning_forward,,,,1,controlled,pending,
CAP000017,S001,SE01,CAL_001,leaning_forward,,,,2,controlled,pending,
CAP000018,S001,SE01,CAL_001,leaning_forward,,,,3,controlled,pending,
CAP000019,S001,SE01,CAL_001,leaning_forward,,,,4,controlled,pending,
CAP000020,S001,SE01,CAL_001,leaning_forward,,,,5,controlled,pending,
CAP000021,S001,SE01,CAL_001,leaning_backward,,,,1,controlled,pending,
CAP000022,S001,SE01,CAL_001,leaning_backward,,,,2,controlled,pending,
CAP000023,S001,SE01,CAL_001,leaning_backward,,,,3,controlled,pending,
CAP000024,S001,SE01,CAL_001,leaning_backward,,,,4,controlled,pending,
CAP000025,S001,SE01,CAL_001,leaning_backward,,,,5,controlled,pending,
CAP000026,S001,SE01,CAL_001,leaning_left,,,,1,controlled,pending,
CAP000027,S001,SE01,CAL_001,leaning_left,,,,2,controlled,pending,
CAP000028,S001,SE01,CAL_001,leaning_left,,,,3,controlled,pending,
CAP000029,S001,SE01,CAL_001,leaning_left,,,,4,controlled,pending,
CAP000030,S001,SE01,CAL_001,leaning_left,,,,5,controlled,pending,
CAP000031,S001,SE01,CAL_001,leaning_right,,,,1,controlled,pending,
CAP000032,S001,SE01,CAL_001,leaning_right,,,,2,controlled,pending,
CAP000033,S001,SE01,CAL_001,leaning_right,,,,3,controlled,pending,
CAP000034,S001,SE01,CAL_001,leaning_right,,,,4,controlled,pending,
CAP000035,S001,SE01,CAL_001,leaning_right,,,,5,controlled,pending,
CAP000036,S001,SE01,CAL_001,slouching,,,,1,controlled,pending,
CAP000037,S001,SE01,CAL_001,slouching,,,,2,controlled,pending,
CAP000038,S001,SE01,CAL_001,slouching,,,,3,controlled,pending,
CAP000039,S001,SE01,CAL_001,slouching,,,,4,controlled,pending,
CAP000040,S001,SE01,CAL_001,slouching,,,,5,controlled,pending,
CAP000041,S001,SE01,CAL_001,forward_head,,,,1,controlled,pending,
CAP000042,S001,SE01,CAL_001,forward_head,,,,2,controlled,pending,
CAP000043,S001,SE01,CAL_001,forward_head,,,,3,controlled,pending,
CAP000044,S001,SE01,CAL_001,forward_head,,,,4,controlled,pending,
CAP000045,S001,SE01,CAL_001,forward_head,,,,5,controlled,pending,
CAP000046,S001,SE01,CAL_001,reject,,,,1,controlled,pending,
CAP000047,S001,SE01,CAL_001,reject,,,,2,controlled,pending,
CAP000048,S002,SE01,CAL_001,upright,,,,1,controlled,pending,
CAP000049,S002,SE01,CAL_001,upright,,,,2,controlled,pending,
CAP000050,S002,SE01,CAL_001,upright,,,,3,controlled,pending,
CAP000051,S002,SE01,CAL_001,upright,,,,4,controlled,pending,
CAP000052,S002,SE01,CAL_001,upright,,,,5,controlled,pending,
CAP000053,S002,SE01,CAL_001,leaning_forward,,,,1,controlled,pending,
CAP000054,S002,SE01,CAL_001,leaning_forward,,,,2,controlled,pending,
CAP000055,S002,SE01,CAL_001,leaning_forward,,,,3,controlled,pending,
CAP000056,S002,SE01,CAL_001,leaning_forward,,,,4,controlled,pending,
CAP000057,S002,SE01,CAL_001,leaning_forward,,,,5,controlled,pending,
CAP000058,S002,SE01,CAL_001,leaning_backward,,,,1,controlled,pending,
CAP000059,S002,SE01,CAL_001,leaning_backward,,,,2,controlled,pending,
CAP000060,S002,SE01,CAL_001,leaning_backward,,,,3,controlled,pending,
CAP000061,S002,SE01,CAL_001,leaning_backward,,,,4,controlled,pending,
CAP000062,S002,SE01,CAL_001,leaning_backward,,,,5,controlled,pending,
CAP000063,S002,SE01,CAL_001,leaning_left,,,,1,controlled,pending,
CAP000064,S002,SE01,CAL_001,leaning_left,,,,2,controlled,pending,
CAP000065,S002,SE01,CAL_001,leaning_left,,,,3,controlled,pending,
CAP000066,S002,SE01,CAL_001,leaning_left,,,,4,controlled,pending,
CAP000067,S002,SE01,CAL_001,leaning_left,,,,5,controlled,pending,
CAP000068,S002,SE01,CAL_001,leaning_right,,,,1,controlled,pending,
CAP000069,S002,SE01,CAL_001,leaning_right,,,,2,controlled,pending,
CAP000070,S002,SE01,CAL_001,leaning_right,,,,3,controlled,pending,
CAP000071,S002,SE01,CAL_001,leaning_right,,,,4,controlled,pending,
CAP000072,S002,SE01,CAL_001,leaning_right,,,,5,controlled,pending,
CAP000073,S002,SE01,CAL_001,slouching,,,,5,controlled,pending,
CAP000074,S002,SE01,CAL_001,slouching,,,,1,controlled,pending,
CAP000075,S002,SE01,CAL_001,slouching,,,,2,controlled,pending,
CAP000076,S002,SE01,CAL_001,slouching,,,,3,controlled,pending,
CAP000077,S002,SE01,CAL_001,slouching,,,,4,controlled,pending,
CAP000078,S002,SE01,CAL_001,forward_head,,,,1,controlled,pending,
CAP000079,S002,SE01,CAL_001,forward_head,,,,2,controlled,pending,
CAP000080,S002,SE01,CAL_001,forward_head,,,,3,controlled,pending,
CAP000081,S002,SE01,CAL_001,forward_head,,,,4,controlled,pending,
CAP000082,S002,SE01,CAL_001,forward_head,,,,5,controlled,pending,
CAP000083,S003,SE01,CAL_004,upright,,,,1,controlled,pending,
CAP000084,S003,SE01,CAL_004,upright,,,,2,controlled,pending,
CAP000085,S003,SE01,CAL_004,upright,,,,3,controlled,pending,
CAP000086,S003,SE01,CAL_004,upright,,,,4,controlled,pending,
CAP000087,S003,SE01,CAL_004,upright,,,,5,controlled,pending,
CAP000088,S003,SE01,CAL_004,leaning_forward,,,,1,controlled,pending,
CAP000089,S003,SE01,CAL_004,leaning_forward,,,,2,controlled,pending,
CAP000090,S003,SE01,CAL_004,leaning_forward,,,,3,controlled,pending,
CAP000091,S003,SE01,CAL_004,leaning_forward,,,,4,controlled,pending,
CAP000092,S003,SE01,CAL_004,leaning_forward,,,,5,controlled,pending,
CAP000093,S003,SE01,CAL_004,leaning_backward,,,,1,controlled,pending,
CAP000094,S003,SE01,CAL_004,leaning_backward,,,,2,controlled,pending,
CAP000095,S003,SE01,CAL_004,leaning_backward,,,,3,controlled,pending,
CAP000096,S003,SE01,CAL_004,leaning_backward,,,,4,controlled,pending,
CAP000097,S003,SE01,CAL_004,leaning_backward,,,,5,controlled,pending,
CAP000098,S003,SE01,CAL_004,leaning_left,,,,1,controlled,pending,
CAP000099,S003,SE01,CAL_004,leaning_left,,,,2,controlled,pending,
CAP000100,S003,SE01,CAL_004,leaning_left,,,,3,controlled,pending,
CAP000101,S003,SE01,CAL_004,leaning_left,,,,4,controlled,pending,
CAP000102,S003,SE01,CAL_004,leaning_left,,,,5,controlled,pending,
CAP000103,S003,SE01,CAL_004,leaning_right,,,,1,controlled,pending,
CAP000104,S003,SE01,CAL_004,leaning_right,,,,2,controlled,pending,
CAP000105,S003,SE01,CAL_004,leaning_right,,,,3,controlled,pending,
CAP000106,S003,SE01,CAL_004,leaning_right,,,,4,controlled,pending,
CAP000107,S003,SE01,CAL_004,leaning_right,,,,5,controlled,pending,
CAP000108,S003,SE01,CAL_004,slouching,,,,1,controlled,pending,
CAP000109,S003,SE01,CAL_004,slouching,,,,2,controlled,pending,
CAP000110,S003,SE01,CAL_004,slouching,,,,3,controlled,pending,
CAP000111,S003,SE01,CAL_004,slouching,,,,4,controlled,pending,
CAP000112,S003,SE01,CAL_004,slouching,,,,5,controlled,pending,
CAP000113,S003,SE01,CAL_004,forward_head,,,,1,controlled,pending,
CAP000114,S003,SE01,CAL_004,forward_head,,,,2,controlled,pending,
CAP000115,S003,SE01,CAL_004,forward_head,,,,3,controlled,pending,
CAP000116,S003,SE01,CAL_004,forward_head,,,,4,controlled,pending,
CAP000117,S003,SE01,CAL_004,forward_head,,,,5,controlled,pending,
CAP000118,S003,SE01,CAL_004,reject,,,,1,controlled,pending,
CAP000119,S003,SE01,CAL_004,reject,,,,1,controlled,pending,
CAP000120,S003,SE01,CAL_004,reject,,,,1,controlled,pending,
CAP000121,S003,SE01,CAL_004,reject,,,,2,controlled,pending,
CAP000122,S004,SE01,CAL_004,upright,,,,1,controlled,pending,
CAP000123,S004,SE01,CAL_004,upright,,,,2,controlled,pending,
CAP000124,S004,SE01,CAL_004,upright,,,,3,controlled,pending,
CAP000125,S004,SE01,CAL_004,upright,,,,4,controlled,pending,
CAP000126,S004,SE01,CAL_004,upright,,,,5,controlled,pending,
CAP000127,S004,SE01,CAL_004,leaning_forward,,,,1,controlled,pending,
CAP000128,S004,SE01,CAL_004,leaning_forward,,,,2,controlled,pending,
CAP000129,S004,SE01,CAL_004,leaning_forward,,,,3,controlled,pending,
CAP000130,S004,SE01,CAL_004,leaning_forward,,,,4,controlled,pending,
CAP000131,S004,SE01,CAL_004,leaning_forward,,,,5,controlled,pending,
CAP000132,S004,SE01,CAL_004,leaning_backward,,,,1,controlled,pending,
CAP000133,S004,SE01,CAL_004,leaning_backward,,,,2,controlled,pending,
CAP000134,S004,SE01,CAL_004,leaning_backward,,,,3,controlled,pending,
CAP000135,S004,SE01,CAL_004,leaning_backward,,,,4,controlled,pending,
CAP000136,S004,SE01,CAL_004,leaning_backward,,,,5,controlled,pending,
CAP000137,S004,SE01,CAL_004,leaning_left,,,,1,controlled,pending,
CAP000138,S004,SE01,CAL_004,leaning_left,,,,2,controlled,pending,
CAP000139,S004,SE01,CAL_004,leaning_left,,,,3,controlled,pending,
CAP000140,S004,SE01,CAL_004,leaning_left,,,,4,controlled,pending,
CAP000141,S004,SE01,CAL_004,leaning_left,,,,5,controlled,pending,
CAP000142,S004,SE01,CAL_004,leaning_right,,,,1,controlled,pending,
CAP000143,S004,SE01,CAL_004,leaning_right,,,,2,controlled,pending,
CAP000144,S004,SE01,CAL_004,leaning_right,,,,3,controlled,pending,
CAP000145,S004,SE01,CAL_004,leaning_right,,,,4,controlled,pending,
CAP000146,S004,SE01,CAL_004,leaning_right,,,,5,controlled,pending,
CAP000147,S004,SE01,CAL_004,slouching,,,,1,controlled,pending,
CAP000148,S004,SE01,CAL_004,slouching,,,,2,controlled,pending,
CAP000149,S004,SE01,CAL_004,slouching,,,,3,controlled,pending,
CAP000150,S004,SE01,CAL_004,slouching,,,,4,controlled,pending,
CAP000151,S004,SE01,CAL_004,slouching,,,,5,controlled,pending,
CAP000152,S004,SE01,CAL_004,forward_head,,,,1,controlled,pending,
CAP000153,S004,SE01,CAL_004,forward_head,,,,2,controlled,pending,
CAP000154,S004,SE01,CAL_004,forward_head,,,,3,controlled,pending,
CAP000155,S004,SE01,CAL_004,forward_head,,,,4,controlled,pending,
CAP000156,S004,SE01,CAL_004,forward_head,,,,5,controlled,pending,
