image_id,capture_id,camera_id,image_path,timestamp,width,height,blur_score,exposure_status,annotation_status,view_role,lateral_side
S001_SE01_CAP000001_CAM01,CAP000001,CAM01,02_data\private_raw\S001\SE01\CAM01\S001_SE01_CAP000001_CAM01.jpg,2026-08-28T13:39:52.892+00:00,1920,1080,215.08,auto,unannotated,frontal,none
S001_SE01_CAP000001_CAM02,CAP000001,CAM02,02_data\private_raw\S001\SE01\CAM02\S001_SE01_CAP000001_CAM02.jpg,2026-08-28T13:39:52.926+00:00,1920,1080,277.59,auto,unannotated,lateral,left
S001_SE01_CAP000002_CAM01,CAP000002,CAM01,02_data\private_raw\S001\SE01\CAM01\S001_SE01_CAP000002_CAM01.jpg,2026-08-28T13:39:54.229+00:00,1920,1080,232.02,auto,unannotated,frontal,none
S001_SE01_CAP000002_CAM02,CAP000002,CAM02,02_data\private_raw\S001\SE01\CAM02\S001_SE01_CAP000002_CAM02.jpg,2026-08-28T13:39:54.283+00:00,1920,1080,276.46,auto,unannotated,lateral,left
S001_SE01_CAP000003_CAM01,CAP000003,CAM01,02_data\private_raw\S001\SE01\CAM01\S001_SE01_CAP000003_CAM01.jpg,2026-08-28T13:39:55.490+00:00,1920,1080,218.49,auto,unannotated,frontal,none
S001_SE01_CAP000003_CAM02,CAP000003,CAM02,02_data\private_raw\S001\SE01\CAM02\S001_SE01_CAP000003_CAM02.jpg,2026-08-28T13:39:55.547+00:00,1920,1080,274.77,auto,unannotated,lateral,left
S001_SE01_CAP000004_CAM01,CAP000004,CAM01,02_data\private_raw\S001\SE01\CAM01\S001_SE01_CAP000004_CAM01.jpg,2026-08-28T13:39:56.754+00:00,1920,1080,229.22,auto,unannotated,frontal,none
S001_SE01_CAP000004_CAM02,CAP000004,CAM02,02_data\private_raw\S001\SE01\CAM02\S001_SE01_CAP000004_CAM02.jpg,2026-08-28T13:39:56.808+00:00,1920,1080,275.14,auto,unannotated,lateral,left
S001_SE01_CAP000005_CAM01,CAP000005,CAM01,02_data\private_raw\S001\SE01\CAM01\S001_SE01_CAP000005_CAM01.jpg,2026-08-28T13:39:58.020+00:00,1920,1080,217.35,auto,unannotated,frontal,none
S001_SE01_CAP000005_CAM02,CAP000005,CAM02,02_data\private_raw\S001\SE01\CAM02\S001_SE01_CAP000005_CAM02.jpg,2026-08-28T13:39:58.070+00:00,1920,1080,275.91,auto,unannotated,lateral,left
S001_SE01_CAP000006_CAM01,CAP000006,CAM01,02_data\private_raw\S001\SE01\CAM01\S001_SE01_CAP000006_CAM01.jpg,2026-08-28T13:40:07.909+00:00,1920,1080,194.36,auto,unannotated,frontal,none
S001_SE01_CAP000006_CAM02,CAP000006,CAM02,02_data\private_raw\S001\SE01\CAM02\S001_SE01_CAP000006_CAM02.jpg,2026-08-28T13:40:07.941+00:00,1920,1080,192.64,auto,unannotated,lateral,left
S001_SE01_CAP000007_CAM01,CAP000007,CAM01,02_data\private_raw\S001\SE01\CAM01\S001_SE01_CAP000007_CAM01.jpg,2026-08-28T13:40:09.238+00:00,1920,1080,206.31,auto,unannotated,frontal,none
S001_SE01_CAP000007_CAM02,CAP000007,CAM02,02_data\private_raw\S001\SE01\CAM02\S001_SE01_CAP000007_CAM02.jpg,2026-08-28T13:40:09.205+00:00,1920,1080,188.39,auto,unannotated,lateral,left
S001_SE01_CAP000008_CAM01,CAP000008,CAM01,02_data\private_raw\S001\SE01\CAM01\S001_SE01_CAP000008_CAM01.jpg,2026-08-28T13:40:10.365+00:00,1920,1080,204.2,auto,unannotated,frontal,none
S001_SE01_CAP000008_CAM02,CAP000008,CAM02,02_data\private_raw\S001\SE01\CAM02\S001_SE01_CAP000008_CAM02.jpg,2026-08-28T13:40:10.404+00:00,1920,1080,186.35,auto,unannotated,lateral,left
S001_SE01_CAP000009_CAM01,CAP000009,CAM01,02_data\private_raw\S001\SE01\CAM01\S001_SE01_CAP000009_CAM01.jpg,2026-08-28T13:40:11.633+00:00,1920,1080,176.57,auto,unannotated,frontal,none
S001_SE01_CAP000009_CAM02,CAP000009,CAM02,02_data\private_raw\S001\SE01\CAM02\S001_SE01_CAP000009_CAM02.jpg,2026-08-28T13:40:11.686+00:00,1920,1080,190.32,auto,unannotated,lateral,left
S001_SE01_CAP000010_CAM01,CAP000010,CAM01,02_data\private_raw\S001\SE01\CAM01\S001_SE01_CAP000010_CAM01.jpg,2026-08-28T13:40:12.900+00:00,1920,1080,212.98,auto,unannotated,frontal,none
S001_SE01_CAP000010_CAM02,CAP000010,CAM02,02_data\private_raw\S001\SE01\CAM02\S001_SE01_CAP000010_CAM02.jpg,2026-08-28T13:40:12.885+00:00,1920,1080,186.03,auto,unannotated,lateral,left
S001_SE01_CAP000011_CAM01,CAP000011,CAM01,02_data\private_raw\S001\SE01\CAM01\S001_SE01_CAP000011_CAM01.jpg,2026-08-28T13:46:56.368+00:00,1920,1080,221.67,auto,unannotated,frontal,none
S001_SE01_CAP000011_CAM02,CAP000011,CAM02,02_data\private_raw\S001\SE01\CAM02\S001_SE01_CAP000011_CAM02.jpg,2026-08-28T13:46:56.392+00:00,1920,1080,194.66,auto,unannotated,lateral,left
S001_SE01_CAP000012_CAM01,CAP000012,CAM01,02_data\private_raw\S001\SE01\CAM01\S001_SE01_CAP000012_CAM01.jpg,2026-08-28T13:47:00.869+00:00,1920,1080,237.98,auto,unannotated,frontal,none
S001_SE01_CAP000012_CAM02,CAP000012,CAM02,02_data\private_raw\S001\SE01\CAM02\S001_SE01_CAP000012_CAM02.jpg,2026-08-28T13:47:00.857+00:00,1920,1080,224.37,auto,unannotated,lateral,left
S001_SE01_CAP000013_CAM01,CAP000013,CAM01,02_data\private_raw\S001\SE01\CAM01\S001_SE01_CAP000013_CAM01.jpg,2026-08-28T13:47:04.739+00:00,1920,1080,248.05,auto,unannotated,frontal,none
S001_SE01_CAP000013_CAM02,CAP000013,CAM02,02_data\private_raw\S001\SE01\CAM02\S001_SE01_CAP000013_CAM02.jpg,2026-08-28T13:47:04.793+00:00,1920,1080,201.17,auto,unannotated,lateral,left
S001_SE01_CAP000014_CAM01,CAP000014,CAM01,02_data\private_raw\S001\SE01\CAM01\S001_SE01_CAP000014_CAM01.jpg,2026-08-28T13:47:07.923+00:00,1920,1080,231.89,auto,unannotated,frontal,none
S001_SE01_CAP000014_CAM02,CAP000014,CAM02,02_data\private_raw\S001\SE01\CAM02\S001_SE01_CAP000014_CAM02.jpg,2026-08-28T13:47:07.933+00:00,1920,1080,241.2,auto,unannotated,lateral,left
S001_SE01_CAP000015_CAM01,CAP000015,CAM01,02_data\private_raw\S001\SE01\CAM01\S001_SE01_CAP000015_CAM01.jpg,2026-08-28T13:47:11.893+00:00,1920,1080,242.32,auto,unannotated,frontal,none
S001_SE01_CAP000015_CAM02,CAP000015,CAM02,02_data\private_raw\S001\SE01\CAM02\S001_SE01_CAP000015_CAM02.jpg,2026-08-28T13:47:11.861+00:00,1920,1080,237.61,auto,unannotated,lateral,left
S001_SE01_CAP000016_CAM01,CAP000016,CAM01,02_data\private_raw\S001\SE01\CAM01\S001_SE01_CAP000016_CAM01.jpg,2026-08-28T13:47:32.173+00:00,1920,1080,145.9,auto,unannotated,frontal,none
S001_SE01_CAP000016_CAM02,CAP000016,CAM02,02_data\private_raw\S001\SE01\CAM02\S001_SE01_CAP000016_CAM02.jpg,2026-08-28T13:47:32.200+00:00,1920,1080,22.86,auto,unannotated,lateral,left
S001_SE01_CAP000017_CAM01,CAP000017,CAM01,02_data\private_raw\S001\SE01\CAM01\S001_SE01_CAP000017_CAM01.jpg,2026-08-28T13:47:35.632+00:00,1920,1080,179.64,auto,unannotated,frontal,none
S001_SE01_CAP000017_CAM02,CAP000017,CAM02,02_data\private_raw\S001\SE01\CAM02\S001_SE01_CAP000017_CAM02.jpg,2026-08-28T13:47:35.605+00:00,1920,1080,161.45,auto,unannotated,lateral,left
S001_SE01_CAP000018_CAM01,CAP000018,CAM01,02_data\private_raw\S001\SE01\CAM01\S001_SE01_CAP000018_CAM01.jpg,2026-08-28T13:47:38.494+00:00,1920,1080,192.99,auto,unannotated,frontal,none
S001_SE01_CAP000018_CAM02,CAP000018,CAM02,02_data\private_raw\S001\SE01\CAM02\S001_SE01_CAP000018_CAM02.jpg,2026-08-28T13:47:38.469+00:00,1920,1080,30.3,auto,unannotated,lateral,left
S001_SE01_CAP000019_CAM01,CAP000019,CAM01,02_data\private_raw\S001\SE01\CAM01\S001_SE01_CAP000019_CAM01.jpg,2026-08-28T13:47:41.272+00:00,1920,1080,210.38,auto,unannotated,frontal,none
S001_SE01_CAP000019_CAM02,CAP000019,CAM02,02_data\private_raw\S001\SE01\CAM02\S001_SE01_CAP000019_CAM02.jpg,2026-08-28T13:47:41.277+00:00,1920,1080,206.03,auto,unannotated,lateral,left
S001_SE01_CAP000020_CAM01,CAP000020,CAM01,02_data\private_raw\S001\SE01\CAM01\S001_SE01_CAP000020_CAM01.jpg,2026-08-28T13:47:44.211+00:00,1920,1080,211.86,auto,unannotated,frontal,none
S001_SE01_CAP000020_CAM02,CAP000020,CAM02,02_data\private_raw\S001\SE01\CAM02\S001_SE01_CAP000020_CAM02.jpg,2026-08-28T13:47:44.214+00:00,1920,1080,206.8,auto,unannotated,lateral,left
S001_SE01_CAP000021_CAM01,CAP000021,CAM01,02_data\private_raw\S001\SE01\CAM01\S001_SE01_CAP000021_CAM01.jpg,2026-08-28T13:47:56.901+00:00,1920,1080,242.44,auto,unannotated,frontal,none
S001_SE01_CAP000021_CAM02,CAP000021,CAM02,02_data\private_raw\S001\SE01\CAM02\S001_SE01_CAP000021_CAM02.jpg,2026-08-28T13:47:56.898+00:00,1920,1080,193.85,auto,unannotated,lateral,left
S001_SE01_CAP000022_CAM01,CAP000022,CAM01,02_data\private_raw\S001\SE01\CAM01\S001_SE01_CAP000022_CAM01.jpg,2026-08-28T13:47:59.302+00:00,1920,1080,256.0,auto,unannotated,frontal,none
S001_SE01_CAP000022_CAM02,CAP000022,CAM02,02_data\private_raw\S001\SE01\CAM02\S001_SE01_CAP000022_CAM02.jpg,2026-08-28T13:47:59.290+00:00,1920,1080,257.35,auto,unannotated,lateral,left
S001_SE01_CAP000023_CAM01,CAP000023,CAM01,02_data\private_raw\S001\SE01\CAM01\S001_SE01_CAP000023_CAM01.jpg,2026-08-28T13:48:02.355+00:00,1920,1080,244.81,auto,unannotated,frontal,none
S001_SE01_CAP000023_CAM02,CAP000023,CAM02,02_data\private_raw\S001\SE01\CAM02\S001_SE01_CAP000023_CAM02.jpg,2026-08-28T13:48:02.399+00:00,1920,1080,256.31,auto,unannotated,lateral,left
S001_SE01_CAP000024_CAM01,CAP000024,CAM01,02_data\private_raw\S001\SE01\CAM01\S001_SE01_CAP000024_CAM01.jpg,2026-08-28T13:48:05.397+00:00,1920,1080,251.76,auto,unannotated,frontal,none
S001_SE01_CAP000024_CAM02,CAP000024,CAM02,02_data\private_raw\S001\SE01\CAM02\S001_SE01_CAP000024_CAM02.jpg,2026-08-28T13:48:05.357+00:00,1920,1080,269.43,auto,unannotated,lateral,left
S001_SE01_CAP000025_CAM01,CAP000025,CAM01,02_data\private_raw\S001\SE01\CAM01\S001_SE01_CAP000025_CAM01.jpg,2026-08-28T13:48:08.059+00:00,1920,1080,250.95,auto,unannotated,frontal,none
S001_SE01_CAP000025_CAM02,CAP000025,CAM02,02_data\private_raw\S001\SE01\CAM02\S001_SE01_CAP000025_CAM02.jpg,2026-08-28T13:48:08.024+00:00,1920,1080,272.95,auto,unannotated,lateral,left
S001_SE01_CAP000026_CAM01,CAP000026,CAM01,02_data\private_raw\S001\SE01\CAM01\S001_SE01_CAP000026_CAM01.jpg,2026-08-28T13:48:20.565+00:00,1920,1080,219.32,auto,unannotated,frontal,none
S001_SE01_CAP000026_CAM02,CAP000026,CAM02,02_data\private_raw\S001\SE01\CAM02\S001_SE01_CAP000026_CAM02.jpg,2026-08-28T13:48:20.559+00:00,1920,1080,207.79,auto,unannotated,lateral,left
S001_SE01_CAP000027_CAM01,CAP000027,CAM01,02_data\private_raw\S001\SE01\CAM01\S001_SE01_CAP000027_CAM01.jpg,2026-08-28T13:48:26.526+00:00,1920,1080,212.51,auto,unannotated,frontal,none
S001_SE01_CAP000027_CAM02,CAP000027,CAM02,02_data\private_raw\S001\SE01\CAM02\S001_SE01_CAP000027_CAM02.jpg,2026-08-28T13:48:26.549+00:00,1920,1080,212.19,auto,unannotated,lateral,left
S001_SE01_CAP000028_CAM01,CAP000028,CAM01,02_data\private_raw\S001\SE01\CAM01\S001_SE01_CAP000028_CAM01.jpg,2026-08-28T13:48:29.454+00:00,1920,1080,173.51,auto,unannotated,frontal,none
S001_SE01_CAP000028_CAM02,CAP000028,CAM02,02_data\private_raw\S001\SE01\CAM02\S001_SE01_CAP000028_CAM02.jpg,2026-08-28T13:48:29.416+00:00,1920,1080,213.2,auto,unannotated,lateral,left
S001_SE01_CAP000029_CAM01,CAP000029,CAM01,02_data\private_raw\S001\SE01\CAM01\S001_SE01_CAP000029_CAM01.jpg,2026-08-28T13:48:32.381+00:00,1920,1080,198.44,auto,unannotated,frontal,none
S001_SE01_CAP000029_CAM02,CAP000029,CAM02,02_data\private_raw\S001\SE01\CAM02\S001_SE01_CAP000029_CAM02.jpg,2026-08-28T13:48:32.359+00:00,1920,1080,58.2,auto,unannotated,lateral,left
S001_SE01_CAP000030_CAM01,CAP000030,CAM01,02_data\private_raw\S001\SE01\CAM01\S001_SE01_CAP000030_CAM01.jpg,2026-08-28T13:48:35.303+00:00,1920,1080,224.8,auto,unannotated,frontal,none
S001_SE01_CAP000030_CAM02,CAP000030,CAM02,02_data\private_raw\S001\SE01\CAM02\S001_SE01_CAP000030_CAM02.jpg,2026-08-28T13:48:35.285+00:00,1920,1080,214.5,auto,unannotated,lateral,left
S001_SE01_CAP000031_CAM01,CAP000031,CAM01,02_data\private_raw\S001\SE01\CAM01\S001_SE01_CAP000031_CAM01.jpg,2026-08-28T13:48:49.261+00:00,1920,1080,200.27,auto,unannotated,frontal,none
S001_SE01_CAP000031_CAM02,CAP000031,CAM02,02_data\private_raw\S001\SE01\CAM02\S001_SE01_CAP000031_CAM02.jpg,2026-08-28T13:48:49.223+00:00,1920,1080,182.81,auto,unannotated,lateral,left
S001_SE01_CAP000032_CAM01,CAP000032,CAM01,02_data\private_raw\S001\SE01\CAM01\S001_SE01_CAP000032_CAM01.jpg,2026-08-28T13:48:52.255+00:00,1920,1080,170.75,auto,unannotated,frontal,none
S001_SE01_CAP000032_CAM02,CAP000032,CAM02,02_data\private_raw\S001\SE01\CAM02\S001_SE01_CAP000032_CAM02.jpg,2026-08-28T13:48:52.293+00:00,1920,1080,204.18,auto,unannotated,lateral,left
S001_SE01_CAP000033_CAM01,CAP000033,CAM01,02_data\private_raw\S001\SE01\CAM01\S001_SE01_CAP000033_CAM01.jpg,2026-08-28T13:48:55.783+00:00,1920,1080,218.42,auto,unannotated,frontal,none
S001_SE01_CAP000033_CAM02,CAP000033,CAM02,02_data\private_raw\S001\SE01\CAM02\S001_SE01_CAP000033_CAM02.jpg,2026-08-28T13:48:55.823+00:00,1920,1080,213.79,auto,unannotated,lateral,left
S001_SE01_CAP000034_CAM01,CAP000034,CAM01,02_data\private_raw\S001\SE01\CAM01\S001_SE01_CAP000034_CAM01.jpg,2026-08-28T13:49:00.343+00:00,1920,1080,202.01,auto,unannotated,frontal,none
S001_SE01_CAP000034_CAM02,CAP000034,CAM02,02_data\private_raw\S001\SE01\CAM02\S001_SE01_CAP000034_CAM02.jpg,2026-08-28T13:49:00.300+00:00,1920,1080,200.06,auto,unannotated,lateral,left
S001_SE01_CAP000035_CAM01,CAP000035,CAM01,02_data\private_raw\S001\SE01\CAM01\S001_SE01_CAP000035_CAM01.jpg,2026-08-28T13:49:04.678+00:00,1920,1080,211.06,auto,unannotated,frontal,none
S001_SE01_CAP000035_CAM02,CAP000035,CAM02,02_data\private_raw\S001\SE01\CAM02\S001_SE01_CAP000035_CAM02.jpg,2026-08-28T13:49:04.698+00:00,1920,1080,198.22,auto,unannotated,lateral,left
S001_SE01_CAP000036_CAM01,CAP000036,CAM01,02_data\private_raw\S001\SE01\CAM01\S001_SE01_CAP000036_CAM01.jpg,2026-08-28T13:49:35.778+00:00,1920,1080,204.9,auto,unannotated,frontal,none
S001_SE01_CAP000036_CAM02,CAP000036,CAM02,02_data\private_raw\S001\SE01\CAM02\S001_SE01_CAP000036_CAM02.jpg,2026-08-28T13:49:35.783+00:00,1920,1080,201.5,auto,unannotated,lateral,left
S001_SE01_CAP000037_CAM01,CAP000037,CAM01,02_data\private_raw\S001\SE01\CAM01\S001_SE01_CAP000037_CAM01.jpg,2026-08-28T13:49:39.504+00:00,1920,1080,201.9,auto,unannotated,frontal,none
S001_SE01_CAP000037_CAM02,CAP000037,CAM02,02_data\private_raw\S001\SE01\CAM02\S001_SE01_CAP000037_CAM02.jpg,2026-08-28T13:49:39.508+00:00,1920,1080,194.58,auto,unannotated,lateral,left
S001_SE01_CAP000038_CAM01,CAP000038,CAM01,02_data\private_raw\S001\SE01\CAM01\S001_SE01_CAP000038_CAM01.jpg,2026-08-28T13:49:42.285+00:00,1920,1080,194.9,auto,unannotated,frontal,none
S001_SE01_CAP000038_CAM02,CAP000038,CAM02,02_data\private_raw\S001\SE01\CAM02\S001_SE01_CAP000038_CAM02.jpg,2026-08-28T13:49:42.304+00:00,1920,1080,194.03,auto,unannotated,lateral,left
S001_SE01_CAP000039_CAM01,CAP000039,CAM01,02_data\private_raw\S001\SE01\CAM01\S001_SE01_CAP000039_CAM01.jpg,2026-08-28T13:49:45.014+00:00,1920,1080,163.02,auto,unannotated,frontal,none
S001_SE01_CAP000039_CAM02,CAP000039,CAM02,02_data\private_raw\S001\SE01\CAM02\S001_SE01_CAP000039_CAM02.jpg,2026-08-28T13:49:45.045+00:00,1920,1080,124.91,auto,unannotated,lateral,left
S001_SE01_CAP000040_CAM01,CAP000040,CAM01,02_data\private_raw\S001\SE01\CAM01\S001_SE01_CAP000040_CAM01.jpg,2026-08-28T13:49:48.145+00:00,1920,1080,205.34,auto,unannotated,frontal,none
S001_SE01_CAP000040_CAM02,CAP000040,CAM02,02_data\private_raw\S001\SE01\CAM02\S001_SE01_CAP000040_CAM02.jpg,2026-08-28T13:49:48.129+00:00,1920,1080,200.57,auto,unannotated,lateral,left
S001_SE01_CAP000041_CAM01,CAP000041,CAM01,02_data\private_raw\S001\SE01\CAM01\S001_SE01_CAP000041_CAM01.jpg,2026-08-28T13:50:06.606+00:00,1920,1080,198.04,auto,unannotated,frontal,none
S001_SE01_CAP000041_CAM02,CAP000041,CAM02,02_data\private_raw\S001\SE01\CAM02\S001_SE01_CAP000041_CAM02.jpg,2026-08-28T13:50:06.645+00:00,1920,1080,201.11,auto,unannotated,lateral,left
S001_SE01_CAP000042_CAM01,CAP000042,CAM01,02_data\private_raw\S001\SE01\CAM01\S001_SE01_CAP000042_CAM01.jpg,2026-08-28T13:50:12.656+00:00,1920,1080,197.99,auto,unannotated,frontal,none
S001_SE01_CAP000042_CAM02,CAP000042,CAM02,02_data\private_raw\S001\SE01\CAM02\S001_SE01_CAP000042_CAM02.jpg,2026-08-28T13:50:12.659+00:00,1920,1080,177.23,auto,unannotated,lateral,left
S001_SE01_CAP000043_CAM01,CAP000043,CAM01,02_data\private_raw\S001\SE01\CAM01\S001_SE01_CAP000043_CAM01.jpg,2026-08-28T13:50:15.242+00:00,1920,1080,194.68,auto,unannotated,frontal,none
S001_SE01_CAP000043_CAM02,CAP000043,CAM02,02_data\private_raw\S001\SE01\CAM02\S001_SE01_CAP000043_CAM02.jpg,2026-08-28T13:50:15.197+00:00,1920,1080,189.09,auto,unannotated,lateral,left
S001_SE01_CAP000044_CAM01,CAP000044,CAM01,02_data\private_raw\S001\SE01\CAM01\S001_SE01_CAP000044_CAM01.jpg,2026-08-28T13:50:18.300+00:00,1920,1080,144.91,auto,unannotated,frontal,none
S001_SE01_CAP000044_CAM02,CAP000044,CAM02,02_data\private_raw\S001\SE01\CAM02\S001_SE01_CAP000044_CAM02.jpg,2026-08-28T13:50:18.328+00:00,1920,1080,191.6,auto,unannotated,lateral,left
S001_SE01_CAP000045_CAM01,CAP000045,CAM01,02_data\private_raw\S001\SE01\CAM01\S001_SE01_CAP000045_CAM01.jpg,2026-08-28T13:50:21.499+00:00,1920,1080,193.1,auto,unannotated,frontal,none
S001_SE01_CAP000045_CAM02,CAP000045,CAM02,02_data\private_raw\S001\SE01\CAM02\S001_SE01_CAP000045_CAM02.jpg,2026-08-28T13:50:21.528+00:00,1920,1080,199.68,auto,unannotated,lateral,left
S001_SE01_CAP000046_CAM01,CAP000046,CAM01,02_data\private_raw\S001\SE01\CAM01\S001_SE01_CAP000046_CAM01.jpg,2026-08-28T13:50:50.610+00:00,1920,1080,279.52,auto,unannotated,frontal,none
S001_SE01_CAP000046_CAM02,CAP000046,CAM02,02_data\private_raw\S001\SE01\CAM02\S001_SE01_CAP000046_CAM02.jpg,2026-08-28T13:50:50.606+00:00,1920,1080,66.55,auto,unannotated,lateral,left
S001_SE01_CAP000047_CAM01,CAP000047,CAM01,02_data\private_raw\S001\SE01\CAM01\S001_SE01_CAP000047_CAM01.jpg,2026-08-28T13:51:17.919+00:00,1920,1080,164.54,auto,unannotated,frontal,none
S001_SE01_CAP000047_CAM02,CAP000047,CAM02,02_data\private_raw\S001\SE01\CAM02\S001_SE01_CAP000047_CAM02.jpg,2026-08-28T13:51:17.960+00:00,1920,1080,186.73,auto,unannotated,lateral,left
S002_SE01_CAP000048_CAM01,CAP000048,CAM01,02_data\private_raw\S002\SE01\CAM01\S002_SE01_CAP000048_CAM01.jpg,2026-08-28T13:53:36.665+00:00,1920,1080,142.76,auto,unannotated,frontal,none
S002_SE01_CAP000048_CAM02,CAP000048,CAM02,02_data\private_raw\S002\SE01\CAM02\S002_SE01_CAP000048_CAM02.jpg,2026-08-28T13:53:36.656+00:00,1920,1080,30.85,auto,unannotated,lateral,left
S002_SE01_CAP000049_CAM01,CAP000049,CAM01,02_data\private_raw\S002\SE01\CAM01\S002_SE01_CAP000049_CAM01.jpg,2026-08-28T13:53:40.390+00:00,1920,1080,164.98,auto,unannotated,frontal,none
S002_SE01_CAP000049_CAM02,CAP000049,CAM02,02_data\private_raw\S002\SE01\CAM02\S002_SE01_CAP000049_CAM02.jpg,2026-08-28T13:53:40.393+00:00,1920,1080,175.3,auto,unannotated,lateral,left
S002_SE01_CAP000050_CAM01,CAP000050,CAM01,02_data\private_raw\S002\SE01\CAM01\S002_SE01_CAP000050_CAM01.jpg,2026-08-28T13:53:44.571+00:00,1920,1080,168.15,auto,unannotated,frontal,none
S002_SE01_CAP000050_CAM02,CAP000050,CAM02,02_data\private_raw\S002\SE01\CAM02\S002_SE01_CAP000050_CAM02.jpg,2026-08-28T13:53:44.531+00:00,1920,1080,177.2,auto,unannotated,lateral,left
S002_SE01_CAP000051_CAM01,CAP000051,CAM01,02_data\private_raw\S002\SE01\CAM01\S002_SE01_CAP000051_CAM01.jpg,2026-08-28T13:53:47.426+00:00,1920,1080,157.51,auto,unannotated,frontal,none
S002_SE01_CAP000051_CAM02,CAP000051,CAM02,02_data\private_raw\S002\SE01\CAM02\S002_SE01_CAP000051_CAM02.jpg,2026-08-28T13:53:47.394+00:00,1920,1080,177.12,auto,unannotated,lateral,left
S002_SE01_CAP000052_CAM01,CAP000052,CAM01,02_data\private_raw\S002\SE01\CAM01\S002_SE01_CAP000052_CAM01.jpg,2026-08-28T13:53:50.488+00:00,1920,1080,162.48,auto,unannotated,frontal,none
S002_SE01_CAP000052_CAM02,CAP000052,CAM02,02_data\private_raw\S002\SE01\CAM02\S002_SE01_CAP000052_CAM02.jpg,2026-08-28T13:53:50.455+00:00,1920,1080,176.47,auto,unannotated,lateral,left
S002_SE01_CAP000053_CAM01,CAP000053,CAM01,02_data\private_raw\S002\SE01\CAM01\S002_SE01_CAP000053_CAM01.jpg,2026-08-28T13:54:09.825+00:00,1920,1080,163.14,auto,unannotated,frontal,none
S002_SE01_CAP000053_CAM02,CAP000053,CAM02,02_data\private_raw\S002\SE01\CAM02\S002_SE01_CAP000053_CAM02.jpg,2026-08-28T13:54:09.878+00:00,1920,1080,160.28,auto,unannotated,lateral,left
S002_SE01_CAP000054_CAM01,CAP000054,CAM01,02_data\private_raw\S002\SE01\CAM01\S002_SE01_CAP000054_CAM01.jpg,2026-08-28T13:54:13.095+00:00,1920,1080,154.1,auto,unannotated,frontal,none
S002_SE01_CAP000054_CAM02,CAP000054,CAM02,02_data\private_raw\S002\SE01\CAM02\S002_SE01_CAP000054_CAM02.jpg,2026-08-28T13:54:13.129+00:00,1920,1080,55.58,auto,unannotated,lateral,left
S002_SE01_CAP000055_CAM01,CAP000055,CAM01,02_data\private_raw\S002\SE01\CAM01\S002_SE01_CAP000055_CAM01.jpg,2026-08-28T13:54:15.460+00:00,1920,1080,155.9,auto,unannotated,frontal,none
S002_SE01_CAP000055_CAM02,CAP000055,CAM02,02_data\private_raw\S002\SE01\CAM02\S002_SE01_CAP000055_CAM02.jpg,2026-08-28T13:54:15.538+00:00,1920,1080,173.04,auto,unannotated,lateral,left
S002_SE01_CAP000056_CAM01,CAP000056,CAM01,02_data\private_raw\S002\SE01\CAM01\S002_SE01_CAP000056_CAM01.jpg,2026-08-28T13:54:17.859+00:00,1920,1080,160.05,auto,unannotated,frontal,none
S002_SE01_CAP000056_CAM02,CAP000056,CAM02,02_data\private_raw\S002\SE01\CAM02\S002_SE01_CAP000056_CAM02.jpg,2026-08-28T13:54:17.877+00:00,1920,1080,175.62,auto,unannotated,lateral,left
S002_SE01_CAP000057_CAM01,CAP000057,CAM01,02_data\private_raw\S002\SE01\CAM01\S002_SE01_CAP000057_CAM01.jpg,2026-08-28T13:54:20.248+00:00,1920,1080,162.03,auto,unannotated,frontal,none
S002_SE01_CAP000057_CAM02,CAP000057,CAM02,02_data\private_raw\S002\SE01\CAM02\S002_SE01_CAP000057_CAM02.jpg,2026-08-28T13:54:20.273+00:00,1920,1080,173.88,auto,unannotated,lateral,left
S002_SE01_CAP000058_CAM01,CAP000058,CAM01,02_data\private_raw\S002\SE01\CAM01\S002_SE01_CAP000058_CAM01.jpg,2026-08-28T13:54:46.698+00:00,1920,1080,163.91,auto,unannotated,frontal,none
S002_SE01_CAP000058_CAM02,CAP000058,CAM02,02_data\private_raw\S002\SE01\CAM02\S002_SE01_CAP000058_CAM02.jpg,2026-08-28T13:54:46.744+00:00,1920,1080,165.24,auto,unannotated,lateral,left
S002_SE01_CAP000059_CAM01,CAP000059,CAM01,02_data\private_raw\S002\SE01\CAM01\S002_SE01_CAP000059_CAM01.jpg,2026-08-28T13:54:49.296+00:00,1920,1080,146.46,auto,unannotated,frontal,none
S002_SE01_CAP000059_CAM02,CAP000059,CAM02,02_data\private_raw\S002\SE01\CAM02\S002_SE01_CAP000059_CAM02.jpg,2026-08-28T13:54:49.287+00:00,1920,1080,162.3,auto,unannotated,lateral,left
S002_SE01_CAP000060_CAM01,CAP000060,CAM01,02_data\private_raw\S002\SE01\CAM01\S002_SE01_CAP000060_CAM01.jpg,2026-08-28T13:54:52.097+00:00,1920,1080,158.1,auto,unannotated,frontal,none
S002_SE01_CAP000060_CAM02,CAP000060,CAM02,02_data\private_raw\S002\SE01\CAM02\S002_SE01_CAP000060_CAM02.jpg,2026-08-28T13:54:52.082+00:00,1920,1080,161.14,auto,unannotated,lateral,left
S002_SE01_CAP000061_CAM01,CAP000061,CAM01,02_data\private_raw\S002\SE01\CAM01\S002_SE01_CAP000061_CAM01.jpg,2026-08-28T13:54:54.551+00:00,1920,1080,164.48,auto,unannotated,frontal,none
S002_SE01_CAP000061_CAM02,CAP000061,CAM02,02_data\private_raw\S002\SE01\CAM02\S002_SE01_CAP000061_CAM02.jpg,2026-08-28T13:54:54.553+00:00,1920,1080,164.08,auto,unannotated,lateral,left
S002_SE01_CAP000062_CAM01,CAP000062,CAM01,02_data\private_raw\S002\SE01\CAM01\S002_SE01_CAP000062_CAM01.jpg,2026-08-28T13:54:57.206+00:00,1920,1080,161.11,auto,unannotated,frontal,none
S002_SE01_CAP000062_CAM02,CAP000062,CAM02,02_data\private_raw\S002\SE01\CAM02\S002_SE01_CAP000062_CAM02.jpg,2026-08-28T13:54:57.211+00:00,1920,1080,162.72,auto,unannotated,lateral,left
S002_SE01_CAP000063_CAM01,CAP000063,CAM01,02_data\private_raw\S002\SE01\CAM01\S002_SE01_CAP000063_CAM01.jpg,2026-08-28T13:55:07.177+00:00,1920,1080,162.25,auto,unannotated,frontal,none
S002_SE01_CAP000063_CAM02,CAP000063,CAM02,02_data\private_raw\S002\SE01\CAM02\S002_SE01_CAP000063_CAM02.jpg,2026-08-28T13:55:07.152+00:00,1920,1080,160.94,auto,unannotated,lateral,left
S002_SE01_CAP000064_CAM01,CAP000064,CAM01,02_data\private_raw\S002\SE01\CAM01\S002_SE01_CAP000064_CAM01.jpg,2026-08-28T13:55:10.706+00:00,1920,1080,156.25,auto,unannotated,frontal,none
S002_SE01_CAP000064_CAM02,CAP000064,CAM02,02_data\private_raw\S002\SE01\CAM02\S002_SE01_CAP000064_CAM02.jpg,2026-08-28T13:55:10.692+00:00,1920,1080,164.43,auto,unannotated,lateral,left
S002_SE01_CAP000065_CAM01,CAP000065,CAM01,02_data\private_raw\S002\SE01\CAM01\S002_SE01_CAP000065_CAM01.jpg,2026-08-28T13:55:13.765+00:00,1920,1080,153.83,auto,unannotated,frontal,none
S002_SE01_CAP000065_CAM02,CAP000065,CAM02,02_data\private_raw\S002\SE01\CAM02\S002_SE01_CAP000065_CAM02.jpg,2026-08-28T13:55:13.769+00:00,1920,1080,165.59,auto,unannotated,lateral,left
S002_SE01_CAP000066_CAM01,CAP000066,CAM01,02_data\private_raw\S002\SE01\CAM01\S002_SE01_CAP000066_CAM01.jpg,2026-08-28T13:55:16.876+00:00,1920,1080,157.0,auto,unannotated,frontal,none
S002_SE01_CAP000066_CAM02,CAP000066,CAM02,02_data\private_raw\S002\SE01\CAM02\S002_SE01_CAP000066_CAM02.jpg,2026-08-28T13:55:16.899+00:00,1920,1080,166.87,auto,unannotated,lateral,left
S002_SE01_CAP000067_CAM01,CAP000067,CAM01,02_data\private_raw\S002\SE01\CAM01\S002_SE01_CAP000067_CAM01.jpg,2026-08-28T13:55:19.754+00:00,1920,1080,163.03,auto,unannotated,frontal,none
S002_SE01_CAP000067_CAM02,CAP000067,CAM02,02_data\private_raw\S002\SE01\CAM02\S002_SE01_CAP000067_CAM02.jpg,2026-08-28T13:55:19.769+00:00,1920,1080,166.97,auto,unannotated,lateral,left
S002_SE01_CAP000068_CAM01,CAP000068,CAM01,02_data\private_raw\S002\SE01\CAM01\S002_SE01_CAP000068_CAM01.jpg,2026-08-28T13:55:33.640+00:00,1920,1080,167.64,auto,unannotated,frontal,none
S002_SE01_CAP000068_CAM02,CAP000068,CAM02,02_data\private_raw\S002\SE01\CAM02\S002_SE01_CAP000068_CAM02.jpg,2026-08-28T13:55:33.650+00:00,1920,1080,161.08,auto,unannotated,lateral,left
S002_SE01_CAP000069_CAM01,CAP000069,CAM01,02_data\private_raw\S002\SE01\CAM01\S002_SE01_CAP000069_CAM01.jpg,2026-08-28T13:55:36.139+00:00,1920,1080,168.03,auto,unannotated,frontal,none
S002_SE01_CAP000069_CAM02,CAP000069,CAM02,02_data\private_raw\S002\SE01\CAM02\S002_SE01_CAP000069_CAM02.jpg,2026-08-28T13:55:36.162+00:00,1920,1080,163.93,auto,unannotated,lateral,left
S002_SE01_CAP000070_CAM01,CAP000070,CAM01,02_data\private_raw\S002\SE01\CAM01\S002_SE01_CAP000070_CAM01.jpg,2026-08-28T13:55:38.721+00:00,1920,1080,167.27,auto,unannotated,frontal,none
S002_SE01_CAP000070_CAM02,CAP000070,CAM02,02_data\private_raw\S002\SE01\CAM02\S002_SE01_CAP000070_CAM02.jpg,2026-08-28T13:55:38.688+00:00,1920,1080,165.98,auto,unannotated,lateral,left
S002_SE01_CAP000071_CAM01,CAP000071,CAM01,02_data\private_raw\S002\SE01\CAM01\S002_SE01_CAP000071_CAM01.jpg,2026-08-28T13:55:40.928+00:00,1920,1080,160.42,auto,unannotated,frontal,none
S002_SE01_CAP000071_CAM02,CAP000071,CAM02,02_data\private_raw\S002\SE01\CAM02\S002_SE01_CAP000071_CAM02.jpg,2026-08-28T13:55:40.958+00:00,1920,1080,167.34,auto,unannotated,lateral,left
S002_SE01_CAP000072_CAM01,CAP000072,CAM01,02_data\private_raw\S002\SE01\CAM01\S002_SE01_CAP000072_CAM01.jpg,2026-08-28T13:55:44.050+00:00,1920,1080,160.06,auto,unannotated,frontal,none
S002_SE01_CAP000072_CAM02,CAP000072,CAM02,02_data\private_raw\S002\SE01\CAM02\S002_SE01_CAP000072_CAM02.jpg,2026-08-28T13:55:44.034+00:00,1920,1080,166.56,auto,unannotated,lateral,left
S002_SE01_CAP000073_CAM01,CAP000073,CAM01,02_data\private_raw\S002\SE01\CAM01\S002_SE01_CAP000073_CAM01.jpg,2026-08-28T13:55:51.769+00:00,1920,1080,136.99,auto,unannotated,frontal,none
S002_SE01_CAP000073_CAM02,CAP000073,CAM02,02_data\private_raw\S002\SE01\CAM02\S002_SE01_CAP000073_CAM02.jpg,2026-08-28T13:55:51.770+00:00,1920,1080,91.81,auto,unannotated,lateral,left
S002_SE01_CAP000074_CAM01,CAP000074,CAM01,02_data\private_raw\S002\SE01\CAM01\S002_SE01_CAP000074_CAM01.jpg,2026-08-28T13:56:01.002+00:00,1920,1080,166.39,auto,unannotated,frontal,none
S002_SE01_CAP000074_CAM02,CAP000074,CAM02,02_data\private_raw\S002\SE01\CAM02\S002_SE01_CAP000074_CAM02.jpg,2026-08-28T13:56:00.975+00:00,1920,1080,162.77,auto,unannotated,lateral,left
S002_SE01_CAP000075_CAM01,CAP000075,CAM01,02_data\private_raw\S002\SE01\CAM01\S002_SE01_CAP000075_CAM01.jpg,2026-08-28T13:56:05.323+00:00,1920,1080,161.56,auto,unannotated,frontal,none
S002_SE01_CAP000075_CAM02,CAP000075,CAM02,02_data\private_raw\S002\SE01\CAM02\S002_SE01_CAP000075_CAM02.jpg,2026-08-28T13:56:05.302+00:00,1920,1080,164.31,auto,unannotated,lateral,left
S002_SE01_CAP000076_CAM01,CAP000076,CAM01,02_data\private_raw\S002\SE01\CAM01\S002_SE01_CAP000076_CAM01.jpg,2026-08-28T13:56:08.239+00:00,1920,1080,163.7,auto,unannotated,frontal,none
S002_SE01_CAP000076_CAM02,CAP000076,CAM02,02_data\private_raw\S002\SE01\CAM02\S002_SE01_CAP000076_CAM02.jpg,2026-08-28T13:56:08.250+00:00,1920,1080,166.32,auto,unannotated,lateral,left
S002_SE01_CAP000077_CAM01,CAP000077,CAM01,02_data\private_raw\S002\SE01\CAM01\S002_SE01_CAP000077_CAM01.jpg,2026-08-28T13:56:10.374+00:00,1920,1080,163.91,auto,unannotated,frontal,none
S002_SE01_CAP000077_CAM02,CAP000077,CAM02,02_data\private_raw\S002\SE01\CAM02\S002_SE01_CAP000077_CAM02.jpg,2026-08-28T13:56:10.379+00:00,1920,1080,167.01,auto,unannotated,lateral,left
S002_SE01_CAP000078_CAM01,CAP000078,CAM01,02_data\private_raw\S002\SE01\CAM01\S002_SE01_CAP000078_CAM01.jpg,2026-08-28T13:56:24.864+00:00,1920,1080,162.16,auto,unannotated,frontal,none
S002_SE01_CAP000078_CAM02,CAP000078,CAM02,02_data\private_raw\S002\SE01\CAM02\S002_SE01_CAP000078_CAM02.jpg,2026-08-28T13:56:24.854+00:00,1920,1080,132.83,auto,unannotated,lateral,left
S002_SE01_CAP000079_CAM01,CAP000079,CAM01,02_data\private_raw\S002\SE01\CAM01\S002_SE01_CAP000079_CAM01.jpg,2026-08-28T13:56:27.921+00:00,1920,1080,152.2,auto,unannotated,frontal,none
S002_SE01_CAP000079_CAM02,CAP000079,CAM02,02_data\private_raw\S002\SE01\CAM02\S002_SE01_CAP000079_CAM02.jpg,2026-08-28T13:56:27.906+00:00,1920,1080,164.02,auto,unannotated,lateral,left
S002_SE01_CAP000080_CAM01,CAP000080,CAM01,02_data\private_raw\S002\SE01\CAM01\S002_SE01_CAP000080_CAM01.jpg,2026-08-28T13:56:30.763+00:00,1920,1080,160.76,auto,unannotated,frontal,none
S002_SE01_CAP000080_CAM02,CAP000080,CAM02,02_data\private_raw\S002\SE01\CAM02\S002_SE01_CAP000080_CAM02.jpg,2026-08-28T13:56:30.785+00:00,1920,1080,33.68,auto,unannotated,lateral,left
S002_SE01_CAP000081_CAM01,CAP000081,CAM01,02_data\private_raw\S002\SE01\CAM01\S002_SE01_CAP000081_CAM01.jpg,2026-08-28T13:56:33.098+00:00,1920,1080,164.67,auto,unannotated,frontal,none
S002_SE01_CAP000081_CAM02,CAP000081,CAM02,02_data\private_raw\S002\SE01\CAM02\S002_SE01_CAP000081_CAM02.jpg,2026-08-28T13:56:33.120+00:00,1920,1080,178.74,auto,unannotated,lateral,left
S002_SE01_CAP000082_CAM01,CAP000082,CAM01,02_data\private_raw\S002\SE01\CAM01\S002_SE01_CAP000082_CAM01.jpg,2026-08-28T13:56:34.954+00:00,1920,1080,150.5,auto,unannotated,frontal,none
S002_SE01_CAP000082_CAM02,CAP000082,CAM02,02_data\private_raw\S002\SE01\CAM02\S002_SE01_CAP000082_CAM02.jpg,2026-08-28T13:56:34.977+00:00,1920,1080,179.69,auto,unannotated,lateral,left
S003_SE01_CAP000083_CAM01,CAP000083,CAM01,02_data\private_raw\S003\SE01\CAM01\S003_SE01_CAP000083_CAM01.jpg,2026-08-28T15:09:09.088+00:00,1920,1080,85.77,auto,unannotated,frontal,none
S003_SE01_CAP000083_CAM02,CAP000083,CAM02,02_data\private_raw\S003\SE01\CAM02\S003_SE01_CAP000083_CAM02.jpg,2026-08-28T15:09:09.055+00:00,1920,1080,263.69,auto,unannotated,lateral,left
S003_SE01_CAP000084_CAM01,CAP000084,CAM01,02_data\private_raw\S003\SE01\CAM01\S003_SE01_CAP000084_CAM01.jpg,2026-08-28T15:09:11.850+00:00,1920,1080,232.63,auto,unannotated,frontal,none
S003_SE01_CAP000084_CAM02,CAP000084,CAM02,02_data\private_raw\S003\SE01\CAM02\S003_SE01_CAP000084_CAM02.jpg,2026-08-28T15:09:11.898+00:00,1920,1080,267.87,auto,unannotated,lateral,left
S003_SE01_CAP000085_CAM01,CAP000085,CAM01,02_data\private_raw\S003\SE01\CAM01\S003_SE01_CAP000085_CAM01.jpg,2026-08-28T15:09:14.921+00:00,1920,1080,237.42,auto,unannotated,frontal,none
S003_SE01_CAP000085_CAM02,CAP000085,CAM02,02_data\private_raw\S003\SE01\CAM02\S003_SE01_CAP000085_CAM02.jpg,2026-08-28T15:09:14.955+00:00,1920,1080,270.36,auto,unannotated,lateral,left
S003_SE01_CAP000086_CAM01,CAP000086,CAM01,02_data\private_raw\S003\SE01\CAM01\S003_SE01_CAP000086_CAM01.jpg,2026-08-28T15:09:17.256+00:00,1920,1080,235.82,auto,unannotated,frontal,none
S003_SE01_CAP000086_CAM02,CAP000086,CAM02,02_data\private_raw\S003\SE01\CAM02\S003_SE01_CAP000086_CAM02.jpg,2026-08-28T15:09:17.281+00:00,1920,1080,269.04,auto,unannotated,lateral,left
S003_SE01_CAP000087_CAM01,CAP000087,CAM01,02_data\private_raw\S003\SE01\CAM01\S003_SE01_CAP000087_CAM01.jpg,2026-08-28T15:09:19.110+00:00,1920,1080,73.71,auto,unannotated,frontal,none
S003_SE01_CAP000087_CAM02,CAP000087,CAM02,02_data\private_raw\S003\SE01\CAM02\S003_SE01_CAP000087_CAM02.jpg,2026-08-28T15:09:19.147+00:00,1920,1080,269.5,auto,unannotated,lateral,left
S003_SE01_CAP000088_CAM01,CAP000088,CAM01,02_data\private_raw\S003\SE01\CAM01\S003_SE01_CAP000088_CAM01.jpg,2026-08-28T15:09:49.983+00:00,1920,1080,216.65,auto,unannotated,frontal,none
S003_SE01_CAP000088_CAM02,CAP000088,CAM02,02_data\private_raw\S003\SE01\CAM02\S003_SE01_CAP000088_CAM02.jpg,2026-08-28T15:09:50.042+00:00,1920,1080,289.02,auto,unannotated,lateral,left
S003_SE01_CAP000089_CAM01,CAP000089,CAM01,02_data\private_raw\S003\SE01\CAM01\S003_SE01_CAP000089_CAM01.jpg,2026-08-28T15:09:53.417+00:00,1920,1080,118.74,auto,unannotated,frontal,none
S003_SE01_CAP000089_CAM02,CAP000089,CAM02,02_data\private_raw\S003\SE01\CAM02\S003_SE01_CAP000089_CAM02.jpg,2026-08-28T15:09:53.435+00:00,1920,1080,284.57,auto,unannotated,lateral,left
S003_SE01_CAP000090_CAM01,CAP000090,CAM01,02_data\private_raw\S003\SE01\CAM01\S003_SE01_CAP000090_CAM01.jpg,2026-08-28T15:09:55.518+00:00,1920,1080,243.68,auto,unannotated,frontal,none
S003_SE01_CAP000090_CAM02,CAP000090,CAM02,02_data\private_raw\S003\SE01\CAM02\S003_SE01_CAP000090_CAM02.jpg,2026-08-28T15:09:55.560+00:00,1920,1080,282.73,auto,unannotated,lateral,left
S003_SE01_CAP000091_CAM01,CAP000091,CAM01,02_data\private_raw\S003\SE01\CAM01\S003_SE01_CAP000091_CAM01.jpg,2026-08-28T15:09:58.108+00:00,1920,1080,235.3,auto,unannotated,frontal,none
S003_SE01_CAP000091_CAM02,CAP000091,CAM02,02_data\private_raw\S003\SE01\CAM02\S003_SE01_CAP000091_CAM02.jpg,2026-08-28T15:09:58.090+00:00,1920,1080,282.87,auto,unannotated,lateral,left
S003_SE01_CAP000092_CAM01,CAP000092,CAM01,02_data\private_raw\S003\SE01\CAM01\S003_SE01_CAP000092_CAM01.jpg,2026-08-28T15:09:59.643+00:00,1920,1080,175.35,auto,unannotated,frontal,none
S003_SE01_CAP000092_CAM02,CAP000092,CAM02,02_data\private_raw\S003\SE01\CAM02\S003_SE01_CAP000092_CAM02.jpg,2026-08-28T15:09:59.611+00:00,1920,1080,282.99,auto,unannotated,lateral,left
S003_SE01_CAP000093_CAM01,CAP000093,CAM01,02_data\private_raw\S003\SE01\CAM01\S003_SE01_CAP000093_CAM01.jpg,2026-08-28T15:10:24.748+00:00,1920,1080,39.33,auto,unannotated,frontal,none
S003_SE01_CAP000093_CAM02,CAP000093,CAM02,02_data\private_raw\S003\SE01\CAM02\S003_SE01_CAP000093_CAM02.jpg,2026-08-28T15:10:24.797+00:00,1920,1080,284.01,auto,unannotated,lateral,left
S003_SE01_CAP000094_CAM01,CAP000094,CAM01,02_data\private_raw\S003\SE01\CAM01\S003_SE01_CAP000094_CAM01.jpg,2026-08-28T15:10:27.797+00:00,1920,1080,208.97,auto,unannotated,frontal,none
S003_SE01_CAP000094_CAM02,CAP000094,CAM02,02_data\private_raw\S003\SE01\CAM02\S003_SE01_CAP000094_CAM02.jpg,2026-08-28T15:10:27.787+00:00,1920,1080,295.23,auto,unannotated,lateral,left
S003_SE01_CAP000095_CAM01,CAP000095,CAM01,02_data\private_raw\S003\SE01\CAM01\S003_SE01_CAP000095_CAM01.jpg,2026-08-28T15:10:30.024+00:00,1920,1080,214.09,auto,unannotated,frontal,none
S003_SE01_CAP000095_CAM02,CAP000095,CAM02,02_data\private_raw\S003\SE01\CAM02\S003_SE01_CAP000095_CAM02.jpg,2026-08-28T15:10:30.044+00:00,1920,1080,289.38,auto,unannotated,lateral,left
S003_SE01_CAP000096_CAM01,CAP000096,CAM01,02_data\private_raw\S003\SE01\CAM01\S003_SE01_CAP000096_CAM01.jpg,2026-08-28T15:10:32.125+00:00,1920,1080,140.8,auto,unannotated,frontal,none
S003_SE01_CAP000096_CAM02,CAP000096,CAM02,02_data\private_raw\S003\SE01\CAM02\S003_SE01_CAP000096_CAM02.jpg,2026-08-28T15:10:32.107+00:00,1920,1080,290.01,auto,unannotated,lateral,left
S003_SE01_CAP000097_CAM01,CAP000097,CAM01,02_data\private_raw\S003\SE01\CAM01\S003_SE01_CAP000097_CAM01.jpg,2026-08-28T15:10:33.922+00:00,1920,1080,198.4,auto,unannotated,frontal,none
S003_SE01_CAP000097_CAM02,CAP000097,CAM02,02_data\private_raw\S003\SE01\CAM02\S003_SE01_CAP000097_CAM02.jpg,2026-08-28T15:10:33.897+00:00,1920,1080,291.65,auto,unannotated,lateral,left
S003_SE01_CAP000098_CAM01,CAP000098,CAM01,02_data\private_raw\S003\SE01\CAM01\S003_SE01_CAP000098_CAM01.jpg,2026-08-28T15:10:48.091+00:00,1920,1080,190.41,auto,unannotated,frontal,none
S003_SE01_CAP000098_CAM02,CAP000098,CAM02,02_data\private_raw\S003\SE01\CAM02\S003_SE01_CAP000098_CAM02.jpg,2026-08-28T15:10:48.058+00:00,1920,1080,283.47,auto,unannotated,lateral,left
S003_SE01_CAP000099_CAM01,CAP000099,CAM01,02_data\private_raw\S003\SE01\CAM01\S003_SE01_CAP000099_CAM01.jpg,2026-08-28T15:10:50.264+00:00,1920,1080,180.35,auto,unannotated,frontal,none
S003_SE01_CAP000099_CAM02,CAP000099,CAM02,02_data\private_raw\S003\SE01\CAM02\S003_SE01_CAP000099_CAM02.jpg,2026-08-28T15:10:50.263+00:00,1920,1080,284.54,auto,unannotated,lateral,left
S003_SE01_CAP000100_CAM01,CAP000100,CAM01,02_data\private_raw\S003\SE01\CAM01\S003_SE01_CAP000100_CAM01.jpg,2026-08-28T15:10:52.584+00:00,1920,1080,201.06,auto,unannotated,frontal,none
S003_SE01_CAP000100_CAM02,CAP000100,CAM02,02_data\private_raw\S003\SE01\CAM02\S003_SE01_CAP000100_CAM02.jpg,2026-08-28T15:10:52.564+00:00,1920,1080,286.91,auto,unannotated,lateral,left
S003_SE01_CAP000101_CAM01,CAP000101,CAM01,02_data\private_raw\S003\SE01\CAM01\S003_SE01_CAP000101_CAM01.jpg,2026-08-28T15:10:54.631+00:00,1920,1080,218.64,auto,unannotated,frontal,none
S003_SE01_CAP000101_CAM02,CAP000101,CAM02,02_data\private_raw\S003\SE01\CAM02\S003_SE01_CAP000101_CAM02.jpg,2026-08-28T15:10:54.635+00:00,1920,1080,282.34,auto,unannotated,lateral,left
S003_SE01_CAP000102_CAM01,CAP000102,CAM01,02_data\private_raw\S003\SE01\CAM01\S003_SE01_CAP000102_CAM01.jpg,2026-08-28T15:10:56.720+00:00,1920,1080,56.97,auto,unannotated,frontal,none
S003_SE01_CAP000102_CAM02,CAP000102,CAM02,02_data\private_raw\S003\SE01\CAM02\S003_SE01_CAP000102_CAM02.jpg,2026-08-28T15:10:56.756+00:00,1920,1080,290.76,auto,unannotated,lateral,left
S003_SE01_CAP000103_CAM01,CAP000103,CAM01,02_data\private_raw\S003\SE01\CAM01\S003_SE01_CAP000103_CAM01.jpg,2026-08-28T15:11:06.092+00:00,1920,1080,249.16,auto,unannotated,frontal,none
S003_SE01_CAP000103_CAM02,CAP000103,CAM02,02_data\private_raw\S003\SE01\CAM02\S003_SE01_CAP000103_CAM02.jpg,2026-08-28T15:11:06.065+00:00,1920,1080,278.03,auto,unannotated,lateral,left
S003_SE01_CAP000104_CAM01,CAP000104,CAM01,02_data\private_raw\S003\SE01\CAM01\S003_SE01_CAP000104_CAM01.jpg,2026-08-28T15:11:08.186+00:00,1920,1080,47.44,auto,unannotated,frontal,none
S003_SE01_CAP000104_CAM02,CAP000104,CAM02,02_data\private_raw\S003\SE01\CAM02\S003_SE01_CAP000104_CAM02.jpg,2026-08-28T15:11:08.195+00:00,1920,1080,280.21,auto,unannotated,lateral,left
S003_SE01_CAP000105_CAM01,CAP000105,CAM01,02_data\private_raw\S003\SE01\CAM01\S003_SE01_CAP000105_CAM01.jpg,2026-08-28T15:11:10.167+00:00,1920,1080,236.15,auto,unannotated,frontal,none
S003_SE01_CAP000105_CAM02,CAP000105,CAM02,02_data\private_raw\S003\SE01\CAM02\S003_SE01_CAP000105_CAM02.jpg,2026-08-28T15:11:10.187+00:00,1920,1080,279.65,auto,unannotated,lateral,left
S003_SE01_CAP000106_CAM01,CAP000106,CAM01,02_data\private_raw\S003\SE01\CAM01\S003_SE01_CAP000106_CAM01.jpg,2026-08-28T15:11:12.268+00:00,1920,1080,245.87,auto,unannotated,frontal,none
S003_SE01_CAP000106_CAM02,CAP000106,CAM02,02_data\private_raw\S003\SE01\CAM02\S003_SE01_CAP000106_CAM02.jpg,2026-08-28T15:11:12.249+00:00,1920,1080,277.12,auto,unannotated,lateral,left
S003_SE01_CAP000107_CAM01,CAP000107,CAM01,02_data\private_raw\S003\SE01\CAM01\S003_SE01_CAP000107_CAM01.jpg,2026-08-28T15:11:14.796+00:00,1920,1080,205.54,auto,unannotated,frontal,none
S003_SE01_CAP000107_CAM02,CAP000107,CAM02,02_data\private_raw\S003\SE01\CAM02\S003_SE01_CAP000107_CAM02.jpg,2026-08-28T15:11:14.835+00:00,1920,1080,277.91,auto,unannotated,lateral,left
S003_SE01_CAP000108_CAM01,CAP000108,CAM01,02_data\private_raw\S003\SE01\CAM01\S003_SE01_CAP000108_CAM01.jpg,2026-08-28T15:11:59.044+00:00,1920,1080,268.46,auto,unannotated,frontal,none
S003_SE01_CAP000108_CAM02,CAP000108,CAM02,02_data\private_raw\S003\SE01\CAM02\S003_SE01_CAP000108_CAM02.jpg,2026-08-28T15:11:59.036+00:00,1920,1080,273.8,auto,unannotated,lateral,left
S003_SE01_CAP000109_CAM01,CAP000109,CAM01,02_data\private_raw\S003\SE01\CAM01\S003_SE01_CAP000109_CAM01.jpg,2026-08-28T15:12:01.503+00:00,1920,1080,54.17,auto,unannotated,frontal,none
S003_SE01_CAP000109_CAM02,CAP000109,CAM02,02_data\private_raw\S003\SE01\CAM02\S003_SE01_CAP000109_CAM02.jpg,2026-08-28T15:12:01.545+00:00,1920,1080,276.68,auto,unannotated,lateral,left
S003_SE01_CAP000110_CAM01,CAP000110,CAM01,02_data\private_raw\S003\SE01\CAM01\S003_SE01_CAP000110_CAM01.jpg,2026-08-28T15:12:03.755+00:00,1920,1080,233.92,auto,unannotated,frontal,none
S003_SE01_CAP000110_CAM02,CAP000110,CAM02,02_data\private_raw\S003\SE01\CAM02\S003_SE01_CAP000110_CAM02.jpg,2026-08-28T15:12:03.738+00:00,1920,1080,275.26,auto,unannotated,lateral,left
S003_SE01_CAP000111_CAM01,CAP000111,CAM01,02_data\private_raw\S003\SE01\CAM01\S003_SE01_CAP000111_CAM01.jpg,2026-08-28T15:12:05.769+00:00,1920,1080,172.28,auto,unannotated,frontal,none
S003_SE01_CAP000111_CAM02,CAP000111,CAM02,02_data\private_raw\S003\SE01\CAM02\S003_SE01_CAP000111_CAM02.jpg,2026-08-28T15:12:05.803+00:00,1920,1080,275.37,auto,unannotated,lateral,left
S003_SE01_CAP000112_CAM01,CAP000112,CAM01,02_data\private_raw\S003\SE01\CAM01\S003_SE01_CAP000112_CAM01.jpg,2026-08-28T15:12:09.617+00:00,1920,1080,247.46,auto,unannotated,frontal,none
S003_SE01_CAP000112_CAM02,CAP000112,CAM02,02_data\private_raw\S003\SE01\CAM02\S003_SE01_CAP000112_CAM02.jpg,2026-08-28T15:12:09.596+00:00,1920,1080,274.83,auto,unannotated,lateral,left
S003_SE01_CAP000113_CAM01,CAP000113,CAM01,02_data\private_raw\S003\SE01\CAM01\S003_SE01_CAP000113_CAM01.jpg,2026-08-28T15:12:26.650+00:00,1920,1080,271.96,auto,unannotated,frontal,none
S003_SE01_CAP000113_CAM02,CAP000113,CAM02,02_data\private_raw\S003\SE01\CAM02\S003_SE01_CAP000113_CAM02.jpg,2026-08-28T15:12:26.602+00:00,1920,1080,262.59,auto,unannotated,lateral,left
S003_SE01_CAP000114_CAM01,CAP000114,CAM01,02_data\private_raw\S003\SE01\CAM01\S003_SE01_CAP000114_CAM01.jpg,2026-08-28T15:12:28.339+00:00,1920,1080,194.76,auto,unannotated,frontal,none
S003_SE01_CAP000114_CAM02,CAP000114,CAM02,02_data\private_raw\S003\SE01\CAM02\S003_SE01_CAP000114_CAM02.jpg,2026-08-28T15:12:28.339+00:00,1920,1080,269.9,auto,unannotated,lateral,left
S003_SE01_CAP000115_CAM01,CAP000115,CAM01,02_data\private_raw\S003\SE01\CAM01\S003_SE01_CAP000115_CAM01.jpg,2026-08-28T15:12:30.221+00:00,1920,1080,224.99,auto,unannotated,frontal,none
S003_SE01_CAP000115_CAM02,CAP000115,CAM02,02_data\private_raw\S003\SE01\CAM02\S003_SE01_CAP000115_CAM02.jpg,2026-08-28T15:12:30.188+00:00,1920,1080,268.11,auto,unannotated,lateral,left
S003_SE01_CAP000116_CAM01,CAP000116,CAM01,02_data\private_raw\S003\SE01\CAM01\S003_SE01_CAP000116_CAM01.jpg,2026-08-28T15:12:32.197+00:00,1920,1080,242.2,auto,unannotated,frontal,none
S003_SE01_CAP000116_CAM02,CAP000116,CAM02,02_data\private_raw\S003\SE01\CAM02\S003_SE01_CAP000116_CAM02.jpg,2026-08-28T15:12:32.198+00:00,1920,1080,267.25,auto,unannotated,lateral,left
S003_SE01_CAP000117_CAM01,CAP000117,CAM01,02_data\private_raw\S003\SE01\CAM01\S003_SE01_CAP000117_CAM01.jpg,2026-08-28T15:12:34.487+00:00,1920,1080,188.6,auto,unannotated,frontal,none
S003_SE01_CAP000117_CAM02,CAP000117,CAM02,02_data\private_raw\S003\SE01\CAM02\S003_SE01_CAP000117_CAM02.jpg,2026-08-28T15:12:34.500+00:00,1920,1080,276.49,auto,unannotated,lateral,left
S003_SE01_CAP000118_CAM01,CAP000118,CAM01,02_data\private_raw\S003\SE01\CAM01\S003_SE01_CAP000118_CAM01.jpg,2026-08-28T15:12:48.026+00:00,1920,1080,191.77,auto,unannotated,frontal,none
S003_SE01_CAP000118_CAM02,CAP000118,CAM02,02_data\private_raw\S003\SE01\CAM02\S003_SE01_CAP000118_CAM02.jpg,2026-08-28T15:12:48.011+00:00,1920,1080,265.44,auto,unannotated,lateral,left
S003_SE01_CAP000119_CAM01,CAP000119,CAM01,02_data\private_raw\S003\SE01\CAM01\S003_SE01_CAP000119_CAM01.jpg,2026-08-28T15:12:49.352+00:00,1920,1080,170.28,auto,unannotated,frontal,none
S003_SE01_CAP000119_CAM02,CAP000119,CAM02,02_data\private_raw\S003\SE01\CAM02\S003_SE01_CAP000119_CAM02.jpg,2026-08-28T15:12:49.352+00:00,1920,1080,294.28,auto,unannotated,lateral,left
S003_SE01_CAP000120_CAM01,CAP000120,CAM01,02_data\private_raw\S003\SE01\CAM01\S003_SE01_CAP000120_CAM01.jpg,2026-08-28T15:12:54.002+00:00,1920,1080,50.19,auto,unannotated,frontal,none
S003_SE01_CAP000120_CAM02,CAP000120,CAM02,02_data\private_raw\S003\SE01\CAM02\S003_SE01_CAP000120_CAM02.jpg,2026-08-28T15:12:53.982+00:00,1920,1080,298.17,auto,unannotated,lateral,left
S003_SE01_CAP000121_CAM01,CAP000121,CAM01,02_data\private_raw\S003\SE01\CAM01\S003_SE01_CAP000121_CAM01.jpg,2026-08-28T15:13:09.322+00:00,1920,1080,191.78,auto,unannotated,frontal,none
S003_SE01_CAP000121_CAM02,CAP000121,CAM02,02_data\private_raw\S003\SE01\CAM02\S003_SE01_CAP000121_CAM02.jpg,2026-08-28T15:13:09.332+00:00,1920,1080,267.49,auto,unannotated,lateral,left
S004_SE01_CAP000122_CAM01,CAP000122,CAM01,02_data\private_raw\S004\SE01\CAM01\S004_SE01_CAP000122_CAM01.jpg,2026-08-28T15:17:15.839+00:00,1920,1080,88.2,auto,unannotated,frontal,none
S004_SE01_CAP000122_CAM02,CAP000122,CAM02,02_data\private_raw\S004\SE01\CAM02\S004_SE01_CAP000122_CAM02.jpg,2026-08-28T15:17:15.830+00:00,1920,1080,260.72,auto,unannotated,lateral,left
S004_SE01_CAP000123_CAM01,CAP000123,CAM01,02_data\private_raw\S004\SE01\CAM01\S004_SE01_CAP000123_CAM01.jpg,2026-08-28T15:17:17.262+00:00,1920,1080,279.49,auto,unannotated,frontal,none
S004_SE01_CAP000123_CAM02,CAP000123,CAM02,02_data\private_raw\S004\SE01\CAM02\S004_SE01_CAP000123_CAM02.jpg,2026-08-28T15:17:17.287+00:00,1920,1080,263.36,auto,unannotated,lateral,left
S004_SE01_CAP000124_CAM01,CAP000124,CAM01,02_data\private_raw\S004\SE01\CAM01\S004_SE01_CAP000124_CAM01.jpg,2026-08-28T15:17:19.009+00:00,1920,1080,239.32,auto,unannotated,frontal,none
S004_SE01_CAP000124_CAM02,CAP000124,CAM02,02_data\private_raw\S004\SE01\CAM02\S004_SE01_CAP000124_CAM02.jpg,2026-08-28T15:17:19.018+00:00,1920,1080,260.63,auto,unannotated,lateral,left
S004_SE01_CAP000125_CAM01,CAP000125,CAM01,02_data\private_raw\S004\SE01\CAM01\S004_SE01_CAP000125_CAM01.jpg,2026-08-28T15:17:21.109+00:00,1920,1080,248.77,auto,unannotated,frontal,none
S004_SE01_CAP000125_CAM02,CAP000125,CAM02,02_data\private_raw\S004\SE01\CAM02\S004_SE01_CAP000125_CAM02.jpg,2026-08-28T15:17:21.077+00:00,1920,1080,263.13,auto,unannotated,lateral,left
S004_SE01_CAP000126_CAM01,CAP000126,CAM01,02_data\private_raw\S004\SE01\CAM01\S004_SE01_CAP000126_CAM01.jpg,2026-08-28T15:17:22.568+00:00,1920,1080,238.35,auto,unannotated,frontal,none
S004_SE01_CAP000126_CAM02,CAP000126,CAM02,02_data\private_raw\S004\SE01\CAM02\S004_SE01_CAP000126_CAM02.jpg,2026-08-28T15:17:22.534+00:00,1920,1080,260.03,auto,unannotated,lateral,left
S004_SE01_CAP000127_CAM01,CAP000127,CAM01,02_data\private_raw\S004\SE01\CAM01\S004_SE01_CAP000127_CAM01.jpg,2026-08-28T15:17:35.114+00:00,1920,1080,243.44,auto,unannotated,frontal,none
S004_SE01_CAP000127_CAM02,CAP000127,CAM02,02_data\private_raw\S004\SE01\CAM02\S004_SE01_CAP000127_CAM02.jpg,2026-08-28T15:17:35.151+00:00,1920,1080,238.42,auto,unannotated,lateral,left
S004_SE01_CAP000128_CAM01,CAP000128,CAM01,02_data\private_raw\S004\SE01\CAM01\S004_SE01_CAP000128_CAM01.jpg,2026-08-28T15:17:36.853+00:00,1920,1080,208.36,auto,unannotated,frontal,none
S004_SE01_CAP000128_CAM02,CAP000128,CAM02,02_data\private_raw\S004\SE01\CAM02\S004_SE01_CAP000128_CAM02.jpg,2026-08-28T15:17:36.885+00:00,1920,1080,240.38,auto,unannotated,lateral,left
S004_SE01_CAP000129_CAM01,CAP000129,CAM01,02_data\private_raw\S004\SE01\CAM01\S004_SE01_CAP000129_CAM01.jpg,2026-08-28T15:17:38.897+00:00,1920,1080,250.56,auto,unannotated,frontal,none
S004_SE01_CAP000129_CAM02,CAP000129,CAM02,02_data\private_raw\S004\SE01\CAM02\S004_SE01_CAP000129_CAM02.jpg,2026-08-28T15:17:38.950+00:00,1920,1080,239.05,auto,unannotated,lateral,left
S004_SE01_CAP000130_CAM01,CAP000130,CAM01,02_data\private_raw\S004\SE01\CAM01\S004_SE01_CAP000130_CAM01.jpg,2026-08-28T15:17:40.861+00:00,1920,1080,238.32,auto,unannotated,frontal,none
S004_SE01_CAP000130_CAM02,CAP000130,CAM02,02_data\private_raw\S004\SE01\CAM02\S004_SE01_CAP000130_CAM02.jpg,2026-08-28T15:17:40.881+00:00,1920,1080,240.62,auto,unannotated,lateral,left
S004_SE01_CAP000131_CAM01,CAP000131,CAM01,02_data\private_raw\S004\SE01\CAM01\S004_SE01_CAP000131_CAM01.jpg,2026-08-28T15:17:42.391+00:00,1920,1080,53.92,auto,unannotated,frontal,none
S004_SE01_CAP000131_CAM02,CAP000131,CAM02,02_data\private_raw\S004\SE01\CAM02\S004_SE01_CAP000131_CAM02.jpg,2026-08-28T15:17:42.350+00:00,1920,1080,239.79,auto,unannotated,lateral,left
S004_SE01_CAP000132_CAM01,CAP000132,CAM01,02_data\private_raw\S004\SE01\CAM01\S004_SE01_CAP000132_CAM01.jpg,2026-08-28T15:17:49.599+00:00,1920,1080,204.8,auto,unannotated,frontal,none
S004_SE01_CAP000132_CAM02,CAP000132,CAM02,02_data\private_raw\S004\SE01\CAM02\S004_SE01_CAP000132_CAM02.jpg,2026-08-28T15:17:49.600+00:00,1920,1080,272.34,auto,unannotated,lateral,left
S004_SE01_CAP000133_CAM01,CAP000133,CAM01,02_data\private_raw\S004\SE01\CAM01\S004_SE01_CAP000133_CAM01.jpg,2026-08-28T15:17:51.097+00:00,1920,1080,254.72,auto,unannotated,frontal,none
S004_SE01_CAP000133_CAM02,CAP000133,CAM02,02_data\private_raw\S004\SE01\CAM02\S004_SE01_CAP000133_CAM02.jpg,2026-08-28T15:17:51.104+00:00,1920,1080,273.86,auto,unannotated,lateral,left
S004_SE01_CAP000134_CAM01,CAP000134,CAM01,02_data\private_raw\S004\SE01\CAM01\S004_SE01_CAP000134_CAM01.jpg,2026-08-28T15:17:52.781+00:00,1920,1080,262.69,auto,unannotated,frontal,none
S004_SE01_CAP000134_CAM02,CAP000134,CAM02,02_data\private_raw\S004\SE01\CAM02\S004_SE01_CAP000134_CAM02.jpg,2026-08-28T15:17:52.787+00:00,1920,1080,272.07,auto,unannotated,lateral,left
S004_SE01_CAP000135_CAM01,CAP000135,CAM01,02_data\private_raw\S004\SE01\CAM01\S004_SE01_CAP000135_CAM01.jpg,2026-08-28T15:17:54.636+00:00,1920,1080,254.34,auto,unannotated,frontal,none
S004_SE01_CAP000135_CAM02,CAP000135,CAM02,02_data\private_raw\S004\SE01\CAM02\S004_SE01_CAP000135_CAM02.jpg,2026-08-28T15:17:54.649+00:00,1920,1080,273.74,auto,unannotated,lateral,left
S004_SE01_CAP000136_CAM01,CAP000136,CAM01,02_data\private_raw\S004\SE01\CAM01\S004_SE01_CAP000136_CAM01.jpg,2026-08-28T15:17:56.374+00:00,1920,1080,116.03,auto,unannotated,frontal,none
S004_SE01_CAP000136_CAM02,CAP000136,CAM02,02_data\private_raw\S004\SE01\CAM02\S004_SE01_CAP000136_CAM02.jpg,2026-08-28T15:17:56.358+00:00,1920,1080,271.85,auto,unannotated,lateral,left
S004_SE01_CAP000137_CAM01,CAP000137,CAM01,02_data\private_raw\S004\SE01\CAM01\S004_SE01_CAP000137_CAM01.jpg,2026-08-28T15:18:17.504+00:00,1920,1080,249.52,auto,unannotated,frontal,none
S004_SE01_CAP000137_CAM02,CAP000137,CAM02,02_data\private_raw\S004\SE01\CAM02\S004_SE01_CAP000137_CAM02.jpg,2026-08-28T15:18:17.506+00:00,1920,1080,266.21,auto,unannotated,lateral,left
S004_SE01_CAP000138_CAM01,CAP000138,CAM01,02_data\private_raw\S004\SE01\CAM01\S004_SE01_CAP000138_CAM01.jpg,2026-08-28T15:18:19.479+00:00,1920,1080,55.66,auto,unannotated,frontal,none
S004_SE01_CAP000138_CAM02,CAP000138,CAM02,02_data\private_raw\S004\SE01\CAM02\S004_SE01_CAP000138_CAM02.jpg,2026-08-28T15:18:19.496+00:00,1920,1080,265.98,auto,unannotated,lateral,left
S004_SE01_CAP000139_CAM01,CAP000139,CAM01,02_data\private_raw\S004\SE01\CAM01\S004_SE01_CAP000139_CAM01.jpg,2026-08-28T15:18:26.610+00:00,1920,1080,114.49,auto,unannotated,frontal,none
S004_SE01_CAP000139_CAM02,CAP000139,CAM02,02_data\private_raw\S004\SE01\CAM02\S004_SE01_CAP000139_CAM02.jpg,2026-08-28T15:18:26.599+00:00,1920,1080,260.96,auto,unannotated,lateral,left
S004_SE01_CAP000140_CAM01,CAP000140,CAM01,02_data\private_raw\S004\SE01\CAM01\S004_SE01_CAP000140_CAM01.jpg,2026-08-28T15:18:28.479+00:00,1920,1080,256.47,auto,unannotated,frontal,none
S004_SE01_CAP000140_CAM02,CAP000140,CAM02,02_data\private_raw\S004\SE01\CAM02\S004_SE01_CAP000140_CAM02.jpg,2026-08-28T15:18:28.454+00:00,1920,1080,262.43,auto,unannotated,lateral,left
S004_SE01_CAP000141_CAM01,CAP000141,CAM01,02_data\private_raw\S004\SE01\CAM01\S004_SE01_CAP000141_CAM01.jpg,2026-08-28T15:18:30.824+00:00,1920,1080,53.08,auto,unannotated,frontal,none
S004_SE01_CAP000141_CAM02,CAP000141,CAM02,02_data\private_raw\S004\SE01\CAM02\S004_SE01_CAP000141_CAM02.jpg,2026-08-28T15:18:30.793+00:00,1920,1080,263.24,auto,unannotated,lateral,left
S004_SE01_CAP000142_CAM01,CAP000142,CAM01,02_data\private_raw\S004\SE01\CAM01\S004_SE01_CAP000142_CAM01.jpg,2026-08-28T15:18:39.231+00:00,1920,1080,84.66,auto,unannotated,frontal,none
S004_SE01_CAP000142_CAM02,CAP000142,CAM02,02_data\private_raw\S004\SE01\CAM02\S004_SE01_CAP000142_CAM02.jpg,2026-08-28T15:18:39.232+00:00,1920,1080,243.17,auto,unannotated,lateral,left
S004_SE01_CAP000143_CAM01,CAP000143,CAM01,02_data\private_raw\S004\SE01\CAM01\S004_SE01_CAP000143_CAM01.jpg,2026-08-28T15:18:42.406+00:00,1920,1080,261.34,auto,unannotated,frontal,none
S004_SE01_CAP000143_CAM02,CAP000143,CAM02,02_data\private_raw\S004\SE01\CAM02\S004_SE01_CAP000143_CAM02.jpg,2026-08-28T15:18:42.424+00:00,1920,1080,243.19,auto,unannotated,lateral,left
S004_SE01_CAP000144_CAM01,CAP000144,CAM01,02_data\private_raw\S004\SE01\CAM01\S004_SE01_CAP000144_CAM01.jpg,2026-08-28T15:18:44.437+00:00,1920,1080,255.73,auto,unannotated,frontal,none
S004_SE01_CAP000144_CAM02,CAP000144,CAM02,02_data\private_raw\S004\SE01\CAM02\S004_SE01_CAP000144_CAM02.jpg,2026-08-28T15:18:44.406+00:00,1920,1080,243.34,auto,unannotated,lateral,left
S004_SE01_CAP000145_CAM01,CAP000145,CAM01,02_data\private_raw\S004\SE01\CAM01\S004_SE01_CAP000145_CAM01.jpg,2026-08-28T15:18:46.079+00:00,1920,1080,263.32,auto,unannotated,frontal,none
S004_SE01_CAP000145_CAM02,CAP000145,CAM02,02_data\private_raw\S004\SE01\CAM02\S004_SE01_CAP000145_CAM02.jpg,2026-08-28T15:18:46.066+00:00,1920,1080,244.5,auto,unannotated,lateral,left
S004_SE01_CAP000146_CAM01,CAP000146,CAM01,02_data\private_raw\S004\SE01\CAM01\S004_SE01_CAP000146_CAM01.jpg,2026-08-28T15:18:48.036+00:00,1920,1080,53.34,auto,unannotated,frontal,none
S004_SE01_CAP000146_CAM02,CAP000146,CAM02,02_data\private_raw\S004\SE01\CAM02\S004_SE01_CAP000146_CAM02.jpg,2026-08-28T15:18:48.009+00:00,1920,1080,241.89,auto,unannotated,lateral,left
S004_SE01_CAP000147_CAM01,CAP000147,CAM01,02_data\private_raw\S004\SE01\CAM01\S004_SE01_CAP000147_CAM01.jpg,2026-08-28T15:18:56.023+00:00,1920,1080,228.76,auto,unannotated,frontal,none
S004_SE01_CAP000147_CAM02,CAP000147,CAM02,02_data\private_raw\S004\SE01\CAM02\S004_SE01_CAP000147_CAM02.jpg,2026-08-28T15:18:55.978+00:00,1920,1080,228.64,auto,unannotated,lateral,left
S004_SE01_CAP000148_CAM01,CAP000148,CAM01,02_data\private_raw\S004\SE01\CAM01\S004_SE01_CAP000148_CAM01.jpg,2026-08-28T15:19:06.582+00:00,1920,1080,121.76,auto,unannotated,frontal,none
S004_SE01_CAP000148_CAM02,CAP000148,CAM02,02_data\private_raw\S004\SE01\CAM02\S004_SE01_CAP000148_CAM02.jpg,2026-08-28T15:19:06.601+00:00,1920,1080,245.76,auto,unannotated,lateral,left
S004_SE01_CAP000149_CAM01,CAP000149,CAM01,02_data\private_raw\S004\SE01\CAM01\S004_SE01_CAP000149_CAM01.jpg,2026-08-28T15:19:08.822+00:00,1920,1080,266.81,auto,unannotated,frontal,none
S004_SE01_CAP000149_CAM02,CAP000149,CAM02,02_data\private_raw\S004\SE01\CAM02\S004_SE01_CAP000149_CAM02.jpg,2026-08-28T15:19:08.862+00:00,1920,1080,244.97,auto,unannotated,lateral,left
S004_SE01_CAP000150_CAM01,CAP000150,CAM01,02_data\private_raw\S004\SE01\CAM01\S004_SE01_CAP000150_CAM01.jpg,2026-08-28T15:19:11.142+00:00,1920,1080,194.84,auto,unannotated,frontal,none
S004_SE01_CAP000150_CAM02,CAP000150,CAM02,02_data\private_raw\S004\SE01\CAM02\S004_SE01_CAP000150_CAM02.jpg,2026-08-28T15:19:11.127+00:00,1920,1080,244.76,auto,unannotated,lateral,left
S004_SE01_CAP000151_CAM01,CAP000151,CAM01,02_data\private_raw\S004\SE01\CAM01\S004_SE01_CAP000151_CAM01.jpg,2026-08-28T15:19:13.730+00:00,1920,1080,261.34,auto,unannotated,frontal,none
S004_SE01_CAP000151_CAM02,CAP000151,CAM02,02_data\private_raw\S004\SE01\CAM02\S004_SE01_CAP000151_CAM02.jpg,2026-08-28T15:19:13.718+00:00,1920,1080,245.49,auto,unannotated,lateral,left
S004_SE01_CAP000152_CAM01,CAP000152,CAM01,02_data\private_raw\S004\SE01\CAM01\S004_SE01_CAP000152_CAM01.jpg,2026-08-28T15:19:25.800+00:00,1920,1080,207.53,auto,unannotated,frontal,none
S004_SE01_CAP000152_CAM02,CAP000152,CAM02,02_data\private_raw\S004\SE01\CAM02\S004_SE01_CAP000152_CAM02.jpg,2026-08-28T15:19:25.818+00:00,1920,1080,235.9,auto,unannotated,lateral,left
S004_SE01_CAP000153_CAM01,CAP000153,CAM01,02_data\private_raw\S004\SE01\CAM01\S004_SE01_CAP000153_CAM01.jpg,2026-08-28T15:19:28.259+00:00,1920,1080,180.57,auto,unannotated,frontal,none
S004_SE01_CAP000153_CAM02,CAP000153,CAM02,02_data\private_raw\S004\SE01\CAM02\S004_SE01_CAP000153_CAM02.jpg,2026-08-28T15:19:28.267+00:00,1920,1080,237.08,auto,unannotated,lateral,left
S004_SE01_CAP000154_CAM01,CAP000154,CAM01,02_data\private_raw\S004\SE01\CAM01\S004_SE01_CAP000154_CAM01.jpg,2026-08-28T15:19:30.429+00:00,1920,1080,222.04,auto,unannotated,frontal,none
S004_SE01_CAP000154_CAM02,CAP000154,CAM02,02_data\private_raw\S004\SE01\CAM02\S004_SE01_CAP000154_CAM02.jpg,2026-08-28T15:19:30.452+00:00,1920,1080,236.01,auto,unannotated,lateral,left
S004_SE01_CAP000155_CAM01,CAP000155,CAM01,02_data\private_raw\S004\SE01\CAM01\S004_SE01_CAP000155_CAM01.jpg,2026-08-28T15:19:32.325+00:00,1920,1080,235.18,auto,unannotated,frontal,none
S004_SE01_CAP000155_CAM02,CAP000155,CAM02,02_data\private_raw\S004\SE01\CAM02\S004_SE01_CAP000155_CAM02.jpg,2026-08-28T15:19:32.332+00:00,1920,1080,233.05,auto,unannotated,lateral,left
S004_SE01_CAP000156_CAM01,CAP000156,CAM01,02_data\private_raw\S004\SE01\CAM01\S004_SE01_CAP000156_CAM01.jpg,2026-08-28T15:19:34.685+00:00,1920,1080,62.87,auto,unannotated,frontal,none
S004_SE01_CAP000156_CAM02,CAP000156,CAM02,02_data\private_raw\S004\SE01\CAM02\S004_SE01_CAP000156_CAM02.jpg,2026-08-28T15:19:34.647+00:00,1920,1080,235.94,auto,unannotated,lateral,left
S005_SE01_CAP000157_CAM01,CAP000157,CAM01,02_data\private_raw\S005\SE01\CAM01\S005_SE01_CAP000157_CAM01.jpg,2026-08-30T10:40:27.701+00:00,1920,1080,306.58,auto,unannotated,frontal,none
S005_SE01_CAP000157_CAM02,CAP000157,CAM02,02_data\private_raw\S005\SE01\CAM02\S005_SE01_CAP000157_CAM02.jpg,2026-08-30T10:40:27.698+00:00,1920,1080,241.34,auto,unannotated,lateral,right
S005_SE01_CAP000158_CAM01,CAP000158,CAM01,02_data\private_raw\S005\SE01\CAM01\S005_SE01_CAP000158_CAM01.jpg,2026-08-30T10:40:30.648+00:00,1920,1080,322.93,auto,unannotated,frontal,none
S005_SE01_CAP000158_CAM02,CAP000158,CAM02,02_data\private_raw\S005\SE01\CAM02\S005_SE01_CAP000158_CAM02.jpg,2026-08-30T10:40:30.651+00:00,1920,1080,241.41,auto,unannotated,lateral,right
S005_SE01_CAP000159_CAM01,CAP000159,CAM01,02_data\private_raw\S005\SE01\CAM01\S005_SE01_CAP000159_CAM01.jpg,2026-08-30T10:40:32.936+00:00,1920,1080,329.97,auto,unannotated,frontal,none
S005_SE01_CAP000159_CAM02,CAP000159,CAM02,02_data\private_raw\S005\SE01\CAM02\S005_SE01_CAP000159_CAM02.jpg,2026-08-30T10:40:32.922+00:00,1920,1080,241.82,auto,unannotated,lateral,right
S005_SE01_CAP000160_CAM01,CAP000160,CAM01,02_data\private_raw\S005\SE01\CAM01\S005_SE01_CAP000160_CAM01.jpg,2026-08-30T10:40:36.250+00:00,1920,1080,329.08,auto,unannotated,frontal,none
S005_SE01_CAP000160_CAM02,CAP000160,CAM02,02_data\private_raw\S005\SE01\CAM02\S005_SE01_CAP000160_CAM02.jpg,2026-08-30T10:40:36.250+00:00,1920,1080,244.93,auto,unannotated,lateral,right
S005_SE01_CAP000161_CAM01,CAP000161,CAM01,02_data\private_raw\S005\SE01\CAM01\S005_SE01_CAP000161_CAM01.jpg,2026-08-30T10:40:37.943+00:00,1920,1080,328.36,auto,unannotated,frontal,none
S005_SE01_CAP000161_CAM02,CAP000161,CAM02,02_data\private_raw\S005\SE01\CAM02\S005_SE01_CAP000161_CAM02.jpg,2026-08-30T10:40:37.945+00:00,1920,1080,244.42,auto,unannotated,lateral,right
S005_SE01_CAP000162_CAM01,CAP000162,CAM01,02_data\private_raw\S005\SE01\CAM01\S005_SE01_CAP000162_CAM01.jpg,2026-08-30T10:40:59.849+00:00,1920,1080,181.19,auto,unannotated,frontal,none
S005_SE01_CAP000162_CAM02,CAP000162,CAM02,02_data\private_raw\S005\SE01\CAM02\S005_SE01_CAP000162_CAM02.jpg,2026-08-30T10:40:59.894+00:00,1920,1080,236.06,auto,unannotated,lateral,right
S005_SE01_CAP000163_CAM01,CAP000163,CAM01,02_data\private_raw\S005\SE01\CAM01\S005_SE01_CAP000163_CAM01.jpg,2026-08-30T10:41:01.606+00:00,1920,1080,260.1,auto,unannotated,frontal,none
S005_SE01_CAP000163_CAM02,CAP000163,CAM02,02_data\private_raw\S005\SE01\CAM02\S005_SE01_CAP000163_CAM02.jpg,2026-08-30T10:41:01.591+00:00,1920,1080,236.74,auto,unannotated,lateral,right
S005_SE01_CAP000164_CAM01,CAP000164,CAM01,02_data\private_raw\S005\SE01\CAM01\S005_SE01_CAP000164_CAM01.jpg,2026-08-30T10:41:03.399+00:00,1920,1080,272.7,auto,unannotated,frontal,none
S005_SE01_CAP000164_CAM02,CAP000164,CAM02,02_data\private_raw\S005\SE01\CAM02\S005_SE01_CAP000164_CAM02.jpg,2026-08-30T10:41:03.448+00:00,1920,1080,236.4,auto,unannotated,lateral,right
S005_SE01_CAP000165_CAM01,CAP000165,CAM01,02_data\private_raw\S005\SE01\CAM01\S005_SE01_CAP000165_CAM01.jpg,2026-08-30T10:41:04.769+00:00,1920,1080,141.24,auto,unannotated,frontal,none
S005_SE01_CAP000165_CAM02,CAP000165,CAM02,02_data\private_raw\S005\SE01\CAM02\S005_SE01_CAP000165_CAM02.jpg,2026-08-30T10:41:04.778+00:00,1920,1080,236.86,auto,unannotated,lateral,right
S005_SE01_CAP000166_CAM01,CAP000166,CAM01,02_data\private_raw\S005\SE01\CAM01\S005_SE01_CAP000166_CAM01.jpg,2026-08-30T10:41:06.462+00:00,1920,1080,270.06,auto,unannotated,frontal,none
S005_SE01_CAP000166_CAM02,CAP000166,CAM02,02_data\private_raw\S005\SE01\CAM02\S005_SE01_CAP000166_CAM02.jpg,2026-08-30T10:41:06.473+00:00,1920,1080,236.59,auto,unannotated,lateral,right
S005_SE01_CAP000167_CAM01,CAP000167,CAM01,02_data\private_raw\S005\SE01\CAM01\S005_SE01_CAP000167_CAM01.jpg,2026-08-30T10:41:20.927+00:00,1920,1080,57.96,auto,unannotated,frontal,none
S005_SE01_CAP000167_CAM02,CAP000167,CAM02,02_data\private_raw\S005\SE01\CAM02\S005_SE01_CAP000167_CAM02.jpg,2026-08-30T10:41:20.951+00:00,1920,1080,225.03,auto,unannotated,lateral,right
S005_SE01_CAP000168_CAM01,CAP000168,CAM01,02_data\private_raw\S005\SE01\CAM01\S005_SE01_CAP000168_CAM01.jpg,2026-08-30T10:41:23.112+00:00,1920,1080,251.11,auto,unannotated,frontal,none
S005_SE01_CAP000168_CAM02,CAP000168,CAM02,02_data\private_raw\S005\SE01\CAM02\S005_SE01_CAP000168_CAM02.jpg,2026-08-30T10:41:23.143+00:00,1920,1080,231.02,auto,unannotated,lateral,right
S005_SE01_CAP000169_CAM01,CAP000169,CAM01,02_data\private_raw\S005\SE01\CAM01\S005_SE01_CAP000169_CAM01.jpg,2026-08-30T10:41:27.864+00:00,1920,1080,276.74,auto,unannotated,frontal,none
S005_SE01_CAP000169_CAM02,CAP000169,CAM02,02_data\private_raw\S005\SE01\CAM02\S005_SE01_CAP000169_CAM02.jpg,2026-08-30T10:41:27.868+00:00,1920,1080,234.76,auto,unannotated,lateral,right
S005_SE01_CAP000170_CAM01,CAP000170,CAM01,02_data\private_raw\S005\SE01\CAM01\S005_SE01_CAP000170_CAM01.jpg,2026-08-30T10:41:29.584+00:00,1920,1080,135.45,auto,unannotated,frontal,none
S005_SE01_CAP000170_CAM02,CAP000170,CAM02,02_data\private_raw\S005\SE01\CAM02\S005_SE01_CAP000170_CAM02.jpg,2026-08-30T10:41:29.593+00:00,1920,1080,236.55,auto,unannotated,lateral,right
S005_SE01_CAP000171_CAM01,CAP000171,CAM01,02_data\private_raw\S005\SE01\CAM01\S005_SE01_CAP000171_CAM01.jpg,2026-08-30T10:41:31.508+00:00,1920,1080,286.07,auto,unannotated,frontal,none
S005_SE01_CAP000171_CAM02,CAP000171,CAM02,02_data\private_raw\S005\SE01\CAM02\S005_SE01_CAP000171_CAM02.jpg,2026-08-30T10:41:31.526+00:00,1920,1080,233.72,auto,unannotated,lateral,right
S005_SE01_CAP000172_CAM01,CAP000172,CAM01,02_data\private_raw\S005\SE01\CAM01\S005_SE01_CAP000172_CAM01.jpg,2026-08-30T10:41:39.159+00:00,1920,1080,280.71,auto,unannotated,frontal,none
S005_SE01_CAP000172_CAM02,CAP000172,CAM02,02_data\private_raw\S005\SE01\CAM02\S005_SE01_CAP000172_CAM02.jpg,2026-08-30T10:41:39.175+00:00,1920,1080,230.92,auto,unannotated,lateral,right
S005_SE01_CAP000173_CAM01,CAP000173,CAM01,02_data\private_raw\S005\SE01\CAM01\S005_SE01_CAP000173_CAM01.jpg,2026-08-30T10:41:40.898+00:00,1920,1080,280.73,auto,unannotated,frontal,none
S005_SE01_CAP000173_CAM02,CAP000173,CAM02,02_data\private_raw\S005\SE01\CAM02\S005_SE01_CAP000173_CAM02.jpg,2026-08-30T10:41:40.909+00:00,1920,1080,231.0,auto,unannotated,lateral,right
S005_SE01_CAP000174_CAM01,CAP000174,CAM01,02_data\private_raw\S005\SE01\CAM01\S005_SE01_CAP000174_CAM01.jpg,2026-08-30T10:41:42.569+00:00,1920,1080,98.7,auto,unannotated,frontal,none
S005_SE01_CAP000174_CAM02,CAP000174,CAM02,02_data\private_raw\S005\SE01\CAM02\S005_SE01_CAP000174_CAM02.jpg,2026-08-30T10:41:42.572+00:00,1920,1080,231.76,auto,unannotated,lateral,right
S005_SE01_CAP000175_CAM01,CAP000175,CAM01,02_data\private_raw\S005\SE01\CAM01\S005_SE01_CAP000175_CAM01.jpg,2026-08-30T10:41:44.006+00:00,1920,1080,277.92,auto,unannotated,frontal,none
S005_SE01_CAP000175_CAM02,CAP000175,CAM02,02_data\private_raw\S005\SE01\CAM02\S005_SE01_CAP000175_CAM02.jpg,2026-08-30T10:41:44.024+00:00,1920,1080,232.99,auto,unannotated,lateral,right
S005_SE01_CAP000176_CAM01,CAP000176,CAM01,02_data\private_raw\S005\SE01\CAM01\S005_SE01_CAP000176_CAM01.jpg,2026-08-30T10:41:48.700+00:00,1920,1080,281.07,auto,unannotated,frontal,none
S005_SE01_CAP000176_CAM02,CAP000176,CAM02,02_data\private_raw\S005\SE01\CAM02\S005_SE01_CAP000176_CAM02.jpg,2026-08-30T10:41:48.712+00:00,1920,1080,234.06,auto,unannotated,lateral,right
S005_SE01_CAP000177_CAM01,CAP000177,CAM01,02_data\private_raw\S005\SE01\CAM01\S005_SE01_CAP000177_CAM01.jpg,2026-08-30T10:41:56.115+00:00,1920,1080,289.54,auto,unannotated,frontal,none
S005_SE01_CAP000177_CAM02,CAP000177,CAM02,02_data\private_raw\S005\SE01\CAM02\S005_SE01_CAP000177_CAM02.jpg,2026-08-30T10:41:56.134+00:00,1920,1080,234.96,auto,unannotated,lateral,right
S005_SE01_CAP000178_CAM01,CAP000178,CAM01,02_data\private_raw\S005\SE01\CAM01\S005_SE01_CAP000178_CAM01.jpg,2026-08-30T10:41:57.940+00:00,1920,1080,289.18,auto,unannotated,frontal,none
S005_SE01_CAP000178_CAM02,CAP000178,CAM02,02_data\private_raw\S005\SE01\CAM02\S005_SE01_CAP000178_CAM02.jpg,2026-08-30T10:41:57.961+00:00,1920,1080,234.42,auto,unannotated,lateral,right
S005_SE01_CAP000179_CAM01,CAP000179,CAM01,02_data\private_raw\S005\SE01\CAM01\S005_SE01_CAP000179_CAM01.jpg,2026-08-30T10:41:59.800+00:00,1920,1080,290.2,auto,unannotated,frontal,none
S005_SE01_CAP000179_CAM02,CAP000179,CAM02,02_data\private_raw\S005\SE01\CAM02\S005_SE01_CAP000179_CAM02.jpg,2026-08-30T10:41:59.829+00:00,1920,1080,233.71,auto,unannotated,lateral,right
S005_SE01_CAP000180_CAM01,CAP000180,CAM01,02_data\private_raw\S005\SE01\CAM01\S005_SE01_CAP000180_CAM01.jpg,2026-08-30T10:42:01.352+00:00,1920,1080,262.09,auto,unannotated,frontal,none
S005_SE01_CAP000180_CAM02,CAP000180,CAM02,02_data\private_raw\S005\SE01\CAM02\S005_SE01_CAP000180_CAM02.jpg,2026-08-30T10:42:01.358+00:00,1920,1080,233.53,auto,unannotated,lateral,right
S005_SE01_CAP000181_CAM01,CAP000181,CAM01,02_data\private_raw\S005\SE01\CAM01\S005_SE01_CAP000181_CAM01.jpg,2026-08-30T10:42:02.813+00:00,1920,1080,290.12,auto,unannotated,frontal,none
S005_SE01_CAP000181_CAM02,CAP000181,CAM02,02_data\private_raw\S005\SE01\CAM02\S005_SE01_CAP000181_CAM02.jpg,2026-08-30T10:42:02.791+00:00,1920,1080,232.37,auto,unannotated,lateral,right
S005_SE01_CAP000182_CAM01,CAP000182,CAM01,02_data\private_raw\S005\SE01\CAM01\S005_SE01_CAP000182_CAM01.jpg,2026-08-30T10:42:23.568+00:00,1920,1080,265.08,auto,unannotated,frontal,none
S005_SE01_CAP000182_CAM02,CAP000182,CAM02,02_data\private_raw\S005\SE01\CAM02\S005_SE01_CAP000182_CAM02.jpg,2026-08-30T10:42:23.579+00:00,1920,1080,232.31,auto,unannotated,lateral,right
S005_SE01_CAP000183_CAM01,CAP000183,CAM01,02_data\private_raw\S005\SE01\CAM01\S005_SE01_CAP000183_CAM01.jpg,2026-08-30T10:42:25.562+00:00,1920,1080,276.89,auto,unannotated,frontal,none
S005_SE01_CAP000183_CAM02,CAP000183,CAM02,02_data\private_raw\S005\SE01\CAM02\S005_SE01_CAP000183_CAM02.jpg,2026-08-30T10:42:25.529+00:00,1920,1080,231.87,auto,unannotated,lateral,right
S005_SE01_CAP000184_CAM01,CAP000184,CAM01,02_data\private_raw\S005\SE01\CAM01\S005_SE01_CAP000184_CAM01.jpg,2026-08-30T10:42:27.662+00:00,1920,1080,271.2,auto,unannotated,frontal,none
S005_SE01_CAP000184_CAM02,CAP000184,CAM02,02_data\private_raw\S005\SE01\CAM02\S005_SE01_CAP000184_CAM02.jpg,2026-08-30T10:42:27.703+00:00,1920,1080,231.52,auto,unannotated,lateral,right
S005_SE01_CAP000185_CAM01,CAP000185,CAM01,02_data\private_raw\S005\SE01\CAM01\S005_SE01_CAP000185_CAM01.jpg,2026-08-30T10:42:29.318+00:00,1920,1080,271.97,auto,unannotated,frontal,none
S005_SE01_CAP000185_CAM02,CAP000185,CAM02,02_data\private_raw\S005\SE01\CAM02\S005_SE01_CAP000185_CAM02.jpg,2026-08-30T10:42:29.321+00:00,1920,1080,232.54,auto,unannotated,lateral,right
S005_SE01_CAP000186_CAM01,CAP000186,CAM01,02_data\private_raw\S005\SE01\CAM01\S005_SE01_CAP000186_CAM01.jpg,2026-08-30T10:42:31.076+00:00,1920,1080,275.69,auto,unannotated,frontal,none
S005_SE01_CAP000186_CAM02,CAP000186,CAM02,02_data\private_raw\S005\SE01\CAM02\S005_SE01_CAP000186_CAM02.jpg,2026-08-30T10:42:31.096+00:00,1920,1080,231.97,auto,unannotated,lateral,right
S005_SE01_CAP000187_CAM01,CAP000187,CAM01,02_data\private_raw\S005\SE01\CAM01\S005_SE01_CAP000187_CAM01.jpg,2026-08-30T10:42:46.332+00:00,1920,1080,212.34,auto,unannotated,frontal,none
S005_SE01_CAP000187_CAM02,CAP000187,CAM02,02_data\private_raw\S005\SE01\CAM02\S005_SE01_CAP000187_CAM02.jpg,2026-08-30T10:42:46.359+00:00,1920,1080,233.18,auto,unannotated,lateral,right
S005_SE01_CAP000188_CAM01,CAP000188,CAM01,02_data\private_raw\S005\SE01\CAM01\S005_SE01_CAP000188_CAM01.jpg,2026-08-30T10:42:48.372+00:00,1920,1080,213.31,auto,unannotated,frontal,none
S005_SE01_CAP000188_CAM02,CAP000188,CAM02,02_data\private_raw\S005\SE01\CAM02\S005_SE01_CAP000188_CAM02.jpg,2026-08-30T10:42:48.346+00:00,1920,1080,231.29,auto,unannotated,lateral,right
S005_SE01_CAP000189_CAM01,CAP000189,CAM01,02_data\private_raw\S005\SE01\CAM01\S005_SE01_CAP000189_CAM01.jpg,2026-08-30T10:42:50.334+00:00,1920,1080,213.65,auto,unannotated,frontal,none
S005_SE01_CAP000189_CAM02,CAP000189,CAM02,02_data\private_raw\S005\SE01\CAM02\S005_SE01_CAP000189_CAM02.jpg,2026-08-30T10:42:50.310+00:00,1920,1080,232.11,auto,unannotated,lateral,right
S005_SE01_CAP000190_CAM01,CAP000190,CAM01,02_data\private_raw\S005\SE01\CAM01\S005_SE01_CAP000190_CAM01.jpg,2026-08-30T10:42:51.767+00:00,1920,1080,213.8,auto,unannotated,frontal,none
S005_SE01_CAP000190_CAM02,CAP000190,CAM02,02_data\private_raw\S005\SE01\CAM02\S005_SE01_CAP000190_CAM02.jpg,2026-08-30T10:42:51.752+00:00,1920,1080,231.54,auto,unannotated,lateral,right
S005_SE01_CAP000191_CAM01,CAP000191,CAM01,02_data\private_raw\S005\SE01\CAM01\S005_SE01_CAP000191_CAM01.jpg,2026-08-30T10:42:53.947+00:00,1920,1080,216.75,auto,unannotated,frontal,none
S005_SE01_CAP000191_CAM02,CAP000191,CAM02,02_data\private_raw\S005\SE01\CAM02\S005_SE01_CAP000191_CAM02.jpg,2026-08-30T10:42:53.947+00:00,1920,1080,231.29,auto,unannotated,lateral,right
S005_SE01_CAP000192_CAM01,CAP000192,CAM01,02_data\private_raw\S005\SE01\CAM01\S005_SE01_CAP000192_CAM01.jpg,2026-08-30T10:43:18.327+00:00,1920,1080,165.33,auto,unannotated,frontal,none
S005_SE01_CAP000192_CAM02,CAP000192,CAM02,02_data\private_raw\S005\SE01\CAM02\S005_SE01_CAP000192_CAM02.jpg,2026-08-30T10:43:18.361+00:00,1920,1080,336.47,auto,unannotated,lateral,right
S006_SE01_CAP000193_CAM01,CAP000193,CAM01,02_data\private_raw\S006\SE01\CAM01\S006_SE01_CAP000193_CAM01.jpg,2026-08-30T10:45:20.482+00:00,1920,1080,300.63,auto,unannotated,frontal,none
S006_SE01_CAP000193_CAM02,CAP000193,CAM02,02_data\private_raw\S006\SE01\CAM02\S006_SE01_CAP000193_CAM02.jpg,2026-08-30T10:45:20.504+00:00,1920,1080,282.09,auto,unannotated,lateral,right
S006_SE01_CAP000194_CAM01,CAP000194,CAM01,02_data\private_raw\S006\SE01\CAM01\S006_SE01_CAP000194_CAM01.jpg,2026-08-30T10:45:22.530+00:00,1920,1080,301.59,auto,unannotated,frontal,none
S006_SE01_CAP000194_CAM02,CAP000194,CAM02,02_data\private_raw\S006\SE01\CAM02\S006_SE01_CAP000194_CAM02.jpg,2026-08-30T10:45:22.569+00:00,1920,1080,284.75,auto,unannotated,lateral,right
S006_SE01_CAP000195_CAM01,CAP000195,CAM01,02_data\private_raw\S006\SE01\CAM01\S006_SE01_CAP000195_CAM01.jpg,2026-08-30T10:45:24.129+00:00,1920,1080,301.75,auto,unannotated,frontal,none
S006_SE01_CAP000195_CAM02,CAP000195,CAM02,02_data\private_raw\S006\SE01\CAM02\S006_SE01_CAP000195_CAM02.jpg,2026-08-30T10:45:24.165+00:00,1920,1080,284.29,auto,unannotated,lateral,right
S006_SE01_CAP000196_CAM01,CAP000196,CAM01,02_data\private_raw\S006\SE01\CAM01\S006_SE01_CAP000196_CAM01.jpg,2026-08-30T10:45:25.600+00:00,1920,1080,156.39,auto,unannotated,frontal,none
S006_SE01_CAP000196_CAM02,CAP000196,CAM02,02_data\private_raw\S006\SE01\CAM02\S006_SE01_CAP000196_CAM02.jpg,2026-08-30T10:45:25.596+00:00,1920,1080,283.6,auto,unannotated,lateral,right
S006_SE01_CAP000197_CAM01,CAP000197,CAM01,02_data\private_raw\S006\SE01\CAM01\S006_SE01_CAP000197_CAM01.jpg,2026-08-30T10:45:27.240+00:00,1920,1080,304.36,auto,unannotated,frontal,none
S006_SE01_CAP000197_CAM02,CAP000197,CAM02,02_data\private_raw\S006\SE01\CAM02\S006_SE01_CAP000197_CAM02.jpg,2026-08-30T10:45:27.257+00:00,1920,1080,283.03,auto,unannotated,lateral,right
S006_SE01_CAP000198_CAM01,CAP000198,CAM01,02_data\private_raw\S006\SE01\CAM01\S006_SE01_CAP000198_CAM01.jpg,2026-08-30T10:45:37.807+00:00,1920,1080,262.64,auto,unannotated,frontal,none
S006_SE01_CAP000198_CAM02,CAP000198,CAM02,02_data\private_raw\S006\SE01\CAM02\S006_SE01_CAP000198_CAM02.jpg,2026-08-30T10:45:37.809+00:00,1920,1080,279.62,auto,unannotated,lateral,right
S006_SE01_CAP000199_CAM01,CAP000199,CAM01,02_data\private_raw\S006\SE01\CAM01\S006_SE01_CAP000199_CAM01.jpg,2026-08-30T10:45:39.488+00:00,1920,1080,72.98,auto,unannotated,frontal,none
S006_SE01_CAP000199_CAM02,CAP000199,CAM02,02_data\private_raw\S006\SE01\CAM02\S006_SE01_CAP000199_CAM02.jpg,2026-08-30T10:45:39.503+00:00,1920,1080,277.58,auto,unannotated,lateral,right
S006_SE01_CAP000200_CAM01,CAP000200,CAM01,02_data\private_raw\S006\SE01\CAM01\S006_SE01_CAP000200_CAM01.jpg,2026-08-30T10:45:41.098+00:00,1920,1080,261.49,auto,unannotated,frontal,none
S006_SE01_CAP000200_CAM02,CAP000200,CAM02,02_data\private_raw\S006\SE01\CAM02\S006_SE01_CAP000200_CAM02.jpg,2026-08-30T10:45:41.100+00:00,1920,1080,279.05,auto,unannotated,lateral,right
S006_SE01_CAP000201_CAM01,CAP000201,CAM01,02_data\private_raw\S006\SE01\CAM01\S006_SE01_CAP000201_CAM01.jpg,2026-08-30T10:45:42.944+00:00,1920,1080,61.85,auto,unannotated,frontal,none
S006_SE01_CAP000201_CAM02,CAP000201,CAM02,02_data\private_raw\S006\SE01\CAM02\S006_SE01_CAP000201_CAM02.jpg,2026-08-30T10:45:42.985+00:00,1920,1080,276.64,auto,unannotated,lateral,right
S006_SE01_CAP000202_CAM01,CAP000202,CAM01,02_data\private_raw\S006\SE01\CAM01\S006_SE01_CAP000202_CAM01.jpg,2026-08-30T10:45:44.356+00:00,1920,1080,279.59,auto,unannotated,frontal,none
S006_SE01_CAP000202_CAM02,CAP000202,CAM02,02_data\private_raw\S006\SE01\CAM02\S006_SE01_CAP000202_CAM02.jpg,2026-08-30T10:45:44.358+00:00,1920,1080,277.15,auto,unannotated,lateral,right
S006_SE01_CAP000203_CAM01,CAP000203,CAM01,02_data\private_raw\S006\SE01\CAM01\S006_SE01_CAP000203_CAM01.jpg,2026-08-30T10:45:56.686+00:00,1920,1080,333.62,auto,unannotated,frontal,none
S006_SE01_CAP000203_CAM02,CAP000203,CAM02,02_data\private_raw\S006\SE01\CAM02\S006_SE01_CAP000203_CAM02.jpg,2026-08-30T10:45:56.698+00:00,1920,1080,268.34,auto,unannotated,lateral,right
S006_SE01_CAP000204_CAM01,CAP000204,CAM01,02_data\private_raw\S006\SE01\CAM01\S006_SE01_CAP000204_CAM01.jpg,2026-08-30T10:45:58.257+00:00,1920,1080,78.7,auto,unannotated,frontal,none
S006_SE01_CAP000204_CAM02,CAP000204,CAM02,02_data\private_raw\S006\SE01\CAM02\S006_SE01_CAP000204_CAM02.jpg,2026-08-30T10:45:58.260+00:00,1920,1080,265.21,auto,unannotated,lateral,right
S006_SE01_CAP000205_CAM01,CAP000205,CAM01,02_data\private_raw\S006\SE01\CAM01\S006_SE01_CAP000205_CAM01.jpg,2026-08-30T10:45:59.747+00:00,1920,1080,330.42,auto,unannotated,frontal,none
S006_SE01_CAP000205_CAM02,CAP000205,CAM02,02_data\private_raw\S006\SE01\CAM02\S006_SE01_CAP000205_CAM02.jpg,2026-08-30T10:45:59.722+00:00,1920,1080,266.08,auto,unannotated,lateral,right
S006_SE01_CAP000206_CAM01,CAP000206,CAM01,02_data\private_raw\S006\SE01\CAM01\S006_SE01_CAP000206_CAM01.jpg,2026-08-30T10:46:02.160+00:00,1920,1080,336.64,auto,unannotated,frontal,none
S006_SE01_CAP000206_CAM02,CAP000206,CAM02,02_data\private_raw\S006\SE01\CAM02\S006_SE01_CAP000206_CAM02.jpg,2026-08-30T10:46:02.161+00:00,1920,1080,262.5,auto,unannotated,lateral,right
S006_SE01_CAP000207_CAM01,CAP000207,CAM01,02_data\private_raw\S006\SE01\CAM01\S006_SE01_CAP000207_CAM01.jpg,2026-08-30T10:46:03.793+00:00,1920,1080,122.26,auto,unannotated,frontal,none
S006_SE01_CAP000207_CAM02,CAP000207,CAM02,02_data\private_raw\S006\SE01\CAM02\S006_SE01_CAP000207_CAM02.jpg,2026-08-30T10:46:03.773+00:00,1920,1080,264.48,auto,unannotated,lateral,right
S006_SE01_CAP000208_CAM01,CAP000208,CAM01,02_data\private_raw\S006\SE01\CAM01\S006_SE01_CAP000208_CAM01.jpg,2026-08-30T10:46:11.872+00:00,1920,1080,274.33,auto,unannotated,frontal,none
S006_SE01_CAP000208_CAM02,CAP000208,CAM02,02_data\private_raw\S006\SE01\CAM02\S006_SE01_CAP000208_CAM02.jpg,2026-08-30T10:46:11.874+00:00,1920,1080,257.19,auto,unannotated,lateral,right
S006_SE01_CAP000209_CAM01,CAP000209,CAM01,02_data\private_raw\S006\SE01\CAM01\S006_SE01_CAP000209_CAM01.jpg,2026-08-30T10:46:13.365+00:00,1920,1080,283.88,auto,unannotated,frontal,none
S006_SE01_CAP000209_CAM02,CAP000209,CAM02,02_data\private_raw\S006\SE01\CAM02\S006_SE01_CAP000209_CAM02.jpg,2026-08-30T10:46:13.387+00:00,1920,1080,258.66,auto,unannotated,lateral,right
S006_SE01_CAP000210_CAM01,CAP000210,CAM01,02_data\private_raw\S006\SE01\CAM01\S006_SE01_CAP000210_CAM01.jpg,2026-08-30T10:46:14.908+00:00,1920,1080,283.43,auto,unannotated,frontal,none
S006_SE01_CAP000210_CAM02,CAP000210,CAM02,02_data\private_raw\S006\SE01\CAM02\S006_SE01_CAP000210_CAM02.jpg,2026-08-30T10:46:14.888+00:00,1920,1080,259.94,auto,unannotated,lateral,right
S006_SE01_CAP000211_CAM01,CAP000211,CAM01,02_data\private_raw\S006\SE01\CAM01\S006_SE01_CAP000211_CAM01.jpg,2026-08-30T10:46:16.503+00:00,1920,1080,113.82,auto,unannotated,frontal,none
S006_SE01_CAP000211_CAM02,CAP000211,CAM02,02_data\private_raw\S006\SE01\CAM02\S006_SE01_CAP000211_CAM02.jpg,2026-08-30T10:46:16.489+00:00,1920,1080,257.87,auto,unannotated,lateral,right
S006_SE01_CAP000212_CAM01,CAP000212,CAM01,02_data\private_raw\S006\SE01\CAM01\S006_SE01_CAP000212_CAM01.jpg,2026-08-30T10:46:19.031+00:00,1920,1080,284.24,auto,unannotated,frontal,none
S006_SE01_CAP000212_CAM02,CAP000212,CAM02,02_data\private_raw\S006\SE01\CAM02\S006_SE01_CAP000212_CAM02.jpg,2026-08-30T10:46:19.053+00:00,1920,1080,257.15,auto,unannotated,lateral,right
S006_SE01_CAP000213_CAM01,CAP000213,CAM01,02_data\private_raw\S006\SE01\CAM01\S006_SE01_CAP000213_CAM01.jpg,2026-08-30T10:46:26.118+00:00,1920,1080,294.62,auto,unannotated,frontal,none
S006_SE01_CAP000213_CAM02,CAP000213,CAM02,02_data\private_raw\S006\SE01\CAM02\S006_SE01_CAP000213_CAM02.jpg,2026-08-30T10:46:26.126+00:00,1920,1080,263.13,auto,unannotated,lateral,right
S006_SE01_CAP000214_CAM01,CAP000214,CAM01,02_data\private_raw\S006\SE01\CAM01\S006_SE01_CAP000214_CAM01.jpg,2026-08-30T10:46:27.719+00:00,1920,1080,298.37,auto,unannotated,frontal,none
S006_SE01_CAP000214_CAM02,CAP000214,CAM02,02_data\private_raw\S006\SE01\CAM02\S006_SE01_CAP000214_CAM02.jpg,2026-08-30T10:46:27.693+00:00,1920,1080,265.1,auto,unannotated,lateral,right
S006_SE01_CAP000215_CAM01,CAP000215,CAM01,02_data\private_raw\S006\SE01\CAM01\S006_SE01_CAP000215_CAM01.jpg,2026-08-30T10:46:29.155+00:00,1920,1080,77.87,auto,unannotated,frontal,none
S006_SE01_CAP000215_CAM02,CAP000215,CAM02,02_data\private_raw\S006\SE01\CAM02\S006_SE01_CAP000215_CAM02.jpg,2026-08-30T10:46:29.126+00:00,1920,1080,261.23,auto,unannotated,lateral,right
S006_SE01_CAP000216_CAM01,CAP000216,CAM01,02_data\private_raw\S006\SE01\CAM01\S006_SE01_CAP000216_CAM01.jpg,2026-08-30T10:46:30.531+00:00,1920,1080,295.45,auto,unannotated,frontal,none
S006_SE01_CAP000216_CAM02,CAP000216,CAM02,02_data\private_raw\S006\SE01\CAM02\S006_SE01_CAP000216_CAM02.jpg,2026-08-30T10:46:30.533+00:00,1920,1080,262.98,auto,unannotated,lateral,right
S006_SE01_CAP000217_CAM01,CAP000217,CAM01,02_data\private_raw\S006\SE01\CAM01\S006_SE01_CAP000217_CAM01.jpg,2026-08-30T10:46:31.925+00:00,1920,1080,117.46,auto,unannotated,frontal,none
S006_SE01_CAP000217_CAM02,CAP000217,CAM02,02_data\private_raw\S006\SE01\CAM02\S006_SE01_CAP000217_CAM02.jpg,2026-08-30T10:46:31.926+00:00,1920,1080,261.47,auto,unannotated,lateral,right
S006_SE01_CAP000218_CAM01,CAP000218,CAM01,02_data\private_raw\S006\SE01\CAM01\S006_SE01_CAP000218_CAM01.jpg,2026-08-30T10:46:38.928+00:00,1920,1080,189.98,auto,unannotated,frontal,none
S006_SE01_CAP000218_CAM02,CAP000218,CAM02,02_data\private_raw\S006\SE01\CAM02\S006_SE01_CAP000218_CAM02.jpg,2026-08-30T10:46:38.903+00:00,1920,1080,262.15,auto,unannotated,lateral,right
S006_SE01_CAP000219_CAM01,CAP000219,CAM01,02_data\private_raw\S006\SE01\CAM01\S006_SE01_CAP000219_CAM01.jpg,2026-08-30T10:46:40.621+00:00,1920,1080,243.2,auto,unannotated,frontal,none
S006_SE01_CAP000219_CAM02,CAP000219,CAM02,02_data\private_raw\S006\SE01\CAM02\S006_SE01_CAP000219_CAM02.jpg,2026-08-30T10:46:40.671+00:00,1920,1080,261.35,auto,unannotated,lateral,right
S006_SE01_CAP000220_CAM01,CAP000220,CAM01,02_data\private_raw\S006\SE01\CAM01\S006_SE01_CAP000220_CAM01.jpg,2026-08-30T10:46:41.988+00:00,1920,1080,297.92,auto,unannotated,frontal,none
S006_SE01_CAP000220_CAM02,CAP000220,CAM02,02_data\private_raw\S006\SE01\CAM02\S006_SE01_CAP000220_CAM02.jpg,2026-08-30T10:46:41.998+00:00,1920,1080,259.89,auto,unannotated,lateral,right
S006_SE01_CAP000221_CAM01,CAP000221,CAM01,02_data\private_raw\S006\SE01\CAM01\S006_SE01_CAP000221_CAM01.jpg,2026-08-30T10:46:43.409+00:00,1920,1080,170.42,auto,unannotated,frontal,none
S006_SE01_CAP000221_CAM02,CAP000221,CAM02,02_data\private_raw\S006\SE01\CAM02\S006_SE01_CAP000221_CAM02.jpg,2026-08-30T10:46:43.383+00:00,1920,1080,261.96,auto,unannotated,lateral,right
S006_SE01_CAP000222_CAM01,CAP000222,CAM01,02_data\private_raw\S006\SE01\CAM01\S006_SE01_CAP000222_CAM01.jpg,2026-08-30T10:46:44.817+00:00,1920,1080,300.03,auto,unannotated,frontal,none
S006_SE01_CAP000222_CAM02,CAP000222,CAM02,02_data\private_raw\S006\SE01\CAM02\S006_SE01_CAP000222_CAM02.jpg,2026-08-30T10:46:44.796+00:00,1920,1080,261.14,auto,unannotated,lateral,right
S006_SE01_CAP000223_CAM01,CAP000223,CAM01,02_data\private_raw\S006\SE01\CAM01\S006_SE01_CAP000223_CAM01.jpg,2026-08-30T10:46:56.787+00:00,1920,1080,297.19,auto,unannotated,frontal,none
S006_SE01_CAP000223_CAM02,CAP000223,CAM02,02_data\private_raw\S006\SE01\CAM02\S006_SE01_CAP000223_CAM02.jpg,2026-08-30T10:46:56.793+00:00,1920,1080,258.51,auto,unannotated,lateral,right
S006_SE01_CAP000224_CAM01,CAP000224,CAM01,02_data\private_raw\S006\SE01\CAM01\S006_SE01_CAP000224_CAM01.jpg,2026-08-30T10:46:58.480+00:00,1920,1080,294.97,auto,unannotated,frontal,none
S006_SE01_CAP000224_CAM02,CAP000224,CAM02,02_data\private_raw\S006\SE01\CAM02\S006_SE01_CAP000224_CAM02.jpg,2026-08-30T10:46:58.493+00:00,1920,1080,259.18,auto,unannotated,lateral,right
S006_SE01_CAP000225_CAM01,CAP000225,CAM01,02_data\private_raw\S006\SE01\CAM01\S006_SE01_CAP000225_CAM01.jpg,2026-08-30T10:46:59.980+00:00,1920,1080,299.34,auto,unannotated,frontal,none
S006_SE01_CAP000225_CAM02,CAP000225,CAM02,02_data\private_raw\S006\SE01\CAM02\S006_SE01_CAP000225_CAM02.jpg,2026-08-30T10:46:59.945+00:00,1920,1080,259.33,auto,unannotated,lateral,right
S006_SE01_CAP000226_CAM01,CAP000226,CAM01,02_data\private_raw\S006\SE01\CAM01\S006_SE01_CAP000226_CAM01.jpg,2026-08-30T10:47:01.429+00:00,1920,1080,125.5,auto,unannotated,frontal,none
S006_SE01_CAP000226_CAM02,CAP000226,CAM02,02_data\private_raw\S006\SE01\CAM02\S006_SE01_CAP000226_CAM02.jpg,2026-08-30T10:47:01.426+00:00,1920,1080,259.02,auto,unannotated,lateral,right
S006_SE01_CAP000227_CAM01,CAP000227,CAM01,02_data\private_raw\S006\SE01\CAM01\S006_SE01_CAP000227_CAM01.jpg,2026-08-30T10:47:03.030+00:00,1920,1080,298.03,auto,unannotated,frontal,none
S006_SE01_CAP000227_CAM02,CAP000227,CAM02,02_data\private_raw\S006\SE01\CAM02\S006_SE01_CAP000227_CAM02.jpg,2026-08-30T10:47:03.048+00:00,1920,1080,257.92,auto,unannotated,lateral,right
S006_SE01_CAP000228_CAM01,CAP000228,CAM01,02_data\private_raw\S006\SE01\CAM01\S006_SE01_CAP000228_CAM01.jpg,2026-08-30T10:47:15.806+00:00,1920,1080,309.04,auto,unannotated,frontal,none
S006_SE01_CAP000228_CAM02,CAP000228,CAM02,02_data\private_raw\S006\SE01\CAM02\S006_SE01_CAP000228_CAM02.jpg,2026-08-30T10:47:15.818+00:00,1920,1080,255.22,auto,unannotated,lateral,right
S007_SE01_CAP000229_CAM01,CAP000229,CAM01,02_data\private_raw\S007\SE01\CAM01\S007_SE01_CAP000229_CAM01.jpg,2026-08-30T12:50:51.858+00:00,1920,1080,196.74,auto,unannotated
S007_SE01_CAP000229_CAM02,CAP000229,CAM02,02_data\private_raw\S007\SE01\CAM02\S007_SE01_CAP000229_CAM02.jpg,2026-08-30T12:50:51.833+00:00,1920,1080,259.36,auto,unannotated
S007_SE01_CAP000230_CAM01,CAP000230,CAM01,02_data\private_raw\S007\SE01\CAM01\S007_SE01_CAP000230_CAM01.jpg,2026-08-30T12:50:55.841+00:00,1920,1080,199.81,auto,unannotated
S007_SE01_CAP000230_CAM02,CAP000230,CAM02,02_data\private_raw\S007\SE01\CAM02\S007_SE01_CAP000230_CAM02.jpg,2026-08-30T12:50:55.825+00:00,1920,1080,255.57,auto,unannotated
S007_SE01_CAP000231_CAM01,CAP000231,CAM01,02_data\private_raw\S007\SE01\CAM01\S007_SE01_CAP000231_CAM01.jpg,2026-08-30T12:51:01.150+00:00,1920,1080,199.93,auto,unannotated
S007_SE01_CAP000231_CAM02,CAP000231,CAM02,02_data\private_raw\S007\SE01\CAM02\S007_SE01_CAP000231_CAM02.jpg,2026-08-30T12:51:01.185+00:00,1920,1080,255.59,auto,unannotated
S007_SE01_CAP000232_CAM01,CAP000232,CAM01,02_data\private_raw\S007\SE01\CAM01\S007_SE01_CAP000232_CAM01.jpg,2026-08-30T12:51:03.361+00:00,1920,1080,197.95,auto,unannotated
S007_SE01_CAP000232_CAM02,CAP000232,CAM02,02_data\private_raw\S007\SE01\CAM02\S007_SE01_CAP000232_CAM02.jpg,2026-08-30T12:51:03.378+00:00,1920,1080,258.3,auto,unannotated
S007_SE01_CAP000233_CAM01,CAP000233,CAM01,02_data\private_raw\S007\SE01\CAM01\S007_SE01_CAP000233_CAM01.jpg,2026-08-30T12:51:05.494+00:00,1920,1080,195.9,auto,unannotated
S007_SE01_CAP000233_CAM02,CAP000233,CAM02,02_data\private_raw\S007\SE01\CAM02\S007_SE01_CAP000233_CAM02.jpg,2026-08-30T12:51:05.510+00:00,1920,1080,254.77,auto,unannotated
S007_SE01_CAP000234_CAM01,CAP000234,CAM01,02_data\private_raw\S007\SE01\CAM01\S007_SE01_CAP000234_CAM01.jpg,2026-08-30T12:51:07.052+00:00,1920,1080,197.14,auto,unannotated
S007_SE01_CAP000234_CAM02,CAP000234,CAM02,02_data\private_raw\S007\SE01\CAM02\S007_SE01_CAP000234_CAM02.jpg,2026-08-30T12:51:07.060+00:00,1920,1080,257.34,auto,unannotated
S007_SE01_CAP000235_CAM01,CAP000235,CAM01,02_data\private_raw\S007\SE01\CAM01\S007_SE01_CAP000235_CAM01.jpg,2026-08-30T12:51:27.319+00:00,1920,1080,180.56,auto,unannotated
S007_SE01_CAP000235_CAM02,CAP000235,CAM02,02_data\private_raw\S007\SE01\CAM02\S007_SE01_CAP000235_CAM02.jpg,2026-08-30T12:51:27.328+00:00,1920,1080,243.27,auto,unannotated
S007_SE01_CAP000236_CAM01,CAP000236,CAM01,02_data\private_raw\S007\SE01\CAM01\S007_SE01_CAP000236_CAM01.jpg,2026-08-30T12:51:29.259+00:00,1920,1080,179.54,auto,unannotated
S007_SE01_CAP000236_CAM02,CAP000236,CAM02,02_data\private_raw\S007\SE01\CAM02\S007_SE01_CAP000236_CAM02.jpg,2026-08-30T12:51:29.262+00:00,1920,1080,243.12,auto,unannotated
S007_SE01_CAP000237_CAM01,CAP000237,CAM01,02_data\private_raw\S007\SE01\CAM01\S007_SE01_CAP000237_CAM01.jpg,2026-08-30T12:51:30.811+00:00,1920,1080,178.87,auto,unannotated
S007_SE01_CAP000237_CAM02,CAP000237,CAM02,02_data\private_raw\S007\SE01\CAM02\S007_SE01_CAP000237_CAM02.jpg,2026-08-30T12:51:30.849+00:00,1920,1080,241.15,auto,unannotated
S007_SE01_CAP000238_CAM01,CAP000238,CAM01,02_data\private_raw\S007\SE01\CAM01\S007_SE01_CAP000238_CAM01.jpg,2026-08-30T12:51:32.320+00:00,1920,1080,179.38,auto,unannotated
S007_SE01_CAP000238_CAM02,CAP000238,CAM02,02_data\private_raw\S007\SE01\CAM02\S007_SE01_CAP000238_CAM02.jpg,2026-08-30T12:51:32.339+00:00,1920,1080,242.71,auto,unannotated
S007_SE01_CAP000239_CAM01,CAP000239,CAM01,02_data\private_raw\S007\SE01\CAM01\S007_SE01_CAP000239_CAM01.jpg,2026-08-30T12:51:33.672+00:00,1920,1080,175.29,auto,unannotated
S007_SE01_CAP000239_CAM02,CAP000239,CAM02,02_data\private_raw\S007\SE01\CAM02\S007_SE01_CAP000239_CAM02.jpg,2026-08-30T12:51:33.674+00:00,1920,1080,240.9,auto,unannotated
S007_SE01_CAP000240_CAM01,CAP000240,CAM01,02_data\private_raw\S007\SE01\CAM01\S007_SE01_CAP000240_CAM01.jpg,2026-08-30T12:51:47.686+00:00,1920,1080,178.92,auto,unannotated
S007_SE01_CAP000240_CAM02,CAP000240,CAM02,02_data\private_raw\S007\SE01\CAM02\S007_SE01_CAP000240_CAM02.jpg,2026-08-30T12:51:47.686+00:00,1920,1080,249.43,auto,unannotated
S007_SE01_CAP000241_CAM01,CAP000241,CAM01,02_data\private_raw\S007\SE01\CAM01\S007_SE01_CAP000241_CAM01.jpg,2026-08-30T12:51:49.612+00:00,1920,1080,179.47,auto,unannotated
S007_SE01_CAP000241_CAM02,CAP000241,CAM02,02_data\private_raw\S007\SE01\CAM02\S007_SE01_CAP000241_CAM02.jpg,2026-08-30T12:51:49.636+00:00,1920,1080,248.79,auto,unannotated
S007_SE01_CAP000242_CAM01,CAP000242,CAM01,02_data\private_raw\S007\SE01\CAM01\S007_SE01_CAP000242_CAM01.jpg,2026-08-30T12:51:50.890+00:00,1920,1080,179.94,auto,unannotated
S007_SE01_CAP000242_CAM02,CAP000242,CAM02,02_data\private_raw\S007\SE01\CAM02\S007_SE01_CAP000242_CAM02.jpg,2026-08-30T12:51:50.901+00:00,1920,1080,247.69,auto,unannotated
S007_SE01_CAP000243_CAM01,CAP000243,CAM01,02_data\private_raw\S007\SE01\CAM01\S007_SE01_CAP000243_CAM01.jpg,2026-08-30T12:51:52.534+00:00,1920,1080,184.77,auto,unannotated
S007_SE01_CAP000243_CAM02,CAP000243,CAM02,02_data\private_raw\S007\SE01\CAM02\S007_SE01_CAP000243_CAM02.jpg,2026-08-30T12:51:52.534+00:00,1920,1080,250.12,auto,unannotated
S007_SE01_CAP000244_CAM01,CAP000244,CAM01,02_data\private_raw\S007\SE01\CAM01\S007_SE01_CAP000244_CAM01.jpg,2026-08-30T12:51:54.168+00:00,1920,1080,183.06,auto,unannotated
S007_SE01_CAP000244_CAM02,CAP000244,CAM02,02_data\private_raw\S007\SE01\CAM02\S007_SE01_CAP000244_CAM02.jpg,2026-08-30T12:51:54.169+00:00,1920,1080,249.99,auto,unannotated
S007_SE01_CAP000245_CAM01,CAP000245,CAM01,02_data\private_raw\S007\SE01\CAM01\S007_SE01_CAP000245_CAM01.jpg,2026-08-30T12:52:05.524+00:00,1920,1080,179.44,auto,unannotated
S007_SE01_CAP000245_CAM02,CAP000245,CAM02,02_data\private_raw\S007\SE01\CAM02\S007_SE01_CAP000245_CAM02.jpg,2026-08-30T12:52:05.539+00:00,1920,1080,239.82,auto,unannotated
S007_SE01_CAP000246_CAM01,CAP000246,CAM01,02_data\private_raw\S007\SE01\CAM01\S007_SE01_CAP000246_CAM01.jpg,2026-08-30T12:52:06.884+00:00,1920,1080,48.03,auto,unannotated
S007_SE01_CAP000246_CAM02,CAP000246,CAM02,02_data\private_raw\S007\SE01\CAM02\S007_SE01_CAP000246_CAM02.jpg,2026-08-30T12:52:06.903+00:00,1920,1080,238.64,auto,unannotated
S007_SE01_CAP000247_CAM01,CAP000247,CAM01,02_data\private_raw\S007\SE01\CAM01\S007_SE01_CAP000247_CAM01.jpg,2026-08-30T12:52:08.300+00:00,1920,1080,180.98,auto,unannotated
S007_SE01_CAP000247_CAM02,CAP000247,CAM02,02_data\private_raw\S007\SE01\CAM02\S007_SE01_CAP000247_CAM02.jpg,2026-08-30T12:52:08.304+00:00,1920,1080,239.72,auto,unannotated
S007_SE01_CAP000248_CAM01,CAP000248,CAM01,02_data\private_raw\S007\SE01\CAM01\S007_SE01_CAP000248_CAM01.jpg,2026-08-30T12:52:09.682+00:00,1920,1080,178.87,auto,unannotated
S007_SE01_CAP000248_CAM02,CAP000248,CAM02,02_data\private_raw\S007\SE01\CAM02\S007_SE01_CAP000248_CAM02.jpg,2026-08-30T12:52:09.697+00:00,1920,1080,238.15,auto,unannotated
S007_SE01_CAP000249_CAM01,CAP000249,CAM01,02_data\private_raw\S007\SE01\CAM01\S007_SE01_CAP000249_CAM01.jpg,2026-08-30T12:52:11.096+00:00,1920,1080,46.26,auto,unannotated
S007_SE01_CAP000249_CAM02,CAP000249,CAM02,02_data\private_raw\S007\SE01\CAM02\S007_SE01_CAP000249_CAM02.jpg,2026-08-30T12:52:11.097+00:00,1920,1080,239.78,auto,unannotated
S007_SE01_CAP000250_CAM01,CAP000250,CAM01,02_data\private_raw\S007\SE01\CAM01\S007_SE01_CAP000250_CAM01.jpg,2026-08-30T12:52:18.169+00:00,1920,1080,64.92,auto,unannotated
S007_SE01_CAP000250_CAM02,CAP000250,CAM02,02_data\private_raw\S007\SE01\CAM02\S007_SE01_CAP000250_CAM02.jpg,2026-08-30T12:52:18.178+00:00,1920,1080,235.57,auto,unannotated
S007_SE01_CAP000251_CAM01,CAP000251,CAM01,02_data\private_raw\S007\SE01\CAM01\S007_SE01_CAP000251_CAM01.jpg,2026-08-30T12:52:19.494+00:00,1920,1080,187.89,auto,unannotated
S007_SE01_CAP000251_CAM02,CAP000251,CAM02,02_data\private_raw\S007\SE01\CAM02\S007_SE01_CAP000251_CAM02.jpg,2026-08-30T12:52:19.510+00:00,1920,1080,232.9,auto,unannotated
S007_SE01_CAP000252_CAM01,CAP000252,CAM01,02_data\private_raw\S007\SE01\CAM01\S007_SE01_CAP000252_CAM01.jpg,2026-08-30T12:52:20.726+00:00,1920,1080,100.75,auto,unannotated
S007_SE01_CAP000252_CAM02,CAP000252,CAM02,02_data\private_raw\S007\SE01\CAM02\S007_SE01_CAP000252_CAM02.jpg,2026-08-30T12:52:20.742+00:00,1920,1080,233.73,auto,unannotated
S007_SE01_CAP000253_CAM01,CAP000253,CAM01,02_data\private_raw\S007\SE01\CAM01\S007_SE01_CAP000253_CAM01.jpg,2026-08-30T12:52:22.007+00:00,1920,1080,190.98,auto,unannotated
S007_SE01_CAP000253_CAM02,CAP000253,CAM02,02_data\private_raw\S007\SE01\CAM02\S007_SE01_CAP000253_CAM02.jpg,2026-08-30T12:52:22.007+00:00,1920,1080,239.14,auto,unannotated
S007_SE01_CAP000254_CAM01,CAP000254,CAM01,02_data\private_raw\S007\SE01\CAM01\S007_SE01_CAP000254_CAM01.jpg,2026-08-30T12:52:23.367+00:00,1920,1080,49.02,auto,unannotated
S007_SE01_CAP000254_CAM02,CAP000254,CAM02,02_data\private_raw\S007\SE01\CAM02\S007_SE01_CAP000254_CAM02.jpg,2026-08-30T12:52:23.396+00:00,1920,1080,240.05,auto,unannotated
S007_SE01_CAP000255_CAM01,CAP000255,CAM01,02_data\private_raw\S007\SE01\CAM01\S007_SE01_CAP000255_CAM01.jpg,2026-08-30T12:52:30.096+00:00,1920,1080,181.97,auto,unannotated
S007_SE01_CAP000255_CAM02,CAP000255,CAM02,02_data\private_raw\S007\SE01\CAM02\S007_SE01_CAP000255_CAM02.jpg,2026-08-30T12:52:30.116+00:00,1920,1080,241.89,auto,unannotated
S007_SE01_CAP000256_CAM01,CAP000256,CAM01,02_data\private_raw\S007\SE01\CAM01\S007_SE01_CAP000256_CAM01.jpg,2026-08-30T12:52:31.503+00:00,1920,1080,182.55,auto,unannotated
S007_SE01_CAP000256_CAM02,CAP000256,CAM02,02_data\private_raw\S007\SE01\CAM02\S007_SE01_CAP000256_CAM02.jpg,2026-08-30T12:52:31.493+00:00,1920,1080,241.01,auto,unannotated
S007_SE01_CAP000257_CAM01,CAP000257,CAM01,02_data\private_raw\S007\SE01\CAM01\S007_SE01_CAP000257_CAM01.jpg,2026-08-30T12:52:32.898+00:00,1920,1080,48.65,auto,unannotated
S007_SE01_CAP000257_CAM02,CAP000257,CAM02,02_data\private_raw\S007\SE01\CAM02\S007_SE01_CAP000257_CAM02.jpg,2026-08-30T12:52:32.917+00:00,1920,1080,241.89,auto,unannotated
S007_SE01_CAP000258_CAM01,CAP000258,CAM01,02_data\private_raw\S007\SE01\CAM01\S007_SE01_CAP000258_CAM01.jpg,2026-08-30T12:52:34.182+00:00,1920,1080,181.75,auto,unannotated
S007_SE01_CAP000258_CAM02,CAP000258,CAM02,02_data\private_raw\S007\SE01\CAM02\S007_SE01_CAP000258_CAM02.jpg,2026-08-30T12:52:34.182+00:00,1920,1080,239.86,auto,unannotated
S007_SE01_CAP000259_CAM01,CAP000259,CAM01,02_data\private_raw\S007\SE01\CAM01\S007_SE01_CAP000259_CAM01.jpg,2026-08-30T12:52:35.304+00:00,1920,1080,182.79,auto,unannotated
S007_SE01_CAP000259_CAM02,CAP000259,CAM02,02_data\private_raw\S007\SE01\CAM02\S007_SE01_CAP000259_CAM02.jpg,2026-08-30T12:52:35.304+00:00,1920,1080,239.85,auto,unannotated
S007_SE01_CAP000260_CAM01,CAP000260,CAM01,02_data\private_raw\S007\SE01\CAM01\S007_SE01_CAP000260_CAM01.jpg,2026-08-30T12:52:51.089+00:00,1920,1080,185.06,auto,unannotated
S007_SE01_CAP000260_CAM02,CAP000260,CAM02,02_data\private_raw\S007\SE01\CAM02\S007_SE01_CAP000260_CAM02.jpg,2026-08-30T12:52:51.107+00:00,1920,1080,236.77,auto,unannotated
S007_SE01_CAP000261_CAM01,CAP000261,CAM01,02_data\private_raw\S007\SE01\CAM01\S007_SE01_CAP000261_CAM01.jpg,2026-08-30T12:52:52.906+00:00,1920,1080,186.15,auto,unannotated
S007_SE01_CAP000261_CAM02,CAP000261,CAM02,02_data\private_raw\S007\SE01\CAM02\S007_SE01_CAP000261_CAM02.jpg,2026-08-30T12:52:52.910+00:00,1920,1080,238.36,auto,unannotated
S007_SE01_CAP000262_CAM01,CAP000262,CAM01,02_data\private_raw\S007\SE01\CAM01\S007_SE01_CAP000262_CAM01.jpg,2026-08-30T12:52:54.697+00:00,1920,1080,185.65,auto,unannotated
S007_SE01_CAP000262_CAM02,CAP000262,CAM02,02_data\private_raw\S007\SE01\CAM02\S007_SE01_CAP000262_CAM02.jpg,2026-08-30T12:52:54.699+00:00,1920,1080,235.79,auto,unannotated
S007_SE01_CAP000263_CAM01,CAP000263,CAM01,02_data\private_raw\S007\SE01\CAM01\S007_SE01_CAP000263_CAM01.jpg,2026-08-30T12:52:56.019+00:00,1920,1080,183.8,auto,unannotated
S007_SE01_CAP000263_CAM02,CAP000263,CAM02,02_data\private_raw\S007\SE01\CAM02\S007_SE01_CAP000263_CAM02.jpg,2026-08-30T12:52:56.037+00:00,1920,1080,236.63,auto,unannotated
S007_SE01_CAP000264_CAM01,CAP000264,CAM01,02_data\private_raw\S007\SE01\CAM01\S007_SE01_CAP000264_CAM01.jpg,2026-08-30T12:52:57.145+00:00,1920,1080,98.75,auto,unannotated
S007_SE01_CAP000264_CAM02,CAP000264,CAM02,02_data\private_raw\S007\SE01\CAM02\S007_SE01_CAP000264_CAM02.jpg,2026-08-30T12:52:57.160+00:00,1920,1080,238.38,auto,unannotated
S007_SE01_CAP000265_CAM01,CAP000265,CAM01,02_data\private_raw\S007\SE01\CAM01\S007_SE01_CAP000265_CAM01.jpg,2026-08-30T12:53:06.038+00:00,1920,1080,174.44,auto,unannotated
S007_SE01_CAP000265_CAM02,CAP000265,CAM02,02_data\private_raw\S007\SE01\CAM02\S007_SE01_CAP000265_CAM02.jpg,2026-08-30T12:53:06.042+00:00,1920,1080,243.38,auto,unannotated
S007_SE01_CAP000266_CAM01,CAP000266,CAM01,02_data\private_raw\S007\SE01\CAM01\S007_SE01_CAP000266_CAM01.jpg,2026-08-30T12:53:11.391+00:00,1920,1080,153.41,auto,unannotated
S007_SE01_CAP000266_CAM02,CAP000266,CAM02,02_data\private_raw\S007\SE01\CAM02\S007_SE01_CAP000266_CAM02.jpg,2026-08-30T12:53:11.364+00:00,1920,1080,222.79,auto,unannotated
S007_SE01_CAP000267_CAM01,CAP000267,CAM01,02_data\private_raw\S007\SE01\CAM01\S007_SE01_CAP000267_CAM01.jpg,2026-08-30T12:53:14.643+00:00,1920,1080,203.28,auto,unannotated
S007_SE01_CAP000267_CAM02,CAP000267,CAM02,02_data\private_raw\S007\SE01\CAM02\S007_SE01_CAP000267_CAM02.jpg,2026-08-30T12:53:14.632+00:00,1920,1080,241.83,auto,unannotated
